;storm_code;shear_kt;sst_c;rh_pct;heat_content;storm_bearing_deg;storm_motion_kt;lat_hurdat2;lon_hurdat2;lat_s;lon_s
0;AL022023;13;28.7;80;39;295;6;21;-93.9;21.2;-93.8
1;AL022023;11;28.7;76;40;300;7;21.2;-94.5;21.7;-94.6
2;AL022023;9;28.6;75;42;285;7;21.3;-95.3;21.3;-95.3
3;AL022023;6;28.6;80;41;270;6;21.4;-95.6;21.1;-95.8
4;AL022023;9;28.5;83;40;280;3;21.6;-96.1;21.4;-95.8
5;AL022023;10;28.2;77;7;280;5;21.6;-97;21.6;-97
6;AL022023;12;28.2;78;0;270;7;21.6;-97.3;21.6;-97.5
7;AL022023;11;28.2;82;27;265;6;21.5;-98.1;21.5;-98.1
8;AL022023;11;28.4;80;0;250;7;21.1;-98.7;21.1;-98.7
9;AL032023;10;27.8;58;18;150;2;27.5;-78.1;27.5;-78.1
10;AL032023;10;28;56;4;160;4;27.1;-78;27.1;-78
11;AL032023;11;28.4;54;19;45;4;27.4;-77.5;27.4;-77.5
12;AL032023;9;28.1;50;16;30;6;27.8;-77.1;28.1;-77.2
13;AL032023;12;28;49;15;30;6;28.4;-76.8;28.5;-76.8
14;AL032023;18;27.8;44;14;15;6;29;-76.6;29;-76.7
15;AL032023;28;27.7;46;12;30;6;29.5;-76.2;29.6;-76.1
16;AL032023;30;27.6;43;17;30;6;30;-75.8;30.1;-75.8
17;AL032023;29;27.6;50;15;40;6;30.5;-75.3;30.4;-75.3
18;AL032023;30;27.5;52;15;50;6;30.9;-74.7;30.8;-74.7
19;AL032023;29;27.4;51;17;45;8;31.4;-74.1;31.4;-74.1
20;AL032023;24;27.3;49;18;50;7;31.9;-73.4;31.6;-73.5
21;AL032023;33;27;47;8;50;8;32.4;-72.7;32.5;-72.6
22;AL032023;32;26.8;47;7;50;8;33;-72;32.9;-72.1
23;AL032023;42;26.6;46;5;55;8;33.5;-71.2;33.5;-71.1
24;AL032023;37;26.4;46;5;60;9;34.1;-70.1;33.9;-70.2
25;AL032023;46;26.5;45;9;50;11;35.1;-68.9;35.1;-68.9
26;AL032023;37;26.9;46;9;45;16;36.2;-67.4;36.2;-67.4
27;AL032023;35;26.6;45;7;55;18;37.3;-65.2;37.2;-65.2
28;AL042023;29;26.3;54;1;55;22;34.5;-54.7;34.5;-54.7
29;AL042023;25;25.7;53;0;55;21;35.8;-52.5;35.6;-52.5
30;AL042023;18;24.7;48;0;50;23;37.4;-50.5;37.5;-50.1
31;AL042023;14;23.3;44;0;40;25;39.4;-48.4;39.4;-48.4
32;AL042023;9;21.6;44;0;40;24;41.3;-46.1;41.4;-46.2
33;AL042023;22;19.9;50;0;50;23;43.8;-41.2;43.7;-41.2
34;AL042023;25;19;53;0;60;23;45.1;-38.6;44.9;-38.4
35;AL042023;27;16.8;55;0;55;24;46.7;-35.6;46.3;-35.7
36;AL042023;24;14.5;56;0;50;25;48.4;-32.1;48.3;-32.9
37;AL052023;5;28.6;61;3;295;9;22;-86.7;22.3;-87
38;AL052023;1;28.5;61;9;300;8;22.3;-87.4;22.5;-87.6
39;AL052023;8;28.4;60;9;300;9;22.9;-88.4;22.8;-88.3
40;AL052023;11;28.9;63;28;305;11;23.7;-89.5;23.7;-89.5
41;AL052023;14;29.3;58;25;305;14;24.2;-90.7;24.5;-90.7
42;AL052023;10;29.2;55;35;300;13;24.6;-91.9;24.6;-91.9
43;AL052023;15;29.2;52;58;295;12;25.1;-93.1;25.1;-93
44;AL052023;17;28.8;58;42;300;12;25.8;-94.3;25.8;-94.3
45;AL052023;14;28.3;59;34;300;14;26.4;-95.5;26.5;-95.6
46;AL052023;9;27.7;55;2;300;14;27;-96.9;27.1;-97
47;AL052023;14;27.8;50;0;300;13;27.8;-98.1;27.7;-98.1
48;AL072023;6;28.8;54;72;275;17;14.9;-61.4;15.3;-62.2
49;AL072023;2;28.9;53;81;275;16;15.1;-62.5;15.5;-63.6
50;AL072023;4;28.9;53;81;275;11;15.4;-63.6;15.4;-63.7
51;AL072023;6;29;56;77;275;8;15.7;-64.8;15.6;-64.8
52;AL072023;7;29;59;76;285;12;16;-66.2;16;-66.2
53;AL072023;16;28.9;58;82;285;12;16.3;-67.7;16.3;-67.5
54;AL072023;12;28.8;60;99;280;12;16.6;-69.1;16.6;-68.9
55;AL072023;15;28.8;61;94;280;13;16.8;-70.3;16.8;-70.3
56;AL072023;16;28.9;60;89;280;8;16.9;-70.7;16.9;-70.7
57;AL072023;17;28.9;59;87;280;4;16.9;-71.3;17;-71.2
58;AL072023;20;28.8;65;86;280;5;17.3;-72.2;17.2;-71.7
59;AL072023;16;28.9;62;98;300;8;17.9;-73.4;18;-72.8
60;AL072023;13;29;64;76;325;11;18.8;-74.6;19.6;-73.2
61;AL072023;23;29.1;65;69;345;14;19.8;-75.5;20.9;-73.9
62;AL072023;16;29.5;56;78;325;16;21;-76.3;22;-76.5
63;AL072023;9;29.8;58;69;310;15;22.4;-76.9;23;-78
64;AL072023;8;29.7;57;59;315;6;23.6;-77.4;22.8;-77.2
65;AL072023;11;29.9;57;22;335;10;24.6;-77.9;24.6;-77.9
66;AL072023;14;29.8;57;6;340;10;25.6;-78.1;25.6;-78
67;AL072023;18;29.8;56;20;0;6;26.4;-78.2;26;-78
68;AL072023;15;29.4;59;8;0;7;27.2;-78.1;27.1;-78.2
69;AL072023;19;29.1;55;42;5;8;28.4;-77.4;28;-77.8
70;AL072023;27;28.6;59;29;30;15;29.7;-76.4;29.7;-76.6
71;AL072023;20;28.3;56;30;55;14;30.7;-74.8;30.6;-75.1
72;AL082023;15;26.6;48;4;65;19;36.6;-63;36.1;-62.3
73;AL082023;21;26.4;43;0;58;17;37.6;-61.1;37.3;-61.2
74;AL082023;35;26;43;0;55;19;38.6;-59;38.6;-58.9
75;AL082023;28;25.2;43;0;55;19;39.6;-56.3;39.4;-56.7
76;AL082023;28;24.7;42;0;65;23;40.2;-53.2;40.2;-53.3
77;AL062023;12;28.8;60;32;290;9;27.5;-61.5;27.7;-61.2
78;AL062023;10;28.8;59;30;300;9;27.7;-62.3;28.2;-62.1
79;AL062023;6;28.9;57;30;285;6;28.1;-62.9;28.1;-62.9
80;AL062023;6;28.8;56;29;325;6;28.8;-63.1;28.6;-63.1
81;AL062023;4;28.5;59;24;345;8;29.6;-63.3;29.5;-63.2
82;AL062023;11;27.9;57;8;355;12;30.6;-63.4;30.9;-63.4
83;AL062023;10;27.9;57;8;0;9;31.6;-63.2;31.5;-63.3
84;AL062023;9;27.6;62;9;15;10;32.9;-62.7;32.6;-63
85;AL062023;15;27.2;64;5;25;13;34.2;-61.6;33.9;-62.2
86;AL062023;21;26.5;63;0;30;15;35.6;-60.3;35.5;-60.6
87;AL062023;16;25.8;61;0;40;23;37.1;-58.1;37.3;-58.5
88;AL062023;13;25;59;0;50;25;38.6;-55.8;38.6;-55.9
89;AL092017;12;29.2;65;4;270;11;15.7;-82.7;15.5;-82.8
90;AL092017;9;29.2;67;7;275;10;15.9;-83.4;16;-83.3
91;AL092017;10;29.4;65;69;290;10;16;-84.1;16.4;-84.3
92;AL092017;7;29.4;71;16;275;7;16.1;-84.9;16.1;-84.7
93;AL092017;9;29.5;70;46;275;9;16.3;-85.8;16.3;-85.7
94;AL092017;14;29.5;71;92;285;11;16.6;-87;16.7;-87
95;AL092017;17;29.7;72;0;285;12;17;-88.3;17;-88.3
96;AL092017;11;29.5;74;0;285;13;17.3;-89.6;17.3;-89.6
97;AL092017;10;29.3;71;0;280;17;17.6;-90.8;17.5;-91.5
98;AL092017;16;29.3;75;0;280;12;18;-92;17.6;-91.9
99;AL092017;14;29.3;73;0;290;12;18.5;-93.3;18.4;-93.3
100;AL092017;7;29.4;76;25;300;11;18.7;-94.8;19;-94.2
101;AL092017;8;29.5;78;36;260;11;18.6;-96.2;18.5;-95.7
102;AL092017;12;29.3;80;0;260;11;18.1;-97.2;18.2;-96.7
103;AL092011;3;28.8;55;67;280;19;15;-59;15;-59
104;AL092011;8;28.7;56;74;280;18;16;-60.6;16;-60.4
105;AL092011;6;28.8;57;76;290;18;16.8;-62.2;16.8;-62.4
106;AL092011;4;28.8;56;73;295;16;17.5;-63.7;17.5;-63.7
107;AL092011;10;28.8;57;70;285;13;17.9;-65;17.9;-65
108;AL092011;11;28.8;58;42;290;10;18.2;-65.9;18.2;-65.9
109;AL092011;9;29;54;55;295;12;18.9;-67;18.9;-67
110;AL092011;8;28.9;58;54;295;11;19.3;-68;19.3;-68.1
111;AL092011;14;28.9;54;62;295;10;19.7;-68.8;19.7;-68.7
112;AL092011;21;28.9;54;65;295;10;20.1;-69.7;20.1;-69.7
113;AL092011;15;28.9;52;66;295;10;20.4;-70.6;20.6;-70.6
114;AL092011;15;29;55;73;295;8;20.7;-71.2;20.7;-71.2
115;AL092011;15;29;57;72;295;8;21;-71.9;21.1;-72
116;AL092011;15;29;56;69;295;7;21.3;-72.5;21.3;-72.5
117;AL092011;23;29.1;59;70;300;8;21.9;-73.3;21.9;-73.3
118;AL092011;13;29.2;63;66;310;10;22.7;-74.3;22.7;-74.3
119;AL092011;7;29.4;63;2;315;10;23.5;-75.1;23.5;-75
120;AL092011;13;29.7;61;38;315;10;24.1;-75.9;24.1;-75.9
121;AL092011;12;29.7;67;35;335;12;25.4;-76.6;25.4;-76.6
122;AL092011;12;29.4;67;28;335;13;26.5;-77.2;26.5;-77.2
123;AL092011;8;29.1;67;45;340;13;27.7;-77.3;27.7;-77.4
124;AL092011;12;29;64;34;0;11;28.8;-77.3;28.7;-77.2
125;AL092011;13;29;66;45;0;12;30;-77.4;30;-77.3
126;AL092011;13;29.1;62;51;0;12;31.1;-77.5;31.2;-77.5
127;AL092011;9;28.7;59;36;20;12;32.1;-77.1;33.4;-76.6
128;AL092011;8;28.7;58;36;20;12;33.4;-76.8;33.4;-76.6
129;AL092011;17;28.4;56;1;10;13;34.7;-76.6;34.7;-76.6
130;AL092011;10;28;51;21;10;11;35.5;-76.3;35.5;-76.3
131;AL092011;19;27.3;53;0;20;13;36.7;-75.7;36.7;-75.7
132;AL092011;24;26.4;57;0;20;15;38.1;-75;38.1;-75
133;AL092011;35;24.4;54;0;20;23;40.3;-74.1;40.3;-74.1
134;AL092011;41;21.9;51;0;20;22;42.5;-73.1;42.3;-73.3
135;AL092011;58;18.2;51;0;25;22;44.2;-72.1;44.2;-72.1
136;AL102020;21;27.3;51;9;285;13;13.1;-31.2;13.1;-31.4
137;AL102020;19;27.1;54;8;290;10;13.5;-32.1;13.6;-32.1
138;AL102020;22;27;52;7;295;8;13.9;-32.9;13.9;-32.8
139;AL102020;20;26.8;47;5;295;8;14.4;-33.3;14.3;-33.5
140;AL102020;14;26.7;46;3;300;7;14.8;-33.5;14.7;-34
141;AL102020;10;26.3;46;2;320;7;15.3;-33.7;15.4;-34.1
142;AL102020;7;26.1;49;1;330;6;15.8;-33.9;15.8;-33.9
143;AL112023;47;28.3;56;13;340;10;30.9;-65.7;30.9;-65.7
144;AL112023;34;28.1;57;17;350;14;32.4;-65.8;32.3;-65.7
145;AL112023;31;27.9;51;28;0;18;34.2;-65.6;34.1;-65.6
146;AL112023;28;28.2;46;35;10;20;36.2;-65.1;36.2;-65.2
147;AL112023;34;27.7;43;13;15;24;38.3;-63.8;38.4;-63.7
148;AL122023;20;28;76;21;270;13;9.5;-25.6;9.3;-25.7
149;AL122023;22;27.8;71;15;275;13;9.9;-27;9.7;-27
150;AL122023;21;27.7;72;16;280;12;10.6;-28.2;10;-27.9
151;AL122023;23;27.5;71;21;290;13;11;-29.6;10.8;-29.4
152;AL122023;17;27.6;69;14;290;14;11.5;-31.1;11.5;-30.8
153;AL122023;13;27.8;65;13;290;16;12;-32.9;12;-32.6
154;AL122023;5;28;60;17;285;18;12.6;-34.6;12.5;-34.6
155;AL122023;3;27.9;61;15;285;19;13.1;-36.4;13.1;-36.6
156;AL122023;4;27.8;61;19;285;18;13.6;-38.2;13.6;-38.3
157;AL122023;4;27.8;60;29;286;18;14;-40;14;-40
158;AL122023;7;27.8;59;26;285;17;14.4;-41.8;14.4;-41.7
159;AL122023;6;27.8;60;29;285;18;14.8;-43.5;14.8;-43.6
160;AL122023;7;27.9;61;27;280;17;15.1;-45.2;15.1;-45.2
161;AL122023;6;28;59;33;280;16;15.3;-46.9;15.3;-46.9
162;AL122023;12;28.1;58;44;280;16;15.7;-48.5;15.8;-48.6
163;AL122023;18;28.2;61;61;290;16;16.2;-50;16.5;-50
164;AL122023;22;28.3;59;74;290;15;16.8;-51.2;16.8;-51.3
165;AL122023;19;28.4;64;72;300;12;17.4;-52.1;17.5;-52.1
166;AL122023;19;28.5;63;73;305;9;18;-53;17.9;-52.7
167;AL122023;19;28.5;64;69;300;9;18.4;-53.9;18.3;-53.9
168;AL122023;24;28.5;56;63;305;10;18.8;-54.7;19;-54.7
169;AL122023;28;28.6;57;60;305;9;19.4;-55.4;19.3;-55.4
170;AL122023;21;28.8;54;63;300;9;19.9;-56.2;19.6;-56.4
171;AL122023;21;28.9;54;71;300;8;20.4;-57.1;20;-57
172;AL122023;19;29;50;77;305;10;21.1;-57.9;21.1;-58
173;AL122023;15;29;47;66;305;10;21.7;-58.8;21.6;-58.8
174;AL122023;15;29.1;46;52;305;10;22.3;-59.7;22.3;-59.7
175;AL122023;14;29.1;43;48;310;10;23;-60.6;23;-60.6
176;AL122023;12;29.1;43;56;305;11;23.6;-61.6;23.6;-61.5
177;AL122023;6;29.3;45;56;305;11;24.2;-62.6;24.2;-62.6
178;AL122023;5;29.3;46;51;310;10;24.8;-63.4;24.8;-63.4
179;AL122023;8;29.2;44;48;315;9;25.6;-64;25.6;-64
180;AL122023;9;29.1;45;46;315;9;26.2;-64.8;26.2;-64.8
181;AL122023;9;29.1;45;44;310;9;26.7;-65.6;26.7;-65.6
182;AL122023;14;29;47;36;310;9;27.3;-66.2;27.3;-66.4
183;AL122023;17;29;47;31;315;8;27.7;-66.9;27.8;-66.9
184;AL122023;10;28.9;49;27;315;9;28.2;-67.6;28.4;-67.6
185;AL122023;19;28.8;53;29;315;9;28.8;-68.4;29;-68.4
186;AL122023;18;28.7;52;24;310;9;29.4;-69.3;29.4;-69.3
187;AL122023;16;28.4;54;20;330;11;30.3;-69.9;30.3;-69.9
188;AL122023;18;28;60;10;330;10;31.5;-70.1;31.4;-70.2
189;AL122023;14;27.5;64;17;0;15;32.8;-70.2;33;-70.2
190;AL122023;9;27.3;57;7;5;14;34.1;-70;34.2;-70
191;AL122023;4;27.1;59;13;20;17;35.6;-69.4;35.6;-69.4
192;AL122023;14;27.2;57;6;20;14;37.1;-68.4;36.9;-68.5
193;AL122023;21;26.5;58;2;35;17;38.5;-67.1;38.5;-67.1
194;AL122023;18;25.8;52;1;50;23;39.8;-64.6;39.8;-64.6
195;AL122023;16;24.3;48;0;70;35;41;-60.5;40.6;-60.5
196;AL122023;29;21.7;44;0;60;31;42.2;-56.1;42.6;-56.1
197;AL122023;45;18.7;43;0;70;42;43.5;-50.6;43.6;-50.5
198;AL122023;58;18.9;45;0;65;53;45.4;-43.7;45.8;-43.7
199;AL132023;20;30.8;70;161;315;2;26.6;-91.4;26.6;-91.4
200;AL132023;26;30.8;67;154;0;0;26.9;-91.4;26.3;-91.5
201;AL132023;18;30.8;64;134;0;1;27.2;-91.4;27;-91.6
202;AL132023;13;30.9;61;119;325;2;27.5;-91.4;27.4;-91.5
203;AL132023;18;31;56;84;0;4;28;-91.5;28;-91.5
204;AL132023;15;31;54;19;345;6;28.5;-91.8;28.5;-91.8
205;AL132023;12;31.1;54;13;355;5;29;-92;29;-91.9
206;AL132023;10;31;53;9;0;3;29.2;-92.2;29.2;-92.1
207;AL132023;10;31;53;4;325;3;29.4;-92.5;29.5;-92.4
208;AL132023;7;31;55;4;0;2;29.5;-92.5;29.5;-92.5
209;AL132023;10;31;59;3;45;3;29.7;-92;29.7;-92
210;AL132023;13;30.8;67;46;30;4;30.3;-91.8;30.4;-91.8
211;AL132023;19;30.5;66;45;10;5;30.4;-91.6;30.9;-91.7
212;AL132023;25;30.7;55;0;90;7;30.6;-90.1;30.4;-90.2
213;AL152017;2;28.4;70;20;280;15;11.5;-35.9;11.5;-35.8
214;AL152017;6;28.4;71;20;280;14;11.9;-37.5;11.4;-37.2
215;AL152017;3;28.3;65;22;280;16;12.3;-39.1;11.8;-39
216;AL152017;14;28.1;62;29;285;17;12.8;-41;12.8;-41
217;AL152017;11;28.2;58;26;285;20;13;-43;13.2;-43.1
218;AL152017;12;28.3;58;31;275;20;13.2;-45.2;13.3;-45.2
219;AL152017;14;28.4;59;45;275;20;13.2;-47.7;13.4;-47.2
220;AL152017;17;28.8;58;62;269;22;13;-50.1;13;-50.2
221;AL152017;17;28.9;57;70;270;20;13.2;-52.1;13.1;-51.8
222;AL152017;13;29.1;60;74;275;18;13.5;-53.7;13.2;-53.7
223;AL152017;11;29.2;61;86;275;18;13.9;-55.2;13.4;-55.5
224;AL152017;9;29.2;62;93;285;16;14.3;-56.6;14;-57
225;AL152017;7;29.2;65;91;285;13;14.9;-57.9;14.4;-58
226;AL152017;8;29.1;64;85;285;12;15.4;-59;14.9;-59.1
227;AL152017;8;29.1;66;78;300;10;16;-60;15.5;-59.8
228;AL152017;17;29;62;66;310;13;16.9;-61.1;16.9;-61.2
229;AL152017;13;29;64;75;310;11;17.8;-62;17.5;-62
230;AL152017;21;29.1;62;49;315;9;18.3;-62.7;18.2;-62.5
231;AL152017;22;29.1;59;71;310;9;18.7;-63.4;18.6;-63.3
232;AL152017;23;29.1;58;67;290;8;19.1;-64.1;18.8;-64
233;AL152017;19;29.1;59;70;300;9;19.6;-64.7;19.5;-64.9
234;AL152017;27;29.1;61;65;305;9;20;-65.3;20;-65.6
235;AL152017;31;29.1;60;65;305;8;20.4;-66.1;20.5;-66
236;AL152017;24;29.2;62;70;285;8;20.6;-66.9;20.6;-67
237;AL152017;19;29.2;61;71;295;2;20.8;-67.1;20.8;-67.1
238;AL152017;16;29.2;63;73;320;4;21;-67.3;21.2;-67.4
239;AL152017;14;29.2;61;73;325;4;21.3;-67.5;21.4;-67.6
240;AL152017;23;29.2;64;75;330;5;21.7;-67.7;21.9;-67.9
241;AL152017;15;29.2;67;77;345;4;22.3;-68;22.1;-67.9
242;AL152017;10;29.1;70;75;350;7;23.1;-68.5;23;-68.1
243;AL152017;13;29.1;68;69;345;9;23.9;-69;23.8;-68.5
244;AL152017;15;29.1;65;59;330;8;24.7;-69.3;24.5;-69.4
245;AL152017;10;28.9;71;40;0;11;25.8;-69.3;25.6;-69.4
246;AL152017;13;28.2;67;22;15;15;27.2;-68.9;27.2;-68.9
247;AL152017;15;27.3;62;13;10;16;28.8;-68.4;29;-68.6
248;AL152017;17;27.1;61;8;15;25;30.9;-67.8;31.2;-67.8
249;AL152017;19;27.6;58;19;25;28;33.7;-66.9;33.8;-66.6
250;AL152017;30;27.7;53;22;30;35;36.8;-64.8;36.8;-64.9
251;AL152017;36;25.3;52;0;35;38;39.8;-62.1;40;-62
252;AL152017;37;20.7;52;0;40;42;42.9;-58.2;42.8;-58.2
253;AL152017;39;14.9;46;0;35;48;46.7;-53.9;46.5;-54
254;AL162017;12;29.8;60;34;110;2;20.3;-92.6;20.2;-92.5
255;AL162017;8;29.9;56;37;90;2;20.2;-92.5;20.4;-92.6
256;AL162017;9;29.8;54;39;90;2;20.1;-92.4;20.4;-92.4
257;AL162017;10;29.8;54;37;90;1;19.9;-92.3;20.3;-92.4
258;AL162017;13;29.6;52;28;160;3;19.7;-92.3;19.7;-92.3
259;AL162017;10;29.6;53;27;150;1;19.7;-92.1;19.7;-92.2
260;AL162017;3;29.7;52;32;0;0;19.9;-92.2;19.9;-92.2
261;AL162017;3;29.8;52;35;315;3;20;-92.4;20.2;-92.5
262;AL162017;8;29.7;50;30;275;3;20;-92.7;20;-92.7
263;AL162017;3;29.8;51;30;285;2;20;-93;20.1;-92.9
264;AL162017;1;29.8;56;29;270;4;20;-93.4;20;-93.4
265;AL162017;2;29.9;55;35;270;5;20.1;-93.8;20;-94
266;AL162017;6;30;54;38;270;4;20.1;-94.2;20.1;-94.2
267;AL162017;5;30;56;42;270;4;20.1;-94.7;20.1;-94.7
268;AL162017;10;29.9;59;41;260;5;20;-95.4;19.9;-95.3
269;AL162017;8;30;55;14;275;7;20.3;-96.4;20.3;-96.4
270;AL162017;4;30;54;65;285;7;20.5;-97.2;20.5;-97.2
271;AL162017;4;30;58;0;280;7;20.5;-97.8;20.5;-98
272;AL162023;17;28;68;26;280;10;12.7;-41.1;12.6;-41.2
273;AL162023;18;28;62;25;280;13;12.9;-42.6;13.1;-42.8
274;AL162023;11;27.9;62;18;285;14;13.1;-44.1;13.5;-44
275;AL162023;16;27.9;59;23;280;13;13.3;-45.2;13.6;-45.4
276;AL162023;19;28.1;58;34;275;12;13.5;-46.3;13.3;-46.5
277;AL162023;15;28;59;36;280;12;13.7;-47.3;13.6;-47.5
278;AL162023;19;28.1;60;41;280;11;13.9;-48.3;13.8;-48.3
279;AL162023;24;28.2;59;48;280;10;14.1;-49.4;13.8;-49.3
280;AL162023;27;28.3;60;52;285;11;14.4;-50.5;14.3;-50.4
281;AL162023;24;28.5;61;65;280;16;14.7;-51.7;14.5;-52
282;AL162023;19;28.4;58;63;290;14;15.2;-52.9;15.4;-53.2
283;AL162023;23;28.4;58;62;300;11;15.8;-54;15.6;-54
284;AL162023;27;28.3;54;62;305;11;16.5;-54.8;16.5;-54.7
285;AL162023;28;28.3;55;57;315;11;17.2;-55.9;17.5;-55.6
286;AL162023;26;28.5;56;61;305;13;17.6;-57;17.7;-57
287;AL162023;26;28.6;55;65;290;11;17.9;-58;18.1;-58
288;AL162023;27;28.5;53;65;290;9;18.2;-59;18.3;-58.8
289;AL162023;27;28.6;51;66;270;10;18.4;-59.8;18.2;-60
290;AL162023;22;28.6;51;64;285;7;18.6;-60.5;18.4;-60.6
291;AL162023;22;28.6;52;62;280;7;18.5;-60.8;18.6;-61.3
292;AL162023;19;28.6;50;62;280;7;18.3;-60.7;18.6;-61.3
293;AL162023;9;28.4;50;60;285;4;18;-60.5;18.5;-58
294;AL162023;4;28.4;49;60;285;4;17.8;-60.2;19;-59.4
295;AL162023;7;28.4;48;60;290;3;17.6;-59.9;19.1;-59.4
296;AL162023;12;28.4;47;57;295;4;17.6;-59.5;19.7;-59.9
297;AL162023;12;28.5;49;62;285;3;17.8;-59.3;18.5;-59.5
298;AL162023;7;28.8;50;70;285;4;18;-59.4;17.5;-60.3
299;AL162023;13;28.6;50;64;0;0;18.1;-59.5;18.3;-59.5
300;AL162023;17;28.5;48;64;300;3;18.2;-59.6;18.4;-59.7
301;AL162023;18;28.6;52;65;305;1;18.4;-59.8;18.4;-59.9
302;AL162023;19;28.5;52;62;330;7;18.7;-60.1;19;-60.4
303;AL162023;25;28.5;55;61;330;5;19.1;-60.5;19.2;-60.5
304;AL162023;23;28.4;55;58;325;6;19.6;-60.9;19.7;-60.9
305;AL162023;23;28.4;59;49;320;7;20.2;-61.4;20.5;-61.6
306;AL162023;19;28.3;59;45;320;8;21;-61.9;20.9;-62.1
307;AL162023;20;28.3;60;43;325;7;21.6;-62.3;21.4;-62.1
308;AL162023;19;28.3;57;43;335;6;22.4;-62.7;22;-62.5
309;AL162023;16;28.1;55;40;340;7;23.4;-63;22.9;-62.7
310;AL162023;10;27.9;56;29;350;10;24.6;-63.3;24.1;-62.9
311;AL162023;15;27.5;56;21;355;14;25.9;-63.3;25.6;-63
312;AL162023;12;27.4;52;19;355;15;27.3;-63.2;27;-63.1
313;AL162023;12;27.8;58;26;0;15;28.9;-63.1;28.5;-62.9
314;AL162023;9;28.1;63;14;0;17;30.7;-62.9;30.4;-62.8
315;AL162023;11;28;64;9;10;22;32.8;-62.5;32.6;-62.4
316;AL162023;16;27.4;61;8;5;24;35;-62.1;35;-62.1
317;AL162023;13;26.3;63;3;15;27;37.4;-61.6;37.4;-61.4
318;AL162023;20;22.8;65;0;15;29;40.1;-60.8;40.3;-60.4
319;AL162023;28;18.6;63;0;15;26;42.8;-59.6;42.5;-59.7
320;AL162023;36;13.9;60;0;55;37;45.4;-57.6;45.5;-56.5
321;AL162023;34;11.6;54;0;30;29;47.4;-54;47.3;-54.1
322;AL172023;11;27.8;69;15;280;13;11;-24.7;10.5;-24.5
323;AL172023;8;27.7;67;12;285;14;11.1;-26.1;10.8;-26
324;AL172023;7;27.7;61;9;280;14;11.2;-27.3;11;-27.4
325;AL172023;7;27.8;59;12;285;11;11.5;-28.4;11.4;-28.3
326;AL172023;7;27.9;54;15;290;11;12.1;-29.4;11.9;-29.3
327;AL172023;4;28;54;15;295;10;12.7;-30.3;12.3;-30.2
328;AL172023;10;28.1;54;13;295;11;13.2;-31.2;12.9;-31.3
329;AL172023;7;27.9;56;12;300;11;13.8;-32.1;13.8;-32.1
330;AL172023;12;27.6;58;10;300;11;14.4;-33;14.4;-33.1
331;AL172023;15;27.4;60;10;305;11;14.9;-33.6;15;-34
332;AL172023;14;27.3;59;10;310;8;15.3;-34.1;15.1;-34.2
333;AL172023;14;27.2;60;9;315;7;15.4;-34.4;15.7;-34.6
334;AL172023;19;27.1;61;9;315;6;15.5;-34.7;15.9;-34.9
335;AL172023;20;27.2;59;9;305;4;15.6;-35.2;15.7;-35.1
336;AL172023;23;27.1;63;9;285;6;15.7;-35.8;15.8;-35.7
337;AL172023;24;27.1;62;9;280;8;15.8;-36.6;15.9;-36.6
338;AL172023;22;27;59;10;290;8;16;-37.4;16.3;-37.6
339;AL172023;26;27.1;61;10;285;8;16.2;-38.4;16.2;-38.2
340;AL172023;25;27;60;11;290;9;16.6;-39.4;16.7;-39.3
341;AL172023;22;27;55;14;290;11;17.1;-40.5;17.1;-40.4
342;AL172023;22;27;54;16;300;11;17.8;-41.5;17.5;-41.3
343;AL172023;12;27.1;54;19;300;11;18.7;-42.3;18.2;-42.2
344;AL172023;8;27.2;51;20;310;11;19.7;-43;19.8;-43.2
345;AL172023;6;27.2;49;22;325;11;20.7;-43.6;20.8;-43.6
346;AL172023;9;27.3;47;23;315;11;21.7;-44.2;21.5;-44.5
347;AL172023;17;27.4;44;21;325;11;22.5;-44.8;22.6;-44.9
348;AL172023;15;27.5;41;22;325;11;23.2;-45.6;23.2;-45.8
349;AL172023;25;27.6;44;23;320;8;23.8;-46.3;23.8;-46.1
350;AL172023;33;27.7;42;22;315;8;24.1;-47;24.3;-46.8
351;AL172023;39;27.8;43;22;300;8;24.4;-47.6;24.6;-47.6
352;AL172023;38;27.9;38;25;300;8;24.8;-48.4;25;-48.6
353;AL172023;37;27.9;41;26;295;8;25.2;-49.3;25.3;-49.3
354;AL172023;41;28;45;27;285;9;25.8;-50.3;25.5;-50.3
355;AL172023;44;28;45;26;295;10;26.2;-51.2;26.2;-51.2
356;AL172023;39;28.1;44;26;285;10;26.3;-52.3;26.3;-52.3
357;AL172023;38;28.1;44;28;270;10;26.2;-53.2;26.2;-53.3
358;AL172023;32;28.1;42;30;265;10;25.6;-54;25.9;-54.3
359;AL172023;31;28.2;41;31;250;10;24.9;-54.8;24.8;-54.9
360;AL172023;25;28.2;42;29;255;10;24.3;-55.6;24.7;-56
361;AL172023;21;28.1;38;32;230;10;23.8;-56.6;23.7;-56.4
362;AL172023;26;28.1;36;30;245;10;23.7;-57.7;23.7;-57.8
363;AL172023;28;28.1;38;31;270;10;23.8;-58.7;23.7;-58.8
364;AL172023;25;28.1;40;33;275;9;24;-59.6;23.9;-59.7
365;AL172023;24;28.1;41;34;300;6;24.3;-60.2;24.4;-60.1
366;AL172023;19;28.1;39;35;300;6;24.7;-60.7;24.6;-60.7
367;AL172023;14;28;40;33;300;5;25.2;-61;25;-61.2
368;AL172023;9;28;41;28;340;5;25.5;-61.1;25.5;-61.3
369;AL172023;10;27.9;41;24;5;6;25.9;-61.1;26.1;-61.1
370;AL172023;10;28;43;22;25;7;26.5;-61;26.5;-60.8
371;AL172023;17;28.1;45;18;25;8;27.4;-60.4;27.4;-60.4
372;AL172023;27;28.2;44;16;35;11;28.2;-59.7;28.3;-59.5
373;AL172023;31;28.3;45;15;45;10;28.7;-58.8;28.9;-58.7
374;AL172023;34;28.3;44;14;56;12;29;-57.7;29.3;-57.1
375;AL172023;36;28.3;47;13;65;12;29.3;-56.5;29.8;-56.2
376;AL172023;43;28.4;48;14;70;11;29.7;-55.1;29.9;-55.1
377;AL172023;40;28.2;46;9;75;14;30.1;-53.5;30.3;-53.4
378;AL172023;45;28;46;8;75;14;30.9;-51.4;30.8;-51.4
379;AL172023;43;27.2;51;7;55;25;32.3;-48.7;32.4;-49
380;AL172023;43;26.2;52;0;55;23;34.4;-46;34.3;-46.8
381;AL172023;47;23.9;54;0;30;31;37.5;-43.6;37.6;-44.4
382;AL182023;16;29.9;65;10;335;7;16;-81.9;16.1;-82
383;AL182023;18;29.9;59;10;330;6;16.5;-82.2;16.5;-82.2
384;AL182023;14;29.6;54;104;325;6;16.9;-82.6;17;-82.7
385;AL182023;17;29.6;52;108;310;5;17.1;-83;17.1;-83
386;AL182023;20;29.6;52;112;295;3;17.2;-83.2;17.2;-83.2
387;AL182023;18;29.7;52;116;290;3;17.3;-83.5;17.3;-83.5
388;AL182023;14;29.7;53;120;285;3;17.3;-83.8;17.4;-83.8
389;AL182023;8;29.7;53;116;270;4;17.3;-84.2;17.3;-84.3
390;AL182023;12;29.7;52;122;280;3;17.4;-84.6;17.5;-84.5
391;AL182023;11;29.7;49;118;280;4;17.5;-85;17.5;-85
392;AL182023;12;29.7;53;118;290;4;17.7;-85.4;17.7;-85.3
393;AL182023;9;29.6;55;115;305;5;18;-85.8;18;-85.7
394;AL182023;14;29.5;58;96;305;5;18.3;-86.3;18.3;-86.2
395;AL182023;15;29.3;54;79;320;6;18.6;-86.7;18.6;-86.7
396;AL182023;20;29.1;54;65;305;5;19;-86.9;18.9;-87
397;AL182023;24;28.9;52;46;345;6;19.5;-87.1;19.5;-87.1
398;AL182023;33;28.7;53;36;350;6;20.2;-87.2;20.2;-87.2
399;AL182023;31;28.5;53;10;5;7;20.9;-87.1;20.9;-87.1
400;AL182023;28;28.4;54;1;15;7;21.4;-86.9;21.5;-86.8
401;AL182023;36;28.4;57;16;50;4;21.7;-86.4;21.8;-86.4
402;AL192023;26;26.7;40;8;0;0;27.8;-70;27.6;-69.4
403;AL192023;21;26.6;44;6;315;2;27.8;-70;27.8;-69.5
404;AL192023;22;26.6;43;5;280;3;27.8;-70.1;27.8;-69.9
405;AL192023;28;26.5;44;4;280;3;27.8;-70.2;27.9;-70.3
406;AL192023;23;26.5;46;4;280;2;27.9;-70.4;27.8;-70.4
407;AL192023;19;26.2;51;2;345;4;28.3;-70.6;28.3;-70.6
408;AL192023;17;25.8;53;0;0;6;29;-70.7;29.1;-70.6
409;AL192023;19;25.4;55;0;355;7;29.7;-70.9;29.8;-70.8
410;AL192023;18;25.2;53;0;15;6;30.2;-70.7;30.2;-70.8
411;AL192023;19;25.2;48;0;45;8;30.5;-70;30.5;-70
412;AL192023;20;25.2;47;0;65;11;31;-69;31;-69
413;AL192023;19;25.2;50;0;55;16;32.2;-67.2;32.2;-67.2
414;AL192023;13;25;54;0;50;20;33.4;-65.3;33.4;-65.3
415;AL192023;19;24.7;51;0;55;26;34.8;-62.6;34.8;-62.6
416;AL192023;18;24.6;51;0;60;25;35.9;-59.4;35.9;-59.4
417;AL012018;36;24.8;42;0;220;3;32.3;-77.6;32.3;-77.6
418;AL012018;40;24.8;45;0;227;4;32.1;-78.1;32.1;-78.1
419;AL012018;35;24.6;44;0;245;5;31.9;-78.7;31.8;-78.7
420;AL012018;26;24.3;45;0;250;5;31.5;-79.5;31.7;-79.3
421;AL012018;28;24.3;43;0;240;6;31.1;-79.9;31.1;-79.9
422;AL012018;29;24.5;42;0;230;5;30.7;-80.1;30.7;-80.1
423;AL012018;35;24.9;41;3;165;4;30.4;-79.8;30.4;-79.9
424;AL012018;39;25.3;44;6;90;6;30.4;-79.1;30.4;-79.1
425;AL012018;42;25.4;43;0;80;7;30.5;-78.3;30.5;-78.3
426;AL012018;47;25.2;49;0;80;11;30.7;-77.1;30.7;-77.1
427;AL012018;48;24.6;51;0;65;9;31.5;-76.1;31.6;-76.1
428;AL012018;47;23.6;56;0;50;14;32.5;-74.7;32.6;-74.7
429;AL022018;45;23.7;55;0;15;12;32.3;-75;32.3;-74.9
430;AL022018;28;24;52;0;280;4;32.4;-75.3;32.4;-75.3
431;AL022018;16;24.6;50;0;235;7;32;-75.9;31.9;-76
432;AL022018;11;24.7;50;0;225;4;31.5;-76.2;31.6;-76.3
433;AL022018;7;25.1;46;0;225;6;31.1;-77;31;-76.9
434;AL022018;12;25.4;45;5;255;9;30.7;-78;30.8;-78.1
435;AL022018;15;25.4;47;2;250;9;30.3;-78.9;30.3;-78.9
436;AL022018;12;25.4;46;10;260;9;30.1;-79.8;30;-79.9
437;AL022018;11;25.1;47;0;270;8;30.1;-80.7;30.1;-80.6
438;AL022018;18;24.7;42;0;275;9;30.2;-81.7;30.3;-81.8
439;AL022018;22;25.1;38;0;280;8;30.4;-82.5;30.4;-82.5
440;AL022018;14;25.1;40;0;295;7;30.5;-83;30.6;-83
441;AL022018;14;25.1;45;0;320;3;30.6;-83.2;30.7;-83.1
442;AL022018;20;25.2;45;0;320;3;30.8;-83.4;30.8;-83.4
443;AL022018;21;24.6;51;0;0;3;31.3;-83;31.3;-83
444;AL022018;8;24.2;52;0;15;4;31.7;-82.7;31.7;-82.8
445;AL022018;8;23.9;57;0;65;9;32;-81.8;31.9;-81.7
446;AL022018;18;23.6;54;0;60;11;32.6;-80.6;32.7;-80.6
447;AL022018;15;24.1;55;0;60;13;33.7;-78.9;33.7;-78.8
448;AL022018;17;23.6;52;0;55;17;34.5;-77.1;34.5;-77.1
449;AL032018;7;22.5;45;0;75;7;39.5;-58;39.5;-58
450;AL032018;15;22.7;42;0;110;10;38.9;-56.7;38.9;-56.8
451;AL032018;13;22.1;44;0;110;13;38.3;-54.7;38.3;-54.7
452;AL032018;22;21.4;49;0;95;18;38.1;-52.5;38.1;-52.3
453;AL032018;16;21.3;47;0;90;18;38.2;-50.2;38.2;-50.2
454;AL032018;18;20.5;49;0;80;20;38.6;-47.5;38.6;-47.5
455;AL032018;15;19.9;52;0;70;17;39.5;-45.5;39.4;-45.7
456;AL032018;13;18.8;54;0;45;16;41.9;-42.9;41.9;-42.9
457;AL032018;11;18;59;0;15;14;43.3;-42.8;43.2;-42.8
458;AL032018;8;15.8;62;0;335;13;44.5;-43.9;44.4;-43.7
459;AL032018;12;12.1;62;0;285;14;44.8;-45.8;44.8;-45.5
460;AL042018;18;28.5;69;63;5;6;26;-87.5;26;-87.6
461;AL042018;14;28.5;68;56;0;1;26.5;-87.4;26.1;-87.5
462;AL042018;15;28.3;60;36;0;5;27;-87.2;27;-87.3
463;AL042018;14;28;63;16;30;7;27.6;-86.8;27.8;-86.5
464;AL042018;20;27.8;63;9;35;7;28;-86.3;28.3;-85.9
465;AL042018;17;27.8;60;7;0;0;28.3;-86;28.3;-86
466;AL042018;19;27.6;60;6;0;0;28.6;-85.8;28.6;-85.8
467;AL042018;15;27.5;60;3;50;2;28.8;-85.6;28.6;-85.5
468;AL042018;19;27.4;57;2;40;4;29;-85.3;29;-85.2
469;AL042018;23;27.3;52;0;45;1;29;-85;29.1;-85.2
470;AL042018;22;27.3;48;0;90;3;28.9;-84.7;29;-84.7
471;AL042018;27;27.4;49;0;95;2;28.9;-84.3;28.9;-84.4
472;AL042018;27;27.2;48;3;70;5;29.2;-83.7;29.3;-83.6
473;AL042018;25;27.1;47;1;70;5;29.4;-82.7;29.4;-83.1
474;AL042018;25;26.9;44;0;75;8;29.5;-81.5;29.5;-81.5
475;AL042018;26;26.9;41;2;85;9;29.5;-80.3;29.6;-80.4
476;AL052018;11;27.5;64;29;290;16;12;-48.2;12;-48.2
477;AL052018;16;27.6;63;20;285;16;12.4;-49.9;12.4;-49.8
478;AL052018;20;27.7;63;30;285;17;12.7;-51.7;12.7;-51.7
479;AL052018;19;27.9;61;35;280;17;13;-53.6;12.9;-53.4
480;AL052018;15;28.1;61;27;270;19;13.2;-55.5;12.8;-55.6
481;AL052018;16;28.1;58;46;275;19;13.4;-57.5;13.3;-57.4
482;AL052018;17;28.1;55;49;280;21;13.6;-59.7;13.7;-59.8
483;AL052018;14;28;57;53;270;20;13.7;-61.6;13.6;-61.5
484;AL052018;9;27.9;60;46;276;18;13.8;-63.3;13.8;-63.3
485;AL052018;4;28;63;31;275;16;13.8;-64.8;13.8;-64.8
486;AL052018;4;28.3;63;46;275;16;13.9;-66.4;13.9;-66.4
487;AL052018;10;28.5;65;65;275;15;14.2;-67.9;14.2;-67.9
488;AL052018;7;28.3;64;77;280;15;14.6;-69.5;14.6;-69.3
489;AL052018;4;28.1;60;47;285;19;15;-71.5;15.3;-71.7
490;AL052018;11;28;59;33;275;20;15;-73.8;15;-73.9
491;AL052018;15;28.2;62;76;270;21;15;-76.1;14.8;-76.1
492;AL052018;8;28.3;61;88;275;17;15.1;-77.8;15.2;-77.9
493;AL052018;5;28.2;63;105;275;13;15.2;-78.9;15.3;-79.2
494;AL052018;11;28.1;69;86;270;10;15.4;-79.6;15;-80
495;AL052018;14;28.2;73;92;285;7;15.7;-80.2;15.6;-80.1
496;AL052018;9;28.3;72;72;290;10;16.2;-81.2;16;-81.1
497;AL052018;8;28.4;76;63;295;10;16.7;-82.2;16.5;-82.1
498;AL052018;10;28.7;73;61;295;11;17.3;-83.3;17.3;-83.3
499;AL052018;6;29.1;75;70;295;12;17.8;-84.4;17.8;-84.4
500;AL052018;4;29.4;74;84;300;13;18.4;-85.7;18.5;-85.5
501;AL052018;6;29.2;73;81;270;15;18.7;-87.1;18.7;-87.1
502;AL052018;3;29.3;73;67;275;13;18.8;-88.3;18.8;-88.3
503;AL052018;7;29.4;74;28;260;13;18.8;-89.6;18.8;-89.8
504;AL052018;5;29.5;74;33;270;11;18.8;-90.8;18.8;-90.9
505;AL052018;6;29.4;73;24;270;10;18.8;-91.7;18.8;-91.5
506;AL052018;11;29.4;74;30;270;14;18.7;-92.8;18.8;-93.1
507;AL052018;8;29.4;75;17;255;9;18.4;-93.8;18.3;-93.8
508;AL052018;12;29.5;73;3;260;10;18.2;-94.9;18.2;-94.7
509;AL052018;9;29.7;72;0;265;11;18;-96;18.1;-96
510;AL052018;13;30;71;0;265;12;17.9;-97.2;18;-97.2
511;AL062018;21;26.7;71;4;290;14;13.5;-27.3;13.5;-27.2
512;AL062018;15;26.8;71;6;290;14;14.1;-28.6;14;-28.5
513;AL062018;13;26.7;67;3;295;14;14.7;-29.9;14.6;-30
514;AL062018;11;26.5;64;0;295;13;15.3;-31.2;15.1;-31.2
515;AL062018;9;26.2;64;0;295;13;15.8;-32.5;15.8;-32.4
516;AL062018;8;26.1;60;0;295;13;16.1;-33.8;16.3;-33.6
517;AL062018;5;26;59;0;285;13;16.2;-35;16.4;-35
518;AL062018;11;26.1;56;0;270;11;16.2;-36.2;16.3;-36.1
519;AL062018;12;26.2;58;0;270;11;16.2;-37.3;16.2;-37.2
520;AL062018;9;26.2;54;0;270;10;16.3;-38.4;16.2;-38.2
521;AL062018;6;26.2;52;0;270;11;16.4;-39.6;16.3;-39.5
522;AL062018;9;26.8;43;10;275;20;17.2;-46.3;17;-46.7
523;AL062018;12;27.1;40;11;280;20;17.6;-48.5;17.6;-48.5
524;AL062018;22;27.9;42;35;280;21;18.4;-52.9;18.1;-53.1
525;AL082018;0;26.9;50;13;270;13;13.7;-43;13.7;-42.9
526;AL082018;1;27;49;13;270;17;13.6;-44.6;13.7;-44.6
527;AL082018;5;27.3;49;21;270;17;13.5;-46.3;13.6;-46.3
528;AL082018;8;27.6;50;19;270;20;13.4;-48.2;13.6;-48.6
529;AL082018;12;27.9;48;23;270;22;13.4;-50.5;13.7;-50.9
530;AL082018;13;28;50;28;275;22;13.4;-52.9;13.8;-53.1
531;AL082018;17;28.1;50;27;275;20;13.4;-55.4;13.9;-55.1
532;AL082018;18;28.4;50;41;270;23;13.3;-57.9;13.3;-57.9
533;AL082018;20;27.8;56;33;275;21;14.1;-74.9;14.5;-74.9
534;AL082018;16;28.2;56;52;275;17;14.1;-76.6;14.8;-76.5
535;AL082018;13;28;61;54;270;17;14.1;-78.4;14.1;-78
536;AL082018;15;28;61;50;270;20;14.1;-80.1;14.1;-81
537;AL082018;8;28.1;62;60;275;16;14.1;-81.8;14.9;-81.8
538;AL082018;2;28.1;68;10;270;16;14.3;-83.6;14.1;-83.5
539;AL082018;1;29.5;69;81;285;17;15.7;-88.6;15.3;-88.7
540;AL082018;5;29.7;68;0;290;13;16.5;-89.5;16.1;-89.8
541;AL082018;7;29.6;71;0;300;12;18.5;-91;17.3;-92
542;AL082018;6;29.4;71;26;300;12;19.2;-91.5;18;-93
543;AL082018;6;29.4;69;11;305;6;19.3;-92.6;18.5;-93
544;AL082018;9;29.5;70;32;290;13;19.3;-94.2;20.1;-93.9
545;AL082018;5;29.6;69;38;280;14;19.7;-95.2;19.7;-95.2
546;AL082018;2;29.8;72;45;290;8;19.9;-95.7;20;-96
547;AL082018;2;29.7;70;48;300;6;20.3;-95.9;20.3;-95.9
548;AL082018;7;29.8;71;54;335;4;20.8;-96.1;20.8;-96.1
549;AL082018;12;29.8;67;56;325;6;21.4;-96.8;21.3;-96.5
550;AL082018;13;29.7;69;21;310;10;21.9;-97.7;22.2;-97.8
551;AL082018;9;29.7;68;0;300;10;22.5;-98.7;22.5;-98.7
552;AL082018;9;29.7;69;0;305;5;22.7;-98.9;22.7;-99
553;AL072018;8;27.7;43;17;345;16;30.5;-55.4;30.7;-55.3
554;AL072018;9;27.5;43;14;5;12;31.7;-55.2;31.6;-55.3
555;AL072018;6;27.3;47;12;35;15;32.9;-54.4;32.9;-54.4
556;AL072018;6;26.8;51;5;55;15;33.9;-53;33.9;-53
557;AL072018;9;26.5;51;4;70;15;34.3;-51.1;34.5;-51.2
558;AL072018;13;26.2;50;3;90;16;34.6;-49.1;34.6;-49.1
559;AL072018;14;26.3;51;4;90;16;34.4;-47;34.6;-47.3
560;AL072018;11;26.6;49;6;95;17;34.3;-45;34.3;-45
561;AL072018;11;27.4;47;3;95;17;34.2;-43.1;34.2;-43.1
562;AL072018;11;27.5;49;3;95;15;34;-41.5;34;-41.5
563;AL072018;13;27.3;50;4;90;16;34;-39.6;34;-39.6
564;AL072018;20;26.9;48;3;90;17;34;-37.5;34;-37.5
565;AL072018;25;26.4;46;0;80;20;34.3;-35;34.3;-35
566;AL072018;24;26;47;0;80;20;34.7;-32.6;34.7;-32.6
567;AL072018;24;25.6;50;0;75;18;35.2;-30.6;35.2;-30.6
568;AL072018;33;24.9;45;0;75;19;35.7;-28.5;35.7;-28.4
569;AL072018;36;24.1;45;0;70;18;36.4;-26.6;36.4;-26.3
570;AL072018;30;23.5;43;0;65;15;37.1;-25;37.1;-25
571;AL072018;36;23.2;42;0;60;15;37.9;-23.2;37.9;-23.2
572;AL092018;7;27.8;68;30;270;17;14.9;-50.1;15.2;-50.3
573;AL092018;13;28;63;38;265;17;15;-51.6;15.1;-52
574;AL092018;12;28.1;66;41;270;15;15.2;-53.1;15.3;-53.2
575;AL092018;6;28.4;67;40;275;15;15.4;-54.8;15.5;-54.8
576;AL092018;8;28.6;67;56;270;16;15.7;-56.6;15.5;-56.5
577;AL092018;14;28.8;66;63;280;18;15.9;-58.6;15.9;-58.5
578;AL092018;8;29;65;61;280;19;16.1;-60.4;15.9;-60.4
579;AL092018;1;29.1;67;68;270;18;15.7;-62;15.8;-62.2
580;AL092018;4;29;62;70;265;14;15;-63.4;15.5;-63.5
581;AL092018;10;28.9;66;70;270;13;15.1;-65;15.4;-64.8
582;AL092018;8;28.7;67;65;270;13;15.6;-66.4;15.9;-66.4
583;AL092018;1;28.6;66;55;285;16;15.7;-67.8;16.5;-68
584;AL092018;12;28.6;67;51;275;16;15.4;-69.1;16.2;-69.6
585;AL092018;9;28.5;70;57;280;12;15.7;-70.4;15.9;-70.4
586;AL092018;4;28.6;66;83;310;14;16.6;-71.2;16.8;-71.4
587;AL092018;7;28.6;66;98;315;10;17.3;-71.8;17.3;-72
588;AL092018;14;28.9;63;101;315;11;18.3;-72.7;18.1;-72.7
589;AL092018;17;29.2;62;76;320;15;19.6;-73.9;19.7;-73.7
590;AL092018;11;29.3;66;61;310;18;20.8;-75.2;20.8;-75.3
591;AL092018;14;29.3;67;75;305;17;21.8;-76.7;21.7;-76.7
592;AL092018;16;29.4;67;97;305;17;22.7;-78.3;22.8;-78.2
593;AL092018;12;29.6;69;88;300;17;23.4;-80;23.5;-80
594;AL092018;15;29.8;69;58;295;15;23.7;-81.4;23.9;-81.5
595;AL092018;17;29.9;66;53;285;12;24.2;-82.6;24;-82.5
596;AL092018;13;30.2;61;33;295;12;25;-83.6;24.9;-83.7
597;AL092018;8;30.4;65;38;305;13;25.7;-84.7;25.8;-84.8
598;AL092018;11;30;65;55;300;10;26.3;-85.7;26.1;-85.9
599;AL092018;8;29.8;63;38;310;9;26.8;-86.7;26.7;-86.5
600;AL092018;7;29.6;55;35;305;10;27.4;-87.6;27.4;-87.7
601;AL092018;6;29.5;58;47;305;6;28;-88.3;27.8;-88.2
602;AL092018;6;29.2;59;66;310;9;28.6;-88.8;28.5;-88.9
603;AL092018;6;29.1;55;39;315;8;28.9;-89.4;29;-89.5
604;AL092018;13;29.1;55;39;305;6;29.1;-90;29;-90
605;AL092018;14;29.1;56;11;305;5;29.4;-90.5;29.4;-90.5
606;AL092018;7;29;57;27;310;5;29.7;-90.8;29.8;-90.8
607;AL092018;15;29;54;26;320;5;30.1;-91.1;30.1;-91.1
608;AL092018;20;28.8;51;27;325;4;30.6;-91.5;30.5;-91.3
609;AL092018;17;28.3;52;0;330;8;31.3;-91.9;31.3;-91.9
610;AL092018;13;27.4;54;0;335;10;32.1;-92.4;32.2;-92.3
611;AL102018;5;28;65;12;295;14;12.1;-35.8;12.2;-35.7
612;AL102018;6;27.9;59;11;295;15;12.8;-37.3;12.9;-37
613;AL102018;9;27.7;56;14;295;16;13.5;-38.7;13.5;-38.9
614;AL102018;11;27.5;54;18;295;14;14.2;-40;14.2;-40
615;AL102018;14;27.3;55;25;295;15;14.8;-41.1;14.9;-41.6
616;AL102018;4;27.2;51;23;300;12;15.5;-42.1;15.5;-42.1
617;AL102018;11;27.1;49;19;303;12;16.1;-43.2;16.1;-43.1
618;AL102018;11;27.2;46;24;305;12;16.7;-44.3;16.6;-44.3
619;AL102018;13;27.3;45;24;300;13;17.4;-45.4;17.5;-45.4
620;AL122018;16;27.4;42;19;335;9;23.9;-43.4;23.7;-43.4
621;AL122018;18;27.5;40;22;280;10;24;-44.5;23.8;-44.5
622;AL122018;19;27.6;40;24;290;7;24.3;-45.5;24.2;-44.9
623;AL122018;15;27.7;39;30;290;12;24.6;-46.3;24.5;-46.5
624;AL122018;10;27.9;37;33;295;9;25.1;-47.1;25.1;-47.1
625;AL122018;12;28.1;39;34;300;8;25.6;-47.9;25.5;-47.9
626;AL122018;12;28.3;40;32;305;8;26.1;-48.6;26.1;-48.6
627;AL122018;15;28.4;41;28;310;9;26.8;-49.3;26.8;-49.2
628;AL122018;12;28.5;40;27;320;11;27.6;-50.1;27.7;-50
629;AL122018;8;28.5;42;20;325;10;28.5;-50.5;28.5;-50.5
630;AL122018;9;28.4;49;23;335;10;29.6;-50.7;29.6;-50.7
631;AL122018;8;28.3;48;27;350;10;30.6;-50.9;30.6;-50.9
632;AL122018;16;28.1;52;21;5;10;31.7;-50.6;31.6;-50.5
633;AL122018;7;27.6;50;10;15;14;33.1;-50;33.1;-50
634;AL122018;8;27.1;53;2;25;14;34.6;-48.9;34.5;-48.9
635;AL122018;9;26.9;52;0;35;23;36.5;-47.3;36.5;-47.3
636;AL122018;4;26.4;55;0;35;24;38.4;-45.4;38.5;-45.3
637;AL122018;12;25.1;55;0;40;25;40.3;-43;40.2;-43.1
638;AL122018;22;23;56;0;45;27;42.4;-40.6;42.5;-40.5
639;AL122018;24;20.5;52;0;35;30;45;-38.1;45;-38.1
640;AL122018;36;17.6;53;0;35;39;48.1;-34.6;48.1;-34.6
641;AL132018;13;27.6;65;29;275;17;13.8;-42.6;13.8;-42.6
642;AL132018;14;27.6;66;26;280;18;14.2;-44.2;14.2;-44.5
643;AL132018;9;27.7;63;25;280;16;14.7;-45.8;14.5;-45.9
644;AL132018;11;27.7;64;30;285;14;15.3;-47.4;14.9;-47.1
645;AL132018;12;27.6;64;28;295;14;16;-49;15.9;-48.4
646;AL132018;15;27.7;62;29;295;16;16.5;-50.6;16.4;-50.3
647;AL132018;12;27.8;58;45;295;18;17.1;-52.2;17.1;-52
648;AL132018;16;27.9;60;52;290;14;17.6;-53.8;17.4;-52.8
649;AL132018;17;28.2;58;55;290;16;18.1;-55.3;18;-55
650;AL132018;16;28.4;54;60;290;16;18.8;-56.8;18.7;-56.7
651;AL132018;21;28.6;56;63;305;16;19.6;-58.1;19.8;-57.8
652;AL132018;20;28.7;58;66;310;14;20.4;-59.4;20.4;-59
653;AL132018;18;28.8;52;56;305;17;21.2;-60.7;21.4;-60.9
654;AL132018;23;28.9;55;53;315;8;22.1;-61.4;21.8;-61.3
655;AL132018;25;29.1;55;48;325;9;22.9;-61.7;23;-61.5
656;AL132018;22;29.2;59;52;335;8;23.4;-62.2;23.5;-62
657;AL132018;22;29.4;59;51;330;8;23.5;-62.6;24.1;-62.8
658;AL132018;23;29.3;58;55;305;3;23.8;-62.8;23.8;-63.1
659;AL132018;23;29.3;57;53;0;0;24.2;-62.6;24;-63.1
660;AL132018;25;29.4;59;47;0;3;24.5;-62.5;24.5;-62.5
661;AL132018;22;29.5;62;48;0;3;24.8;-62.5;24.8;-62.5
662;AL132018;22;29.5;58;49;0;3;25;-62.6;25.1;-62.6
663;AL132018;22;29.5;58;46;345;2;25.2;-62.8;25.1;-62.7
664;AL132018;24;29.6;53;46;335;2;25.4;-62.8;25.3;-62.9
665;AL132018;20;29.6;54;46;0;3;25.6;-62.8;25.6;-62.8
666;AL132018;17;29.6;55;44;30;2;25.8;-62.7;25.8;-62.7
667;AL132018;17;29.6;52;42;20;3;26;-62.6;26.1;-62.5
668;AL132018;19;29.6;51;55;25;2;26.2;-62.5;26.2;-62.4
669;AL132018;19;29.6;51;51;30;1;26.3;-62.4;26.3;-62.4
670;AL132018;13;29.6;53;47;35;1;26.4;-62.3;26.5;-62.2
671;AL132018;16;29.6;52;47;0;0;26.5;-62.2;26.5;-62.2
672;AL132018;22;29.6;53;39;0;1;26.6;-62.2;26.6;-62.2
673;AL132018;16;29.6;54;29;0;1;26.8;-62.2;26.7;-62.2
674;AL132018;4;29.6;55;21;0;4;27.1;-62.2;27.2;-62.2
675;AL132018;6;29.6;51;20;350;3;27.4;-62.3;27.4;-62.3
676;AL132018;9;29.5;50;15;0;4;27.8;-62.4;27.8;-62.3
677;AL132018;3;29.5;49;18;345;4;28.3;-62.5;28.3;-62.5
678;AL132018;3;29.3;47;24;355;6;29;-62.5;29;-62.5
679;AL132018;4;29.2;48;26;355;7;29.7;-62.6;29.7;-62.6
680;AL132018;4;29;48;26;0;8;30.5;-62.6;30.5;-62.6
681;AL132018;4;28.9;48;25;0;9;31.5;-62.5;31.5;-62.5
682;AL132018;4;28.8;47;29;10;11;32.6;-62.3;32.7;-62.3
683;AL132018;6;28.6;46;23;15;12;33.8;-62;33.8;-62
684;AL132018;10;28.2;50;9;15;13;35.1;-61.6;35.1;-61.6
685;AL132018;12;27.3;51;16;20;15;36.4;-60.8;36.4;-60.8
686;AL132018;11;26.5;43;0;20;22;38.5;-59.8;38.5;-59.8
687;AL132018;22;24;42;0;20;28;41.1;-58.6;41.1;-58.5
688;AL132018;45;19.5;41;0;20;33;44;-57.3;44;-57.3
689;AL132018;57;15.9;46;0;20;33;47.7;-54.9;47.7;-55.1
690;AL142018;13;27.4;50;23;305;4;25.5;-42.1;25.5;-42.1
691;AL142018;15;27.5;52;24;305;4;25.8;-42.5;25.8;-42.5
692;AL142018;19;27.7;50;25;310;5;26.2;-43;26.2;-43.1
693;AL142018;20;27.8;47;25;315;6;26.7;-43.5;26.8;-43.5
694;AL142018;17;27.9;49;24;340;6;27.1;-43.7;27.3;-43.6
695;AL142018;20;28;47;22;330;2;27.4;-43.8;27.4;-43.7
696;AL142018;17;28.1;49;22;340;4;27.8;-43.8;27.8;-43.9
697;AL142018;18;28.1;46;21;0;3;28.2;-43.5;28.2;-43.6
698;AL142018;13;28.1;43;18;30;5;28.6;-43.1;28.6;-42.9
699;AL142018;11;28.2;43;14;50;7;29;-42.6;29.1;-42.4
700;AL142018;11;28.2;42;14;50;6;29.4;-42;29.4;-42
701;AL142018;15;28.2;42;11;45;6;29.9;-41.4;29.9;-41.4
702;AL142018;8;28.1;40;10;40;6;30.3;-41;30.4;-41.1
703;AL142018;1;28.1;37;10;35;4;30.6;-40.8;30.6;-40.8
704;AL142018;7;28;42;6;0;3;30.9;-40.8;30.9;-40.8
705;AL142018;9;28;41;1;340;3;31.1;-41;31.1;-41
706;AL142018;1;28;42;2;315;3;31.3;-41.2;31.3;-41.2
707;AL142018;3;27.9;44;5;310;4;31.6;-41.5;31.6;-41.6
708;AL142018;8;27.8;46;3;330;4;32;-41.7;32;-41.8
709;AL142018;7;27.7;41;2;325;4;32.4;-41.9;32.3;-42
710;AL142018;6;27.5;42;2;335;5;32.9;-42.1;32.9;-42.2
711;AL142018;3;27.4;40;2;340;5;33.3;-42.3;33.3;-42.3
712;AL142018;3;27.3;38;2;320;5;33.6;-42.6;33.7;-42.7
713;AL142018;3;27.3;37;2;275;4;33.7;-42.9;33.7;-42.9
714;AL142018;8;27.4;33;2;270;4;33.7;-43.5;33.7;-43.5
715;AL142018;11;27.5;30;2;270;4;33.6;-44.1;33.6;-44.1
716;AL142018;16;27.6;30;4;255;6;33.4;-44.9;33.4;-44.8
717;AL142018;14;27.3;29;10;270;7;33.6;-45.8;33.5;-45.9
718;AL142018;25;27.1;29;4;290;9;33.9;-46.9;34;-47.1
719;AL142018;30;26.8;29;1;300;9;34.8;-47.8;34.8;-47.8
720;AL142018;30;26.5;31;0;350;14;36.4;-47.8;36.2;-48
721;AL142018;31;26.2;35;0;0;14;38.2;-47.6;38.2;-47.5
722;AL142018;20;25.3;32;0;10;18;40.2;-46.6;40.2;-46.6
723;AL152018;10;27.4;67;17;280;18;15.5;-38;15.4;-37.4
724;AL152018;1;28;64;26;280;9;16.4;-42.8;16;-42.6
725;AL152018;2;27.9;62;31;310;9;16.9;-43.7;17.1;-43.3
726;AL152018;3;28;63;39;290;10;17.5;-44.8;17.5;-44.6
727;AL152018;5;28.1;64;37;295;15;18.1;-45.9;18.3;-46
728;AL152018;8;28.2;62;38;300;13;18.8;-47.1;18.7;-47
729;AL152018;8;28.4;62;38;300;14;19.5;-48.3;19.6;-48.2
730;AL152018;11;28.6;63;36;300;14;20.2;-49.5;20.2;-49.5
731;AL152018;13;28.7;63;38;305;14;21;-50.6;21;-50.6
732;AL152018;17;28.8;60;36;315;14;22;-51.7;22;-51.7
733;AL152018;17;28.9;59;35;325;14;23.2;-52.6;23.3;-52.6
734;AL152018;15;28.9;59;39;325;13;24.4;-53.4;24.4;-53.4
735;AL152018;18;29;58;34;335;13;25.6;-54;25.7;-53.9
736;AL152018;25;29;63;30;0;14;27;-54;27.3;-53.6
737;AL152018;29;28.9;60;31;5;13;28.3;-53.7;28.3;-53.8
738;AL152018;25;28.5;57;17;15;13;29.6;-53.3;29.6;-53.2
739;AL152018;28;28.2;56;13;35;13;30.5;-52.2;30.4;-52
740;AL152018;27;28;51;8;65;14;30.8;-50.7;30.8;-50.6
741;AL152018;33;27.9;42;7;85;14;30.8;-49.1;30.9;-49.1
742;AL152018;31;28;44;8;95;14;30.7;-47.5;30.7;-47.5
743;AL152018;29;27.9;41;13;95;15;30.6;-45.4;30.6;-45.6
744;AL152018;28;27.5;38;11;90;22;30.6;-43;30.5;-42.8
745;AL152018;28;27.1;43;0;85;22;30.8;-40.6;30.7;-40.2
746;AL152018;20;27;39;1;85;18;31.1;-38.8;31.1;-38.8
747;AL152018;26;26.9;41;1;70;15;31.7;-37.1;31.7;-37.1
748;AL152018;29;26.8;40;0;65;14;32.5;-35.9;32.5;-35.9
749;AL152018;23;26.4;35;0;55;11;33.1;-35.1;33.2;-34.9
750;AL152018;18;26.2;36;0;45;8;33.5;-34.5;33.6;-34.5
751;AL152018;26;26;35;0;50;7;33.9;-33.9;34;-33.8
752;AL152018;26;25.8;34;0;50;6;34.3;-33.3;34.3;-33.3
753;AL152018;23;25.5;32;0;35;7;34.9;-32.7;34.9;-32.7
754;AL152018;26;25.2;35;0;35;7;35.5;-32.3;35.5;-32.2
755;AL152018;30;24.8;36;0;25;7;36.1;-32;36.2;-32.1
756;AL152018;26;24.4;40;0;20;7;36.7;-32;37;-31.7
757;AL152018;31;24.4;38;0;0;0;37.1;-32;37.1;-32.1
758;AL152018;29;24.3;37;0;50;3;37.2;-31.6;37.3;-31.7
759;AL152018;28;24.2;37;0;90;3;36.9;-30.9;37;-31
760;AL152018;24;24.1;37;0;120;9;36.5;-30;36.4;-29.8
761;AL152018;24;23.8;36;0;105;10;36.2;-29;36.3;-28.6
762;AL152018;20;24;35;0;115;8;35.9;-28.2;35.8;-28.2
763;AL152018;10;24.2;31;0;120;7;35.4;-27.4;35.3;-27.4
764;AL152018;4;24.5;32;0;190;6;34.6;-27.3;34.7;-27.5
765;AL152018;3;25.1;28;0;160;8;33.6;-27.2;33.5;-27.2
766;AL152018;5;25.6;29;0;165;11;32.5;-26.9;32.5;-26.8
767;AL152018;5;25.8;29;0;165;10;31.8;-26.7;31.8;-26.7
768;AL152018;5;26.1;26;0;165;9;31;-26.4;30.8;-26.5
769;AL152018;18;26.1;28;0;120;4;30.4;-25.9;30.4;-25.7
770;AL152018;23;26.1;26;0;270;3;30.4;-25.6;30.6;-25.9
771;AL152018;23;26;30;0;80;2;30.6;-25.4;30.5;-25.4
772;AL152018;26;26;27;0;320;4;30.9;-25.8;30.9;-25.8
773;AL152018;20;26;30;0;290;3;31.1;-26.2;31;-26.1
774;AL152018;22;26;30;0;295;5;31.3;-26.7;31.3;-26.6
775;AL152018;26;25.1;31;0;295;6;31.5;-27.4;31.6;-27.5
776;AL152018;31;25;29;0;290;7;31.8;-28.1;31.7;-28.3
777;AL152018;24;24.8;33;0;290;6;32.1;-28.8;32.2;-28.7
778;AL152018;18;24.8;35;0;270;6;32.1;-29.5;32.2;-29.4
779;AL152018;12;24.9;32;0;255;6;32;-29.9;31.9;-29.9
780;AL152018;7;24.8;35;0;260;4;31.7;-30.1;31.9;-30.3
781;AL152018;7;25.1;33;0;210;4;31.4;-30.3;31.4;-30.3
782;AL152018;7;25.2;34;0;200;3;31.1;-30.4;31.1;-30.4
783;AL152018;4;25.3;36;0;180;3;30.7;-30.5;30.8;-30.3
784;AL152018;7;25.5;28;0;200;4;30.2;-30.7;30.4;-30.6
785;AL152018;12;25.9;26;0;205;5;29.6;-31;29.7;-31.1
786;AL152018;16;26.1;25;0;205;6;29.1;-31.4;29.1;-31.3
787;AL152018;16;26.3;24;0;240;7;28.7;-31.9;28.8;-32.1
788;AL152018;21;26.3;19;0;255;6;28.5;-32.5;28.7;-32.5
789;AL152018;22;26.4;18;0;255;6;28.5;-33.2;28.6;-33.1
790;AL152018;18;26.3;22;0;290;6;28.7;-33.9;28.8;-33.9
791;AL152018;15;26.1;22;0;305;7;29.2;-34.4;29.3;-34.4
792;AL152018;18;25.8;25;0;320;7;29.7;-34.8;29.8;-34.8
793;AL152018;15;25.4;28;0;325;7;30.5;-35.3;30.6;-35.3
794;AL152018;18;25;33;0;335;9;31.4;-35.7;31.4;-35.7
795;AL152018;18;24.7;38;0;345;11;32.6;-36.1;32.7;-36
796;AL152018;20;24.7;36;0;345;13;33.8;-36.6;33.9;-36.5
797;AL152018;18;24.9;37;0;341;13;35;-37.1;35.2;-37.3
798;AL152018;19;24.7;42;0;345;11;36;-37.6;36.2;-37.6
799;AL152018;17;24.6;46;0;335;11;36.8;-38.3;36.9;-38.3
800;AL152018;7;24.5;44;0;310;8;37.2;-38.9;37.3;-39
801;AL152018;4;24.7;41;0;240;6;36.9;-39.4;36.9;-39.4
802;AL152018;9;24.8;40;0;180;5;36.4;-39.4;36.4;-39.3
803;AL152018;18;23.8;39;0;170;4;35.9;-39.4;36;-39.3
804;AL152018;18;23.9;37;0;180;4;35.4;-39.4;35.6;-39.4
805;AL152018;21;24;36;0;160;6;34.8;-39.1;34.8;-39.1
806;AL152018;22;24;37;0;120;6;34.5;-38.5;34.5;-38.5
807;AL152018;17;24;36;0;120;6;34.3;-37.9;34.3;-37.9
808;AL152018;20;23.8;32;0;90;6;34.3;-37.1;34.4;-37.1
809;AL152018;29;23.6;34;0;90;8;34.4;-36.2;34.4;-36.1
810;AL152018;32;23.2;40;0;80;8;34.6;-35.3;34.6;-35.3
811;AL152018;25;22.8;46;0;80;9;34.9;-34;34.9;-34
812;AL152018;26;22.3;49;0;70;13;35.4;-32.5;35.4;-32.5
813;AL152018;25;21.7;56;0;40;17;36.3;-30.9;36.5;-31
814;AL152018;23;21.2;64;0;45;18;37.6;-29.1;37.6;-29.1
815;AL162018;13;27.9;62;41;325;13;18.2;-41.8;18.2;-41.8
816;AL162018;13;27.9;61;36;330;12;18.9;-42.1;18.9;-42.1
817;AL162018;15;27.9;60;35;340;8;19.5;-42.2;19.6;-42.4
818;AL162018;21;28;58;30;15;7;20.2;-42;20.2;-42
819;AL162018;25;28;52;32;35;9;21;-41.5;21;-41.4
820;AL162018;20;27.9;53;24;40;9;21.8;-40.6;21.7;-40.7
821;AL162018;26;27.8;56;23;50;12;22.7;-39.4;22.6;-39.5
822;AL162018;25;27.7;57;26;50;14;23.5;-37.8;23.5;-37.8
823;AL162012;21;29.4;39;37;160;1;25.5;-72.2;25.5;-72.6
824;AL162012;21;29.3;40;35;90;1;25.6;-72.3;25.8;-72.3
825;AL162012;28;29.3;41;31;0;1;25.5;-72.4;26;-72.5
826;AL162012;25;29.4;41;40;205;3;25.4;-72.3;25.2;-72.6
827;AL162012;24;29.4;41;38;170;2;25.3;-72.2;25.3;-72.2
828;AL162012;24;29.4;40;37;40;1;25.4;-72.1;25.4;-72.1
829;AL162012;33;29.4;39;35;60;2;25.4;-71.9;25.5;-72
830;AL162012;34;29.4;41;36;60;1;25.3;-71.7;25.5;-71.8
831;AL172012;20;29.5;76;51;310;10;15;-63.2;15;-63.2
832;AL172012;18;29.4;76;51;310;8;15.3;-63.7;15.4;-63.8
833;AL172012;14;29.4;76;52;320;4;15.6;-63.8;15.5;-63.9
834;AL172012;11;29.4;79;71;5;7;16.7;-63.6;16.7;-63.6
835;AL172012;12;29.3;79;71;5;12;17.9;-63.5;17.9;-63.5
836;AL172012;16;29.3;73;71;355;10;18.9;-63.6;18.9;-63.6
837;AL172012;20;29.3;74;82;340;10;19.7;-63.9;19.8;-64
838;AL172012;17;29.3;67;86;330;8;20.4;-64.3;20.3;-64.4
839;AL172012;20;29.3;71;77;340;9;21.3;-64.7;21.3;-64.7
840;AL172012;21;29.3;67;61;330;9;22;-65.2;22.1;-65.1
841;AL172012;32;29;69;49;330;8;22.6;-65.6;22.6;-65.6
842;AL172012;28;28.9;69;41;345;8;23.6;-65.8;23.6;-65.8
843;AL172012;31;28.7;68;43;10;10;24.6;-65.6;24.6;-65.6
844;AL172012;26;28.3;68;29;15;13;25.9;-65.3;25.9;-65.3
845;AL172012;27;27.7;66;8;10;15;27.6;-64.9;27.6;-64.9
846;AL172012;36;27.3;63;9;15;20;29.5;-64.2;29.5;-64.4
847;AL172012;35;27;57;6;25;23;31.6;-63.1;31.5;-63.1
848;AL172012;36;26.3;51;0;25;27;34;-61.7;34;-61.7
849;AL172012;32;25.8;45;0;25;29;36.5;-60.1;36.5;-60.1
850;AL172012;34;25.6;42;0;30;29;38.8;-58;38.8;-58
851;AL182012;4;29.5;79;64;225;7;12.7;-78.7;12.9;-78.8
852;AL182012;3;29.5;84;63;355;1;12.6;-78.4;12.7;-78.6
853;AL182012;4;29.5;83;69;355;2;12.9;-78.1;13;-78.7
854;AL182012;4;29.5;82;116;20;3;13.4;-77.9;13.5;-78
855;AL182012;6;29.5;83;130;20;5;14;-77.6;14;-77.7
856;AL182012;8;29.5;83;138;30;7;14.7;-77.3;14.8;-77.3
857;AL182012;16;29.4;83;121;10;9;15.6;-77.1;15.7;-77.1
858;AL182012;13;29.5;84;91;10;9;16.6;-76.9;16.6;-76.9
859;AL182012;8;29.5;85;69;10;11;17.7;-76.7;17.7;-76.7
860;AL182012;17;29.5;86;79;10;11;18.9;-76.4;18.7;-76.4
861;AL182012;20;29.5;85;91;10;14;20.1;-76;20.1;-75.9
862;AL182012;27;29.2;84;56;15;15;21.7;-75.5;21.6;-75.5
863;AL182012;28;28.8;77;46;5;17;23.3;-75.3;23.6;-75.3
864;AL182012;38;28.5;76;51;340;13;24.8;-75.9;24.8;-75.8
865;AL182012;46;28.3;64;47;330;11;25.7;-76.4;25.8;-76.5
866;AL182012;42;28.2;63;31;340;7;26.4;-76.9;26.4;-76.9
867;AL182012;46;28.1;59;40;350;7;27;-77.2;27;-77.1
868;AL182012;50;28;57;25;350;5;27.5;-77.1;27.4;-77.2
869;AL182012;45;27.9;56;28;15;7;28.1;-76.9;28.1;-76.9
870;AL182012;36;27.7;50;32;15;7;28.8;-76.5;28.8;-76.8
871;AL182012;42;27.3;55;7;35;11;29.7;-75.6;29.8;-75.6
872;AL182012;41;27.1;50;0;40;12;30.5;-74.7;30.5;-74.7
873;AL182012;36;27;57;0;40;12;31.3;-73.9;31.5;-73.7
874;AL182012;36;27;56;0;40;10;32;-73;32.1;-73.1
875;AL182012;23;26.8;51;0;45;11;32.8;-72;32.8;-71.9
876;AL182012;26;26.6;49;0;45;12;33.9;-71;33.9;-71
877;AL182012;24;26.9;48;0;10;13;35.3;-70.5;35.2;-70.5
878;AL182012;14;25.9;44;0;340;16;36.9;-71;36.7;-70.9
879;AL182012;27;20.1;56;0;305;24;38.3;-73.2;38.3;-73.1
880;AL182012;37;17.2;60;0;315;18;39.5;-74.5;39.5;-74.5
881;AL182012;31;15.8;68;0;305;16;39.9;-76.2;40.3;-76.3
882;AL182012;12;15.9;76;0;270;2;40.1;-77.8;40;-77.9
883;AL182012;9;15.3;80;0;295;9;40.4;-78.9;40.5;-78.9
884;AL192012;7;28;45;38;350;5;21.9;-51.8;21.8;-51.7
885;AL192012;10;27.8;46;39;350;7;22.5;-51.8;22.5;-51.8
886;AL192012;13;27.6;46;42;0;8;23.6;-51.6;23.6;-51.6
887;AL192012;11;27.2;46;29;10;15;24.7;-51.3;25.3;-51.2
888;AL192012;12;27;44;13;25;13;25.7;-50.6;25.9;-50.5
889;AL192012;17;26.9;40;6;45;10;26.5;-49.6;26.4;-49.8
890;AL192012;16;26.7;36;5;45;11;27.2;-48.5;27.1;-48.6
891;AL192012;25;26.1;35;0;55;18;27.9;-46.8;28.1;-46.4
892;AL192012;28;25.4;32;0;65;24;28.7;-44.7;29.2;-43.6
893;AL192012;36;24.8;30;0;65;23;29.5;-42.4;29.8;-41.4
894;AL192012;34;24.3;29;0;70;23;30.1;-40;30.5;-39.1
895;AL192012;38;24.1;29;0;70;20;30.6;-37.6;30.7;-37.3
896;AL192012;44;23.8;29;0;75;19;31;-35.1;31;-35.1
897;AL012019;22;27.3;64;11;10;3;25.1;-86.6;25.3;-86.6
898;AL012019;25;27.2;62;13;24;4;25.6;-86.5;25.6;-86.5
899;AL012019;30;26.7;62;12;20;7;26.7;-86.1;26.8;-86.2
900;AL012019;26;25.9;67;0;30;13;27.8;-84.9;27.8;-84.9
901;AL012019;25;25;70;0;40;15;28.9;-83.9;28.9;-83.9
902;AL012019;28;24.7;65;0;45;13;29.8;-83;29.8;-83
903;AL012019;27;24;72;0;35;17;31.6;-81.4;31.5;-81.6
904;AL012019;23;23.3;71;0;35;23;33.5;-80.2;33.5;-80.2
905;AL012019;30;22.7;64;0;35;22;35.2;-78.6;35;-78.9
906;AL012019;36;17;67;0;40;30;37.4;-76.2;37.4;-76.2
907;AL012019;41;13.6;65;0;35;28;39.9;-73.6;40.1;-73.8
908;AL012019;40;11;70;0;45;34;42.4;-70.4;42.4;-70.4
909;AL022019;12;28.7;65;40;290;11;16.3;-87.9;16.4;-88.1
910;AL022019;13;28.8;68;0;290;8;16.6;-88.6;16.5;-88.6
911;AL022019;13;28.9;65;63;295;6;17;-89.3;16.8;-89
912;AL022019;16;29;70;0;305;7;17.6;-90.3;17.4;-89.6
913;AL022019;18;29.4;67;0;300;11;18.8;-92.2;18.8;-92.4
914;AL022019;22;29.4;64;15;300;9;19.2;-93.1;19.2;-93
915;AL022019;19;29.2;67;13;295;9;19.5;-94;19.4;-93.9
916;AL022019;16;29.1;66;15;287;10;19.6;-94.8;19.6;-95.1
917;AL022019;14;29;65;12;270;5;19.6;-95.4;19.6;-95.6
918;AL022019;9;29;67;8;270;4;19.6;-95.9;19.6;-96.1
919;AL022019;14;29;65;0;270;4;19.6;-96.5;19.6;-96.4
920;AL022019;12;29;64;0;270;7;19.6;-97;19.6;-97.4
921;AL022019;14;29.1;67;0;270;5;19.6;-97.5;19.6;-97.9
922;AL042019;2;27.6;59;8;275;24;9.8;-46.1;9.7;-46.1
923;AL042019;7;27.7;63;23;275;23;10.1;-48.4;10.1;-48.4
924;AL042019;12;27.7;60;39;280;23;10.7;-50.6;10.6;-50.6
925;AL042019;8;27.6;58;18;285;23;11.4;-52.9;11.4;-52.8
926;AL042019;9;27.6;57;25;285;23;12.1;-55.2;12;-55
927;AL042019;21;27.8;56;28;290;23;13;-57.7;12.9;-57.3
928;AL042019;22;28.1;58;33;290;25;13.9;-60.3;13.9;-60.3
929;AL042019;19;28.2;53;29;290;25;14.8;-62.9;14.8;-62.7
930;AL042019;22;28.2;55;18;285;25;15.6;-65.6;15.1;-65.1
931;AL042019;25;28.2;57;18;285;28;16.2;-68.4;16;-68.5
932;AL042019;35;28.2;55;24;285;28;16.7;-71.2;16.6;-71.3
933;AL052019;10;26.5;71;1;285;18;13.9;-29;14;-29
934;AL052019;5;26.1;71;1;285;16;14.4;-30.8;14.4;-30.6
935;AL052019;1;25.5;72;0;285;17;14.9;-32.4;14.9;-32.4
936;AL052019;3;25.3;71;0;290;15;15.3;-33.9;15.4;-33.7
937;AL052019;5;25.3;66;0;285;14;15.7;-35.5;15.7;-35.2
938;AL052019;3;25.5;62;0;290;16;16;-37.1;16.4;-37
939;AL052019;9;25.8;55;0;285;17;16.4;-38.7;16.4;-38.7
940;AL052019;15;26;56;0;285;17;16.9;-40.7;16.9;-40.5
941;AL052019;17;26.3;53;4;285;18;17.3;-42.8;17.5;-42.4
942;AL052019;15;26.7;51;2;280;19;17.6;-45;17.6;-44.8
943;AL052019;17;27.1;48;7;280;21;17.8;-47.1;17.8;-47.1
944;AL052019;17;27.3;44;8;275;19;18;-49.2;18;-49
945;AL052019;13;27.5;43;7;280;20;18.3;-51.1;18.3;-51.1
946;AL052019;12;27.7;39;13;280;21;18.6;-53;18.7;-53.6
947;AL052019;25;27.4;51;26;15;9;30.3;-78.8;30.1;-78.8
948;AL052019;36;27.6;56;26;20;12;31.1;-78.1;31.2;-78.2
949;AL052019;31;27.4;56;24;45;16;32.4;-75.6;32.8;-75.4
950;AL062019;8;27.2;75;4;290;14;14.1;-24.6;14.2;-24.5
951;AL062019;9;27.1;74;4;285;13;14.3;-25.9;14.3;-25.9
952;AL062019;8;27;73;4;285;12;14.7;-27.2;14.6;-27
953;AL062019;7;26.7;72;1;290;13;15.3;-28.6;15.2;-28.5
954;AL062019;7;26.1;69;0;295;14;15.9;-30;16;-29.9
955;AL062019;5;25.8;66;0;295;16;16.5;-31.4;16.6;-31.6
956;AL062019;4;25.7;65;0;295;15;17.3;-32.7;17.4;-32.8
957;AL062019;11;25.6;63;0;300;15;18;-33.8;18.2;-34
958;AL062019;14;25.6;61;0;300;13;18.8;-34.7;18.6;-35.1
959;AL062019;14;25.5;55;0;310;10;19.6;-35.5;19.4;-35.3
960;AL062019;14;25.6;50;0;325;13;20.3;-36.2;20.6;-36.4
961;AL062019;17;25.8;48;0;300;11;20.6;-37.2;20.8;-37.3
962;AL062019;21;25.9;48;0;285;8;20.6;-38;20.7;-37.9
963;AL062019;20;26;47;0;260;8;20.5;-38.8;20.5;-38.8
964;AL062019;16;26.1;42;2;270;7;20.4;-39.6;20.4;-39.4
965;AL072019;5;29.5;78;25;270;11;18.9;-95.1;19.4;-95.1
966;AL072019;8;29.6;79;15;275;10;19.2;-95.9;19.1;-95.8
967;AL072019;5;29.7;78;51;300;8;19.7;-96.6;19.6;-96.5
968;AL072019;6;29.9;77;0;305;8;20.1;-97.3;20.1;-97.3
969;AL072019;3;30;77;0;300;9;20.5;-98.2;20.5;-98.2
970;AL082019;1;29.2;63;39;295;7;16.2;-65.9;16.2;-65.9
971;AL082019;4;29.2;63;33;325;6;16.7;-66.3;16.7;-66.3
972;AL082019;7;29.1;58;32;315;7;17.1;-67;17.3;-66.7
973;AL082019;8;29;60;32;305;8;17.4;-67.7;17.4;-67.7
974;AL082019;5;28.9;60;33;305;8;17.9;-68.4;17.9;-68.4
975;AL082019;9;28.8;58;73;330;7;18.8;-68.4;18.8;-68.4
976;AL082019;16;28.8;57;40;340;7;19.5;-68.5;19.5;-68.5
977;AL082019;18;28.7;58;39;10;7;20;-68.6;20.1;-68.1
978;AL082019;18;28.7;59;51;355;6;20.4;-68.7;20.4;-68.7
979;AL082019;23;28.6;58;48;355;6;21.2;-68.7;21.2;-68.7
980;AL082019;27;28.7;59;44;355;7;22;-68.8;22;-68.7
981;AL082019;23;28.8;60;57;350;8;22.8;-69.2;22.8;-69.2
982;AL082019;20;29;63;65;355;8;23.6;-69.2;23.6;-69.2
983;AL082019;21;29.2;64;53;350;9;24.4;-69.1;24.6;-69.2
984;AL082019;20;29.3;63;48;10;5;24.7;-68.9;25;-69
985;AL082019;21;29;54;31;0;14;29;-65;29;-65
986;AL082019;21;28.7;52;19;5;11;30.1;-64.8;30.1;-64.9
987;AL082019;19;28.3;48;15;5;10;31.1;-64.7;31.1;-64.7
988;AL082019;24;28.1;44;20;355;9;31.9;-64.9;31.9;-64.9
989;AL082019;22;28;44;18;335;7;32.3;-65.4;32.3;-65.4
990;AL082019;21;28;48;14;310;3;32.5;-65.7;32.5;-65.7
991;AL082019;23;28;47;17;305;4;32.6;-66.2;32.6;-66.2
992;AL082019;18;27.9;47;27;295;5;32.9;-66.8;32.9;-66.8
993;AL082019;12;27.9;49;28;300;6;33.2;-67.4;33.2;-67.4
994;AL082019;13;27.7;52;27;310;5;33.6;-67.6;33.6;-67.6
995;AL082019;16;27.6;53;25;320;5;34;-67.9;34;-67.9
996;AL082019;13;27.6;52;34;350;7;34.7;-68.1;34.7;-68.1
997;AL082019;11;27.7;53;16;15;12;35.9;-67.5;35.9;-67.7
998;AL082019;26;27.2;57;25;10;18;37.7;-66.6;37.7;-67.1
999;AL092019;11;28.3;79;8;270;9;13;-20.3;13;-20.2
1000;AL092019;15;28.4;80;8;270;10;13.1;-21.3;13.1;-21.4
1001;AL092019;12;28.4;80;9;275;10;13.3;-22.4;13.3;-22.3
1002;AL092019;13;28.2;79;14;280;11;13.5;-23.6;13.5;-23.6
1003;AL092019;12;28.2;79;16;275;12;13.7;-24.6;13.6;-24.9
1004;AL092019;12;28.1;76;12;280;10;13.9;-25.5;13.8;-25.7
1005;AL092019;9;27.9;73;10;290;8;14.1;-26.5;14.2;-26.3
1006;AL092019;10;27.9;71;8;285;8;14.3;-27.3;14.3;-27.4
1007;AL092019;9;27.7;70;7;305;7;14.7;-27.9;14.7;-27.9
1008;AL092019;11;27.5;68;5;315;6;15.1;-28.3;15.1;-28.3
1009;AL092019;8;27.2;70;4;320;6;15.6;-28.6;15.6;-28.7
1010;AL092019;4;26.8;71;2;325;6;16.3;-28.9;16.3;-29
1011;AL092019;4;26.1;71;2;345;8;17.4;-28.9;17.5;-29.1
1012;AL092019;6;25.7;69;0;355;10;18.6;-28.9;18.5;-28.9
1013;AL092019;14;25.4;67;0;0;12;19.9;-28.9;19.8;-28.9
1014;AL092019;17;25.2;63;0;0;13;21.2;-28.9;21.4;-29
1015;AL092019;20;25.1;60;0;350;13;22.3;-29.1;22.5;-29.1
1016;AL092019;21;25.1;55;0;345;10;23.2;-29.5;23.1;-29.4
1017;AL092019;22;25;53;0;340;10;24;-30;24.1;-29.8
1018;AL092019;25;25.1;49;0;305;11;24.6;-30.8;24.6;-30.9
1019;AL092019;35;25.3;47;0;290;9;24.8;-31.7;24.8;-31.7
1020;AL092019;38;25.5;46;0;270;8;24.8;-32.6;24.8;-32.6
1021;AL092019;39;25.7;45;0;275;8;24.9;-33.6;24.9;-33.5
1022;AL092019;45;25.9;44;0;280;10;25.2;-34.8;25.2;-34.8
1023;AL092019;32;26.8;49;7;295;6;26.8;-42.9;27.1;-42.6
1024;AL092019;27;26.9;49;13;295;5;26.9;-43.3;27.2;-43.3
1025;AL092019;26;26.9;47;13;0;0;27;-43.2;26.9;-43.3
1026;AL092019;19;26.9;46;8;35;3;27.4;-42.9;27.4;-42.9
1027;AL092019;14;26.9;48;2;20;9;28.4;-42.6;28.4;-42.5
1028;AL092019;11;27.1;44;4;0;10;29.5;-42.7;29.8;-42.7
1029;AL092019;10;27.2;45;5;340;8;30.5;-43.2;30.6;-43.1
1030;AL092019;8;27.4;48;4;330;8;31.1;-43.6;31.1;-43.6
1031;AL092019;6;27.4;50;5;305;4;31.6;-43.9;31;-43.8
1032;AL092019;7;27.4;47;2;350;4;32;-44.1;31.5;-43.7
1033;AL092019;14;27.4;49;10;10;4;32.5;-44.3;32.1;-43.5
1034;AL092019;21;27.5;56;6;340;6;33;-44.5;33;-44.5
1035;AL102013;17;29.4;81;17;290;12;19.7;-93.6;19.7;-93.7
1036;AL102013;18;29.4;82;16;270;3;19.7;-94.1;19.7;-93.8
1037;AL102013;18;29.4;82;16;280;2;19.6;-94.6;19.8;-94.2
1038;AL102013;18;29.4;83;15;270;3;19.3;-95.1;19.7;-94.5
1039;AL102013;18;29.4;84;12;260;3;19.1;-95.3;19.4;-95.3
1040;AL102013;17;29.4;85;11;0;0;19.3;-95.3;19.3;-95.2
1041;AL102013;15;29.4;84;14;10;3;19.6;-95.1;19.6;-95.2
1042;AL102013;19;29.4;81;21;30;7;20.3;-94.6;20.3;-94.6
1043;AL102013;23;29.5;80;30;20;6;21;-94.4;21;-94.4
1044;AL102013;24;29.7;79;43;345;7;21.6;-94.7;21.7;-94.7
1045;AL102013;24;29.7;77;48;315;6;22;-95.2;22.2;-95.2
1046;AL102013;21;29.7;79;49;300;6;22.4;-95.6;22.4;-95.6
1047;AL102013;22;29.6;79;45;290;5;22.7;-95.9;22.6;-96.1
1048;AL102013;29;29.7;78;44;315;3;23;-96.2;22.9;-96.1
1049;AL102013;24;29.6;77;34;290;6;23.4;-96.9;23.2;-96.8
1050;AL102013;17;28.9;78;9;295;8;23.7;-97.8;23.7;-97.8
1051;AL102013;16;29;78;0;270;8;23.7;-98.7;23.7;-98.7
1052;AL102013;18;29;80;0;270;5;23.7;-99.2;23.7;-99.2
1053;AL102013;12;29;78;0;270;4;23.7;-99.7;23.7;-99.7
1054;AL102019;16;28.1;57;19;5;8;24.9;-50.4;24.9;-50.4
1055;AL102019;9;28.1;57;16;40;7;25.6;-49.7;25.4;-49.9
1056;AL102019;4;27.9;56;16;45;8;26.2;-49;25.8;-48.9
1057;AL102019;6;27.7;55;19;50;10;26.7;-48.2;26.8;-48
1058;AL102019;9;27.6;53;27;65;8;27.1;-47.5;26.9;-47.3
1059;AL102019;9;27.5;52;31;90;7;27.2;-46.8;26.9;-46.9
1060;AL102019;11;27.9;52;30;80;6;27.3;-46;26.8;-46.3
1061;AL102019;12;27.7;49;15;90;7;27.3;-45;27.3;-45.2
1062;AL102019;20;27.5;44;8;80;9;27.5;-43.9;27.5;-44
1063;AL102019;21;27.4;41;10;120;3;27.7;-43.6;27.3;-43.6
1064;AL102019;18;27.3;37;2;0;0;28.1;-43.5;28.1;-43.5
1065;AL102019;15;27.3;33;2;0;0;28.1;-43.5;28.1;-43.5
1066;AL102019;18;27.3;33;1;270;1;28.1;-43.7;28.1;-43.7
1067;AL102019;16;27.4;36;1;270;2;28.1;-43.9;28.1;-43.9
1068;AL102019;12;27.3;39;1;0;0;28.6;-43.4;28.2;-43.9
1069;AL102019;8;27;39;6;45;5;29;-42.9;29;-42.9
1070;AL102019;10;26.8;39;3;50;6;29.4;-42.4;29.4;-42.4
1071;AL102019;10;26.5;42;2;45;7;30.1;-41.7;30;-41.9
1072;AL102019;6;26.2;43;0;50;9;30.8;-40.6;30.7;-40.7
1073;AL102019;9;26;43;0;50;11;31.5;-39.3;31.5;-39.3
1074;AL122019;20;28.5;58;22;330;10;22.1;-87.4;22;-87.6
1075;AL122019;18;28.7;59;22;325;11;22.8;-88.1;22.9;-88.3
1076;AL122019;25;29;60;35;325;10;23.9;-89;23.8;-88.8
1077;AL122019;29;29.2;55;41;325;9;24.5;-89.5;24.5;-89.5
1078;AL122019;24;29.3;54;42;325;9;25.2;-89.9;25.2;-90.1
1079;AL122019;22;29.2;51;42;335;7;25.8;-90.2;25.8;-90.2
1080;AL122019;26;29.1;50;38;335;6;26.1;-90.5;26.1;-90.3
1081;AL122019;30;28.9;47;39;320;6;26.7;-91;26.6;-91.1
1082;AL122019;27;28.6;45;22;340;10;27.6;-91.6;27.6;-91.6
1083;AL122019;20;28.5;47;19;345;5;27.9;-91.8;27.9;-91.8
1084;AL122019;21;28.5;47;15;335;2;28.1;-91.9;28.1;-91.9
1085;AL122019;24;28.5;49;16;45;2;28.1;-91.9;28.2;-91.8
1086;AL132019;10;27.7;55;12;25;6;28.8;-55;28.7;-55.2
1087;AL132019;12;27.5;54;9;50;8;29.1;-54.2;29.2;-54.2
1088;AL132019;15;27.4;51;7;65;7;29.3;-53.3;29.4;-53.4
1089;AL132019;15;27.4;48;6;75;8;29.4;-52.4;29.4;-52.4
1090;AL132019;14;27.4;47;7;85;8;29.5;-51.5;29.4;-51.6
1091;AL132019;21;27.3;44;4;85;9;29.5;-50.6;29.5;-50.4
1092;AL132019;25;27.2;42;4;85;8;29.5;-49.8;29.6;-49.5
1093;AL132019;24;27.2;39;4;90;6;29.4;-49.3;29.5;-49.2
1094;AL132019;24;27.3;38;6;100;4;29.3;-48.9;29.3;-48.9
1095;AL132019;32;27.2;36;5;90;4;29.4;-48.4;29.4;-48.4
1096;AL132019;29;27.1;34;4;70;4;29.7;-48;29.6;-48
1097;AL132019;25;26.8;31;7;45;5;30.1;-47.7;30.1;-47.7
1098;AL132019;14;25.7;38;0;55;8;31.3;-45.7;31.5;-45.4
1099;AL132019;23;25.7;38;0;55;5;31.6;-45.3;31.6;-45.3
1100;AL142019;40;26.3;56;1;335;11;29.1;-53.4;29;-53.3
1101;AL142019;31;26;50;0;305;9;29.7;-54;29.5;-54
1102;AL142019;26;25.7;43;0;310;7;30.2;-54.5;29.9;-54.6
1103;AL142019;20;25.3;46;0;345;8;30.8;-54.7;30.7;-54.7
1104;AL142019;13;24.8;42;0;0;8;31.6;-54.7;31.5;-54.7
1105;AL142019;7;24.3;46;0;25;8;32.5;-54.4;32.4;-54.4
1106;AL142019;17;24;46;0;45;12;33.3;-53.2;33.2;-53.2
1107;AL142019;20;23.4;46;0;55;18;34.1;-51.4;34.2;-51.4
1108;AL142019;21;22.9;46;0;60;20;35.1;-49;35.1;-49
1109;AL142019;24;22;44;0;60;25;36.3;-46.4;36.5;-46.3
1110;AL142019;27;21.6;41;0;60;24;37.5;-43.5;37.5;-43.5
1111;AL142019;22;21.2;41;0;65;28;38.8;-40;38.4;-40
1112;AL142019;13;19.8;45;0;70;30;39.9;-36.6;39.6;-36.4
1113;AL142019;8;18.8;45;0;65;28;40.7;-33.3;40.6;-33.6
1114;AL142019;8;17.8;43;0;70;24;41.3;-30.2;41.2;-30.5
1115;AL012020;9;28.1;56;31;205;5;27.7;-78.9;27.6;-79
1116;AL012020;9;28.2;51;30;260;2;27.5;-79.1;27.6;-79.2
1117;AL012020;11;28.2;51;31;295;1;27.5;-79.2;27.5;-79.2
1118;AL012020;7;28.2;52;29;325;3;27.7;-79.3;27.7;-79.3
1119;AL012020;8;28.1;49;29;0;1;27.9;-79.2;27.7;-79.2
1120;AL012020;11;28;46;29;0;4;28.2;-79.1;28.1;-79.2
1121;AL012020;11;27.8;50;23;15;4;28.7;-79;28.8;-79
1122;AL012020;12;27.8;49;20;5;6;29.4;-79.1;29.4;-79.1
1123;AL012020;12;27.7;49;21;355;7;30.1;-79.2;30.2;-79.2
1124;AL012020;8;27.6;48;26;5;7;30.9;-79.1;30.8;-79.2
1125;AL012020;9;27.5;50;29;15;8;31.8;-78.8;31.8;-78.7
1126;AL012020;7;27.5;49;16;20;11;32.9;-78.3;32.9;-78.3
1127;AL012020;7;27.5;51;8;30;14;34;-77.3;34;-77.3
1128;AL012020;7;26.1;49;0;40;19;35.3;-76;35.4;-76
1129;AL012020;15;24.6;50;0;40;20;36.8;-74.4;36.8;-74.4
1130;AL012020;27;23.3;50;0;45;22;38.4;-72.4;38.4;-72.4
1131;AL012020;28;19.9;54;0;45;27;40.2;-69.7;40.3;-69.6
1132;AL012020;41;13.7;51;0;40;25;42.3;-67.6;42.3;-67.6
1133;AL012020;50;11.8;47;0;35;26;44.1;-66.5;44.5;-66.3
1134;AL022014;17;26.3;51;1;275;17;11.6;-43.1;11.5;-43.1
1135;AL022014;13;26.3;46;5;285;14;11.9;-44.4;12;-44.4
1136;AL022014;11;26.4;44;15;280;14;12.1;-45.7;12.1;-45.7
1137;AL022014;11;26.6;43;13;280;15;12.4;-47.2;12.4;-47.2
1138;AL022014;10;26.8;41;9;280;16;12.8;-48.8;12.8;-48.8
1139;AL022014;9;27;42;22;285;16;13.2;-50.4;13.2;-50.4
1140;AL022014;14;27.1;40;32;285;17;13.7;-52.2;13.7;-52.2
1141;AL022014;15;27.1;39;29;275;18;14;-55;14;-54
1142;AL022020;13;27.9;53;33;285;17;12.2;-54.6;12.1;-54.7
1143;AL022020;18;27.8;54;30;290;16;13;-56.2;12.7;-56.2
1144;AL022020;19;27.7;53;30;295;18;13.8;-58.1;13.6;-58
1145;AL022020;16;27.8;48;35;295;21;14.5;-60.3;14.5;-60.3
1146;AL022020;16;27.9;49;38;290;20;15.2;-62.3;15.3;-62.2
1147;AL022020;22;28;52;41;290;20;15.9;-64.1;15.9;-64.1
1148;AL022020;26;27.9;53;62;290;19;16.7;-65.9;16.7;-65.9
1149;AL022020;20;28.1;50;59;300;19;17.9;-67.6;17.8;-67.6
1150;AL022020;22;28.2;52;66;305;20;19.2;-69;19;-69.2
1151;AL022020;27;28.3;55;54;310;18;20.3;-70.4;20.2;-70.5
1152;AL022020;20;28.3;58;55;310;19;21.4;-71.6;21.5;-72.1
1153;AL022020;17;28.4;56;52;325;16;22.7;-72.5;22.7;-72.7
1154;AL022020;17;28.5;56;50;335;15;24.1;-73.1;24.1;-73
1155;AL022020;20;28.6;54;69;340;15;25.4;-73.5;25.4;-73.5
1156;AL022020;21;29;55;35;350;14;26.8;-73.6;26.8;-73.6
1157;AL022020;15;28.7;60;31;355;15;28.5;-73.6;28.6;-73.6
1158;AL022020;19;28.2;62;15;5;18;30.5;-73.4;30.5;-73.4
1159;AL022020;20;27.7;62;10;10;21;32.5;-73.2;32.6;-73.1
1160;AL022020;28;27.3;63;9;20;18;34.2;-72.7;34.1;-72.6
1161;AL022020;35;27.1;59;16;30;18;35.5;-71.2;35.5;-71.2
1162;AL022020;45;27.7;58;24;45;20;36.8;-69.3;36.8;-69.3
1163;AL022020;49;27;58;11;55;22;38.1;-66.9;38.1;-66.9
1164;AL022020;55;26;59;13;55;23;39.4;-64.1;39.4;-64.1
1165;AL032020;9;29.1;61;2;310;11;21.5;-72.2;21.5;-72.2
1166;AL032020;8;29;63;52;320;8;22;-72.5;22;-72.4
1167;AL032020;11;29.1;61;45;325;8;22.6;-72.9;22.6;-73
1168;AL032020;15;29.1;62;40;0;7;23.3;-73;23.3;-73
1169;AL032020;12;29.2;66;64;0;8;24;-73;24.1;-73
1170;AL032020;13;29.3;67;64;350;5;24.2;-73;24.6;-73.1
1171;AL032020;21;29.2;64;63;5;2;24.4;-72.9;24.3;-72.9
1172;AL032020;23;29.4;58;65;15;2;24.7;-72.7;24.7;-72.8
1173;AL032020;17;29.4;53;62;15;3;24.9;-72.4;25;-72.6
1174;AL032020;17;29.5;51;35;90;2;25.1;-72.1;25;-71.9
1175;AL032020;18;29.4;48;42;0;4;25.6;-72;25.5;-72
1176;AL032020;20;29.3;48;65;10;11;26.7;-71.8;26.7;-71.8
1177;AL032020;6;28.9;46;37;15;12;28.1;-71.4;28.1;-71.4
1178;AL032020;11;28.4;41;28;0;14;29.5;-71.5;29.7;-71.5
1179;AL032020;6;28.2;42;21;355;12;30.6;-72;30.4;-72
1180;AL032020;1;27.9;44;12;355;12;31.6;-72.2;31.7;-72.1
1181;AL032020;8;27.8;45;9;15;9;32.3;-71.8;32.1;-72
1182;AL032020;9;27.5;43;5;35;15;33.5;-70.7;33.5;-70.7
1183;AL032020;5;27.4;45;8;40;15;34.8;-69;34.8;-69
1184;AL032020;13;27.5;46;18;45;21;36.3;-67.1;36.4;-67.1
1185;AL032020;20;27;41;13;60;29;37.5;-63.6;37.5;-63.6
1186;AL032020;22;26.4;41;3;65;40;39.1;-58.8;39.2;-58.8
1187;AL032020;29;24.8;45;0;60;43;41.2;-53.9;41;-53.8
1188;AL032020;50;18.6;54;0;55;48;44.2;-49;44.4;-48.6
1189;AL042020;18;29.8;77;33;295;12;20;-93.2;19.9;-93.2
1190;AL042020;19;30;73;42;309;10;21.3;-93.4;20.6;-93.5
1191;AL042020;19;30.5;67;55;315;12;22.3;-94.3;22.3;-94.3
1192;AL042020;17;30.2;63;67;300;13;22.8;-95.6;23.2;-95.6
1193;AL042020;16;30.3;68;47;270;11;22.2;-96.7;22;-96.5
1194;AL042020;19;30.1;71;14;270;9;22;-97.3;21.9;-97.4
1195;AL042020;22;30;72;63;265;7;21.9;-98;21.8;-98
1196;AL042020;21;30;73;0;260;7;21.8;-98.8;21.7;-98.8
1197;AL052020;1;26.9;60;7;310;11;15.8;-36.5;15.9;-36.6
1198;AL052020;6;26.8;59;10;315;13;16.5;-37.7;16.7;-37.7
1199;AL052020;8;26.8;54;12;305;12;17.2;-39.2;17;-38.9
1200;AL052020;13;26.9;54;7;285;13;17.7;-40.8;17.3;-41.1
1201;AL052020;18;26.9;53;5;290;15;18.3;-42.3;18.2;-42.2
1202;AL052020;19;27.1;49;12;300;15;18.9;-43.6;19.2;-43.6
1203;AL052020;16;27.3;51;16;295;11;19.6;-44.8;19.3;-44.7
1204;AL052020;17;27.6;50;17;305;13;20.4;-45.7;20.4;-45.7
1205;AL052020;19;27.9;50;27;315;12;21.4;-46.4;21.4;-46.4
1206;AL052020;15;28.2;48;34;325;12;22.3;-47;22.3;-47
1207;AL052020;14;28.5;45;33;310;11;23;-47.9;23;-47.9
1208;AL052020;13;28.7;45;32;305;12;23.7;-49;23.6;-49.1
1209;AL052020;11;29;42;30;305;12;24.4;-50.3;24.4;-50
1210;AL052020;10;29.2;40;31;305;13;25.1;-51.5;25.1;-51.5
1211;AL052020;16;29.4;40;32;305;13;25.8;-52.7;25.8;-52.7
1212;AL052020;12;29.5;40;30;305;13;26.5;-54;26.5;-54
1213;AL052020;14;29.5;41;26;300;12;27;-55.1;27;-55.1
1214;AL052020;13;29.4;42;24;305;11;27.7;-56.1;27.7;-56.1
1215;AL052020;16;29.3;39;18;335;11;28.5;-56.7;28.6;-56.6
1216;AL052020;15;29;37;12;335;11;29.5;-57.3;29.6;-57.2
1217;AL052020;17;28.5;40;13;335;11;30.6;-57.8;30.6;-57.7
1218;AL052020;15;28;43;17;0;11;31.7;-57.7;31.7;-57.7
1219;AL052020;2;27.6;48;17;5;11;32.9;-57;32.9;-57
1220;AL052020;3;27.1;50;12;30;16;34.3;-56;34.4;-56
1221;AL052020;7;26.5;50;4;45;18;35.7;-54.5;35.7;-54.5
1222;AL052020;10;25.9;48;0;45;22;37.2;-52.4;37.2;-52.4
1223;AL052020;13;25.1;42;0;50;22;38.3;-49.5;38.3;-49.5
1224;AL052020;17;24.3;42;0;65;25;39.3;-46.7;39.3;-46.7
1225;AL052020;21;24.1;44;0;80;24;39.9;-44.1;39.9;-43.9
1226;AL052020;26;23.8;45;0;90;15;39.9;-42.1;39.9;-42.2
1227;AL052020;28;23.4;47;0;90;15;39.9;-40.1;39.9;-40.1
1228;AL052020;32;23.3;47;0;90;9;39.9;-38.9;39.9;-38.9
1229;AL052020;33;23.5;43;0;130;5;39.5;-38.1;39.6;-38.4
1230;AL052020;31;23.6;42;0;110;5;39.5;-37.4;39.5;-37.9
1231;AL062020;23;29.1;62;45;320;10;24.3;-64;24.3;-64
1232;AL062020;33;29.2;59;36;340;10;25.1;-64.5;25.3;-64.2
1233;AL062020;30;29.2;57;30;345;10;26;-65;26.3;-64.6
1234;AL062020;32;29.1;56;22;350;13;27.2;-65.3;27.2;-65.3
1235;AL062020;32;28.6;54;26;345;15;28.7;-65.4;28.7;-65.5
1236;AL062020;37;28.1;51;19;5;15;30.2;-65.2;30.2;-65.2
1237;AL062020;36;27.6;51;26;10;15;31.7;-64.9;31.7;-64.6
1238;AL062020;33;27.3;52;18;15;16;33.1;-63.9;33.3;-63.8
1239;AL062020;36;26.9;46;7;35;17;33.6;-61.9;34.3;-61.9
1240;AL062020;37;26.5;40;2;80;21;33.9;-59;33.9;-59.4
1241;AL072020;1;29.1;51;76;270;10;16.4;-58.8;16.4;-59
1242;AL072020;8;29.1;51;1;270;10;16.5;-59.7;16.5;-59.7
1243;AL072020;13;29.2;55;1;280;9;16.7;-60.6;16.7;-60.5
1244;AL072020;14;29.2;49;1;285;9;17;-61.5;17;-61.5
1245;AL072020;9;29.2;49;1;295;10;17.6;-62.4;17.5;-62.5
1246;AL072020;15;29.2;52;75;310;10;18.3;-63.2;18.3;-63.1
1247;AL072020;20;29.2;51;76;315;10;19.1;-64;19.1;-64
1248;AL072020;12;29.1;52;74;315;11;19.9;-64.8;19.9;-64.8
1249;AL072020;11;29;52;74;320;11;20.8;-65.5;20.8;-65.6
1250;AL072020;13;28.9;52;78;325;11;21.7;-66.2;21.8;-66.2
1251;AL072020;12;28.9;49;64;325;11;22.5;-67;22.6;-67
1252;AL072020;4;29;51;59;320;10;23.1;-67.7;23.2;-67.7
1253;AL072020;5;29;52;68;320;9;23.8;-68.3;23.8;-68.3
1254;AL072020;4;29.1;52;59;330;8;24.4;-68.6;24.3;-68.6
1255;AL072020;12;29.1;54;49;355;7;25;-68.7;25;-68.7
1256;AL072020;10;29;55;37;0;6;25.6;-68.7;25.6;-68.7
1257;AL072020;8;28.9;52;33;10;8;26.5;-68.3;26.6;-68.4
1258;AL072020;9;28.8;50;40;25;10;27.4;-67.8;27.4;-67.8
1259;AL072020;11;28.4;41;22;25;13;28.6;-67.2;28.7;-67.1
1260;AL072020;9;28;40;6;25;13;29.8;-66.5;29.9;-66.5
1261;AL072020;17;27.6;37;1;25;14;31;-65.7;31.1;-65.6
1262;AL072020;20;27.3;32;1;35;14;32.2;-64.9;32.2;-64.9
1263;AL072020;21;26.9;32;3;30;16;33.7;-63.9;33.7;-63.8
1264;AL072020;17;26.4;33;0;30;19;35.6;-62.6;35.5;-62.8
1265;AL072020;21;26.1;37;0;30;30;38.2;-60.9;38.2;-61
1266;AL072020;27;24;39;0;40;34;41.2;-58.3;41;-58.5
1267;AL072020;34;15.5;43;0;40;45;44.5;-54.8;44.5;-54.8
1268;AL072020;36;10.4;49;0;50;45;47.8;-50.1;47.8;-50.1
1269;AL072020;40;11.4;53;0;55;45;50.6;-44.8;50.7;-45
1270;AL082020;24;29.5;79;19;85;6;19.5;-93.3;19.4;-93.2
1271;AL082020;23;29.5;80;18;90;5;19.5;-92.9;19.4;-92.6
1272;AL082020;19;29.5;77;17;80;3;19.4;-92.4;19.4;-92.4
1273;AL082020;19;29.4;73;18;95;4;19.3;-91.9;19.3;-91.9
1274;AL082020;15;29.3;74;21;105;6;19.2;-91.3;19.1;-91.2
1275;AL082020;8;28.9;55;21;240;6;14.9;-83;14.6;-82.9
1276;AL082020;7;28.9;58;46;260;6;14.9;-83.5;14.7;-83.6
1277;AL082020;5;29;60;37;260;6;15;-84.3;14.5;-84.3
1278;AL012021;9;24.6;41;0;330;1;31.5;-77.6;31.5;-77.7
1279;AL012021;6;24.8;44;0;0;1;31.5;-77.5;31.5;-77.5
1280;AL012021;7;24.8;43;0;0;0;31.6;-77.4;31.5;-77.4
1281;AL012021;16;24.6;43;0;15;2;31.9;-77.3;31.9;-77.3
1282;AL012021;18;24.4;42;0;340;3;32.2;-77.5;32.2;-77.5
1283;AL012021;22;23.8;45;0;340;4;32.5;-77.8;32.6;-77.8
1284;AL012021;20;23.3;47;0;320;3;32.7;-78;32.7;-78.1
1285;AL012021;21;23;48;0;325;4;33.1;-78.3;33;-78.2
1286;AL012021;21;22.1;47;0;330;4;33.5;-78.6;33.6;-78.6
1287;AL012021;13;21.6;57;0;330;4;33.9;-78.8;33.9;-78.9
1288;AL012021;11;21.6;54;0;0;3;34.3;-78.7;34.1;-78.8
1289;AL022021;13;28.9;67;28;320;10;27;-94.3;27;-94
1290;AL022021;13;29.1;66;16;310;12;27.6;-95.2;27.6;-95.3
1291;AL022021;10;29.2;67;12;310;9;28;-96;28.2;-96
1292;AL022021;15;29.2;70;1;280;7;28.2;-96.7;28.2;-96.7
1293;AL022021;18;28.9;67;43;315;7;29.1;-96.9;29;-96.9
1294;AL022021;16;27.4;60;0;350;11;30.3;-97.1;30.4;-97.1
1295;AL032021;29;26.9;49;14;60;16;37.6;-67.5;37.6;-67.5
1296;AL032021;30;26.6;46;24;60;17;38.4;-65.7;38.4;-65.7
1297;AL032021;32;25.5;50;4;50;17;39.4;-64.1;39.5;-64.2
1298;AL032021;34;22.7;49;0;50;18;40.7;-62;40.7;-62
1299;AL032021;31;20;52;0;50;18;42;-60;41.8;-60.4
1300;AL032021;31;16.5;56;0;45;18;43.5;-58.2;43.1;-58.5
1301;AL042021;4;28.2;61;16;280;11;10.5;-35.9;10.5;-35.9
1302;AL042021;3;28.1;63;15;280;11;10.7;-37.1;10.8;-37
1303;AL042021;1;28.1;64;14;285;12;10.9;-38.4;11.1;-38.3
1304;AL042021;4;28.1;64;7;285;12;11;-39.5;11.3;-39.6
1305;AL042021;5;28.3;67;11;275;10;11.2;-40.6;11.1;-40.7
1306;AL042021;8;28.2;65;12;280;9;11.5;-41.5;11.4;-41.5
1307;AL042021;6;28;63;10;295;9;11.7;-42.5;11.9;-42.3
1308;AL042021;2;27.9;58;10;290;9;11.9;-43.5;12.1;-43.2
1309;AL042021;3;27.7;53;11;285;10;12.3;-44.4;12.3;-44.4
1310;AL042021;1;27.5;53;11;295;10;12.8;-45.3;12.8;-45.3
1311;AL042021;2;27.4;52;15;295;10;13.2;-46.2;13.2;-46.2
1312;AL042021;1;27.3;51;19;290;9;13.5;-47;13.5;-47
1313;AL042021;8;27.3;52;19;290;9;13.8;-47.8;13.8;-47.8
1314;AL042021;10;27.2;46;16;295;9;14.3;-48.6;14.3;-48.6
1315;AL042021;10;27.1;45;12;295;8;14.7;-49.4;14.6;-49.3
1316;AL042021;12;27.1;42;10;295;9;15;-50.3;15;-50.3
1317;AL042021;13;27.1;41;12;290;10;15.3;-51.4;15.3;-51.4
1318;AL042021;17;27.3;37;15;285;12;15.5;-52.7;15.7;-52.7
1319;AL042021;19;27.5;40;19;275;13;15.6;-54;15.6;-54.1
1320;AL042021;18;27.7;39;24;275;13;15.7;-55.3;15.7;-55.3
1321;AL042021;18;28;39;35;270;13;15.7;-56.7;15.7;-56.7
1322;AL042021;17;28.1;37;56;260;14;15.6;-58.2;15.6;-58.2
1323;AL042021;14;28.2;39;64;270;13;15.6;-59.3;15.6;-59.3
1324;AL042021;20;28.2;40;56;275;8;15.8;-60.4;15.7;-60.1
1325;AL042021;16;28.3;39;15;275;10;15.8;-61.3;15.9;-61.5
1326;AL052015;9;27.5;63;30;275;18;14.4;-46.9;14.4;-46.9
1327;AL052015;9;27.5;61;22;275;17;14.7;-48.6;14.5;-48.6
1328;AL052015;12;27.4;60;11;280;17;15;-50.2;15;-50.2
1329;AL052015;10;27.4;59;12;280;17;15.3;-51.9;15.3;-51.9
1330;AL052015;11;27.7;56;18;285;16;15.7;-53.6;15.8;-53.6
1331;AL052015;12;27.9;56;24;280;15;15.9;-55.2;15.9;-55.2
1332;AL052015;16;28.1;54;33;280;16;16.2;-56.8;16.2;-56.8
1333;AL052015;13;28.2;53;52;280;15;16.4;-58.2;16.4;-58.2
1334;AL052015;15;28.3;53;48;280;14;16.6;-59.5;16.7;-59.5
1335;AL052015;19;28.3;52;41;280;14;16.5;-60.8;16.8;-60.8
1336;AL052015;21;28.4;54;46;270;15;16.5;-62.2;16.5;-62.5
1337;AL052015;17;28.4;52;42;285;13;16.6;-63.6;16.6;-63.5
1338;AL052015;19;28.5;53;40;275;12;17.2;-65.1;16.8;-64.6
1339;AL052015;23;28.5;53;51;285;15;17.5;-66.8;17.4;-66.9
1340;AL052015;27;28.4;56;51;285;14;17.6;-68.6;17.6;-68.4
1341;AL062021;8;28.2;72;8;305;11;12.2;-18.4;12.2;-18.5
1342;AL062021;8;28.4;70;11;310;12;13.1;-19.5;13.1;-19.5
1343;AL062021;5;28.3;69;14;310;15;14;-20.7;14.1;-20.8
1344;AL062021;1;28;67;9;310;14;14.6;-21.7;14.9;-21.9
1345;AL062021;2;27.7;67;6;305;12;15.3;-22.5;15.3;-22.5
1346;AL062021;4;27.8;63;1;310;10;16.1;-23.3;16.1;-23.3
1347;AL062021;9;27.1;61;13;310;11;16.8;-24.1;16.9;-24.2
1348;AL062021;12;26.7;62;14;310;10;17.4;-24.9;17.5;-24.9
1349;AL062021;14;26.5;60;9;305;9;17.8;-25.7;17.8;-25.7
1350;AL062021;11;26.4;58;12;295;9;18.2;-26.7;18.1;-26.6
1351;AL062021;15;26.3;53;5;300;10;18.7;-27.6;18.6;-27.6
1352;AL062021;17;26.3;52;4;295;11;19.1;-28.7;19.1;-28.6
1353;AL062021;22;26.2;48;0;290;11;19.3;-29.7;19.4;-29.7
1354;AL062021;26;26.2;45;0;285;9;19.6;-30.5;19.6;-30.5
1355;AL062021;30;26.2;43;0;290;9;20;-31.4;20;-31.4
1356;AL062021;29;26.1;43;0;295;9;20.4;-32.2;20.4;-32.3
1357;AL062021;31;26.1;41;0;295;6;20.7;-32.9;20.7;-32.9
1358;AL062021;35;26.1;40;0;300;8;21.3;-33.7;21.3;-33.7
1359;AL062021;35;26.2;39;0;300;9;21.8;-34.9;21.8;-34.9
1360;AL062021;32;26.4;39;0;290;10;21.9;-36;21.9;-36
1361;AL062021;30;26.5;38;0;275;9;22;-36.9;22;-36.8
1362;AL062021;36;26.7;36;13;280;9;22.2;-37.9;22.2;-37.9
1363;AL062021;41;26.8;34;15;280;9;22.4;-38.7;22.4;-38.7
1364;AL062021;40;27;36;16;290;9;22.7;-39.6;22.7;-39.6
1365;AL062021;38;27.2;39;16;290;10;23;-40.6;23.1;-40.6
1366;AL062021;35;27.3;40;18;290;9;23.3;-41.5;23.3;-41.5
1367;AL062021;31;27.4;37;19;290;9;23.5;-42.2;23.6;-42.3
1368;AL062021;25;27.4;39;20;285;7;23.8;-42.9;23.7;-42.9
1369;AL062021;20;27.6;45;22;330;9;24.5;-43.3;24.5;-43.3
1370;AL062021;19;27.7;47;19;10;7;25.3;-43.2;25.2;-43.1
1371;AL072021;8;28.3;64;7;285;14;12.2;-24.4;12.2;-24.6
1372;AL072021;9;28.3;62;6;285;12;12.3;-25.7;12.5;-25.7
1373;AL072021;6;28.3;59;7;280;12;12.4;-26.9;12.7;-26.9
1374;AL072021;10;28.5;56;8;270;11;12.5;-28;12.3;-28
1375;AL072021;5;28.5;54;6;280;11;12.7;-29.2;12.7;-29.2
1376;AL072021;5;28.3;51;6;280;13;12.9;-30.5;13.1;-30.5
1377;AL072021;5;28;48;9;280;13;13.2;-31.9;13.2;-31.8
1378;AL072021;3;27.8;48;11;275;13;13.5;-33.4;13.4;-33.1
1379;AL072021;11;28.1;45;11;280;15;13.7;-35;13.6;-35.1
1380;AL072021;15;28.1;42;10;280;16;13.8;-36.7;14;-36.7
1381;AL072021;16;28.1;43;10;275;17;13.9;-38.4;13.9;-38.4
1382;AL072021;18;28.1;44;8;275;17;14;-40.1;14;-40.1
1383;AL072021;21;28.1;42;9;275;17;14;-41.8;14.2;-41.9
1384;AL072021;20;27.9;40;19;275;16;14;-43.4;14.3;-43.4
1385;AL072021;19;27.8;42;24;275;16;14;-44.9;14.5;-45
1386;AL072021;19;28;44;26;270;15;14;-46.4;14.2;-46.4
1387;AL082021;18;28.7;42;16;0;0;30.8;-61.2;30.9;-61.4
1388;AL082021;19;28.7;45;15;120;3;30.8;-61;30.7;-60.9
1389;AL082021;19;28.7;44;15;115;3;30.9;-60.8;30.6;-60.6
1390;AL082021;19;28.5;44;12;0;4;31.2;-60.8;31.1;-60.6
1391;AL082021;17;28.6;50;13;320;3;31.6;-60.9;31.1;-61.1
1392;AL082021;19;28.1;51;6;0;7;32.2;-60.9;32.1;-60.9
1393;AL082021;18;27.7;50;5;5;10;33.2;-60.9;33.2;-60.8
1394;AL082021;13;27.5;53;11;5;11;34.3;-60.7;34.2;-60.8
1395;AL082021;6;27.4;55;16;5;12;35.7;-60.3;35.5;-60.6
1396;AL092015;9;28;57;15;340;7;14.5;-43.7;14.6;-43
1397;AL092015;6;28;56;27;310;8;15;-44.4;15;-44.4
1398;AL092015;13;27.9;59;22;305;9;15.3;-44.8;15.5;-44.9
1399;AL092015;19;28;58;15;325;6;15.6;-45;16;-45.1
1400;AL092015;17;28;59;17;325;4;15.9;-45.1;15.9;-45.2
1401;AL092015;17;28;58;13;0;3;16.3;-45.1;16.2;-45
1402;AL092015;24;28;61;9;0;4;16.8;-45.2;17;-45
1403;AL092015;28;28.1;57;10;340;6;17.3;-45.8;17.3;-45.4
1404;AL092015;29;28.2;52;18;290;7;17.6;-46.6;17.5;-46.6
1405;AL092015;31;28.2;52;20;295;5;17.9;-47.3;17.7;-47
1406;AL092015;33;28.3;55;25;290;7;18.1;-48.1;18.1;-47.9
1407;AL092015;33;28.4;53;27;290;10;18.3;-48.8;18.4;-49
1408;AL092015;34;28.4;51;27;280;4;18.5;-49.4;18.4;-49.4
1409;AL092021;2;27.8;76;25;285;8;13.2;-36.4;13;-36.4
1410;AL092021;4;27.8;76;27;285;7;13.4;-37;13.2;-37
1411;AL092021;9;27.7;75;25;305;5;13.7;-37.6;13.6;-37.3
1412;AL092021;9;27.7;71;24;305;8;14.1;-38.4;14.1;-38
1413;AL092021;11;27.8;69;20;295;10;14.6;-39.4;14.5;-39.2
1414;AL092021;12;27.8;71;13;300;12;15.1;-40.6;15.3;-40.3
1415;AL092021;11;27.9;70;9;290;13;15.6;-41.9;15.7;-41.9
1416;AL092021;13;27.9;67;8;295;14;16.2;-43.1;16.3;-43
1417;AL092021;16;28;66;13;295;14;16.9;-44.4;16.8;-44.3
1418;AL092021;17;28.2;65;15;305;15;17.8;-45.6;17.9;-45.6
1419;AL092021;11;28.3;68;20;310;13;18.8;-46.5;18.6;-46.6
1420;AL092021;8;28.5;69;19;315;10;19.7;-47.3;19.5;-47.2
1421;AL092021;8;28.5;68;16;325;8;20.5;-48.1;20.2;-47.7
1422;AL092021;10;28.9;68;19;320;10;20.9;-48.7;21;-48.5
1423;AL092021;7;29.1;67;34;315;9;21.3;-48.9;21.6;-49.5
1424;AL092021;9;29;66;22;105;5;21.4;-48.5;21.4;-48.8
1425;AL092021;18;28.8;63;17;90;2;21.4;-47.9;21;-48
1426;AL092021;20;28.7;61;17;125;6;21.1;-47.4;20.6;-48
1427;AL092021;30;28.5;60;11;90;2;20.9;-47.2;21;-46.9
1428;AL092021;30;28.4;55;13;180;2;20.6;-47.2;20.5;-47.2
1429;AL092021;30;28.3;50;14;180;3;20.3;-47.2;20;-47.2
1430;AL092021;22;28.2;47;12;175;3;19.9;-46.9;19.9;-46.8
1431;AL092021;18;28.1;47;9;100;5;19.7;-46.4;19.8;-46.3
1432;AL092021;23;27.9;45;11;110;5;19.7;-45.7;19.5;-45.7
1433;AL092021;25;27.8;45;13;85;6;20;-45.2;20;-44.9
1434;AL092021;21;28.1;42;16;45;6;20.5;-45;21;-45
1435;AL092021;25;28.2;42;15;330;5;21;-45;21.2;-45.2
1436;AL092021;24;28.3;43;17;330;3;21.4;-45;21.5;-45.3
1437;AL092021;21;28.3;43;19;0;3;21.8;-45.1;21.9;-45
1438;AL092021;19;28.5;42;20;350;4;22.2;-45.2;22.3;-45.3
1439;AL092021;22;28.6;42;21;345;3;22.6;-45.5;22.5;-45.4
1440;AL092021;20;28.8;41;21;325;6;23.1;-45.8;23;-45.8
1441;AL092021;18;29.1;39;19;330;7;23.6;-46.2;23.9;-46.2
1442;AL092021;18;29.2;35;19;320;7;24;-46.7;24.2;-46.8
1443;AL092021;19;29.3;34;19;285;4;24.3;-47.2;24.2;-47.2
1444;AL092021;15;29.4;34;19;280;5;24.5;-47.7;24.3;-47.8
1445;AL092021;15;29.5;37;20;285;5;24.6;-48.1;24.7;-48.2
1446;AL092021;18;29.5;38;19;275;4;24.5;-48.7;24.6;-48.5
1447;AL112015;14;29.7;73;52;335;2;27.4;-69;27.4;-68.6
1448;AL112015;20;29.7;70;57;305;1;27.6;-69.3;27.3;-68.8
1449;AL112015;24;29.5;69;52;295;2;27.7;-69.7;27.6;-69.1
1450;AL112015;21;29.6;65;54;270;5;27.4;-70;27.5;-70
1451;AL112015;23;29.8;63;60;200;5;26.9;-70.1;26.8;-70.2
1452;AL112015;22;29.8;62;57;265;4;26.5;-70.3;26.6;-70.4
1453;AL112015;23;29.8;60;53;260;4;26.2;-70.5;26.5;-70.6
1454;AL112015;19;29.9;59;47;220;4;26;-70.8;26;-70.8
1455;AL112015;18;29.9;58;43;240;5;25.8;-71.3;25.8;-71.5
1456;AL112015;15;29.9;59;47;250;4;25.4;-71.8;25.6;-72
1457;AL112015;19;29.9;60;51;220;6;24.9;-72.2;24.8;-72.3
1458;AL112015;23;29.8;60;54;225;7;24.4;-72.5;24.5;-72.9
1459;AL112015;20;29.7;61;56;215;5;23.9;-72.9;23.9;-73
1460;AL112015;16;29.7;59;56;230;5;23.5;-73.3;23.5;-73.5
1461;AL112015;15;29.7;61;56;220;5;23.1;-73.7;23.1;-73.7
1462;AL112015;15;29.7;62;58;235;5;23;-74.2;23;-74.2
1463;AL112015;14;29.8;64;59;250;4;22.9;-74.4;22.9;-74.4
1464;AL112015;5;29.8;64;62;280;3;23;-74.7;23;-74.7
1465;AL112015;10;29.8;63;45;320;3;23.4;-74.8;23.3;-74.8
1466;AL112015;7;29.8;63;25;0;5;23.8;-74.7;23.8;-74.8
1467;AL112015;13;29.8;61;39;20;5;24.3;-74.3;24.3;-74.3
1468;AL112015;19;29.8;60;50;45;9;24.8;-73.6;24.9;-73.7
1469;AL112015;27;29.9;63;58;50;9;25.4;-72.6;25.6;-72.6
1470;AL112015;27;29.8;66;31;55;14;26.3;-71;26.4;-71
1471;AL112015;28;29.6;69;37;55;17;27.4;-69.5;27.4;-69.5
1472;AL112015;28;29.1;71;22;45;18;28.9;-68.3;29;-68.2
1473;AL112015;25;28.7;68;5;40;18;30.4;-67.2;30.4;-67.1
1474;AL112015;13;28.2;69;3;15;14;31.6;-66.5;31.7;-66.6
1475;AL112015;16;27.9;62;4;30;12;32.6;-66;32.6;-65.8
1476;AL112015;17;27.6;59;6;30;12;33.6;-65.6;33.6;-65.4
1477;AL112015;11;26.7;55;3;25;11;34.4;-65.2;34.6;-64.9
1478;AL112015;10;26.7;52;3;25;10;35.3;-64.5;35.4;-64.3
1479;AL112015;13;26.7;50;5;35;12;36.2;-63.6;36.4;-63.4
1480;AL112015;16;26.7;53;8;45;13;37;-62.3;37.1;-62.1
1481;AL112015;17;26.8;55;5;55;15;37.9;-60.4;37.9;-60.4
1482;AL112015;22;26.7;57;2;60;17;38.8;-58;38.8;-58
1483;AL112015;24;26.3;52;0;65;25;39.6;-54.9;39.6;-54.9
1484;AL112015;30;24.9;49;0;75;27;40.3;-51.5;40.2;-51.3
1485;AL112015;38;22.2;47;0;75;30;41;-47.5;40.8;-47.6
1486;AL112015;37;22.1;43;0;75;32;41.5;-43.3;41.3;-43.2
1487;AL112015;48;20.4;41;0;80;31;41.9;-39.1;41.9;-39.1
1488;AL102021;8;28.7;64;53;305;12;22.8;-72.6;22.7;-72.4
1489;AL102021;7;28.5;62;69;295;12;23.4;-73.7;23.2;-73.7
1490;AL102021;4;28.3;63;56;305;13;24.1;-74.8;24.1;-74.8
1491;AL102021;5;28;65;30;310;12;25;-75.7;25;-75.7
1492;AL102021;10;27.6;66;37;350;15;26.4;-76.2;26.7;-76.1
1493;AL102021;14;27.1;65;33;0;14;28;-76.2;28;-76.1
1494;AL102021;17;26.5;62;10;25;16;29.5;-75.4;29.5;-75.4
1495;AL102021;21;25.9;55;0;35;21;31.2;-74;31.2;-74
1496;AL102021;28;24.9;53;0;50;28;33.1;-71.3;33.1;-71.3
1497;AL102021;33;25.1;56;0;50;33;35.2;-67.6;35.2;-67.6
1498;AL102021;37;24.2;63;0;65;39;36.2;-62.5;36.2;-62.5
1499;AL102021;42;24.6;66;0;65;38;37.6;-58.2;37.6;-58.2
1500;AL102021;50;24.5;65;0;65;37;38.9;-55;39.3;-54.3
1501;AL102021;46;23.2;68;0;60;29;40;-52;40.3;-51.6
1502;AL012022;18;21.7;55;0;45;13;27.9;-30.4;27.9;-30.4
1503;AL012022;9;19.8;55;0;15;19;32.5;-28;32.6;-28
1504;AL012022;20;19.1;55;0;10;16;33.9;-27.6;33.8;-27.8
1505;AL012022;17;17.5;56;0;10;19;35.4;-27.2;35.8;-27.1
1506;AL012022;12;15.8;57;0;10;22;38;-27;38.4;-26.9
1507;AL012022;21;14.8;63;0;0;35;41.5;-27.7;41.5;-27.7
1508;AL022022;19;25.3;57;0;295;11;28.3;-74.4;28.2;-74.2
1509;AL022022;22;25;52;0;300;10;28.8;-75.5;28.8;-75.2
1510;AL022022;13;25.8;48;0;300;12;29.4;-76.7;29.5;-76.5
1511;AL022022;13;26.1;48;0;300;13;30;-78;30;-78
1512;AL022022;23;25.3;50;5;310;11;30.7;-79.1;30.8;-79.1
1513;AL022022;24;25;52;7;300;5;31;-79.4;30.9;-79.4
1514;AL022022;21;24.4;58;4;0;6;31.7;-79.4;31.5;-79.4
1515;AL022022;22;23.3;64;0;355;9;32.7;-79.7;32.7;-79.7
1516;AL022022;20;22.7;62;0;330;2;33;-80.3;33.1;-80.4
1517;AL022022;20;22.8;59;0;160;1;32.7;-80.3;32.9;-80.3
1518;AL022022;17;23.3;57;0;85;5;33.1;-80;32.9;-79.6
1519;AL022022;19;23.6;57;0;55;2;33.3;-79.8;33.5;-79.7
1520;AL022022;14;24.2;52;0;120;3;33.1;-78.8;32.9;-79
1521;AL022022;2;23.4;58;1;60;7;35.1;-75.4;34.9;-75.4
1522;AL022022;6;23;60;0;45;5;35.4;-75;35.3;-75.1
1523;AL022022;10;23;60;0;45;4;35.6;-74.5;35.6;-74.6
1524;AL022022;8;23.4;62;1;70;6;35.7;-73.7;35.7;-73.7
1525;AL022022;6;23.7;64;0;80;8;35.9;-72.6;35.9;-72.5
1526;AL022022;12;23.7;61;0;85;10;35.9;-71.4;35.9;-71.2
1527;AL022022;20;23.4;59;0;90;10;35.9;-70.2;35.9;-70.1
1528;AL022022;27;22.9;58;0;90;10;35.9;-68.9;35.9;-68.8
1529;AL022022;24;22.6;60;0;95;12;35.6;-67.3;35.7;-67.2
1530;AL022022;24;22.4;55;0;110;12;35.1;-65.9;35.1;-65.9
1531;AL022022;34;22.3;52;0;105;12;34.8;-64.6;34.8;-64.5
1532;AL032022;22;27.7;79;12;0;10;22.4;-87.9;22.7;-88.1
1533;AL032022;19;27.7;80;15;0;8;23.2;-87.8;23.2;-87.8
1534;AL032022;20;27.9;78;21;10;10;24.6;-87.6;24.4;-87.6
1535;AL032022;23;28.3;76;53;10;17;26.4;-87.3;26.4;-87.3
1536;AL032022;28;28;72;7;20;20;28.1;-86.1;28.2;-86.2
1537;AL032022;29;27.6;67;6;40;19;29.4;-84.3;29.3;-84.6
1538;AL032022;38;26.5;63;13;55;24;30.7;-82.1;30.7;-82.1
1539;AL032022;45;25.6;58;0;55;29;33.2;-78.5;33.4;-78.2
1540;AL032022;53;23.9;56;1;50;35;35.5;-74.4;35.4;-74.5
1541;AL052022;15;29.4;73;23;275;6;19.8;-95.1;20;-95.1
1542;AL052022;15;29.3;75;20;275;6;20;-95.5;20.1;-95.7
1543;AL052022;12;29.3;74;22;285;5;20.7;-96.1;20.6;-96
1544;AL052022;13;29.2;71;17;310;8;21.3;-96.8;21.2;-96.7
1545;AL052022;14;29;70;2;280;7;21.1;-97.8;21.2;-97.5
1546;AL052022;13;29.1;70;12;250;10;20.8;-98.7;20.8;-98.7
1547;AL062022;11;29;65;37;270;18;16.3;-80.8;16.3;-80.8
1548;AL062022;13;29.2;71;33;280;14;16.4;-82.2;16.4;-82.3
1549;AL062022;12;29.2;71;33;275;12;16;-83.1;16;-83.1
1550;AL062022;13;29.5;69;32;270;11;16.3;-84.3;16.3;-84.3
1551;AL062022;11;29.7;71;36;280;10;16.9;-85.4;16.9;-85.4
1552;AL062022;8;29.8;75;36;280;13;17.3;-86.9;17.3;-86.9
1553;AL062022;10;30.1;74;9;280;14;17.4;-88.3;17.4;-88.3
1554;AL062022;17;30.1;73;51;270;13;17.4;-89.4;17.3;-89.4
1555;AL062022;14;30;76;20;270;9;17.6;-90.3;17.4;-90.3
1556;AL062022;12;30;77;45;290;9;18;-91.2;18;-91.2
1557;AL062022;16;29.8;78;45;285;10;18.3;-92.3;18.3;-92.3
1558;AL062022;18;29.5;78;4;285;11;18.5;-93.5;18.5;-93.6
1559;AL062022;15;29.4;77;14;280;11;18.7;-94.7;18.7;-94.7
1560;AL062022;13;29.4;79;28;270;9;18.9;-95.6;18.8;-95.6
1561;AL062022;15;29.6;78;36;275;9;19;-96.5;19;-96.5
1562;AL062022;13;29.8;79;27;275;9;19;-97.5;19;-97.5
1563;AL072022;9;27.7;63;17;310;13;12.4;-33.6;12.2;-33.6
1564;AL072022;9;27.4;62;13;305;13;12.9;-34.8;12.9;-34.7
1565;AL072022;5;27;61;10;305;13;13.7;-36;13.6;-35.8
1566;AL072022;1;26.8;57;8;305;14;14.5;-37.3;14.7;-37.2
1567;AL072022;3;26.8;57;9;300;14;15.2;-38.5;15.2;-38.5
1568;AL072022;6;26.8;60;6;300;14;15.7;-39.4;15.8;-39.6
1569;AL072022;9;26.8;59;6;300;7;16.1;-40.1;16.2;-40.2
1570;AL072022;13;26.7;58;7;305;8;16.5;-40.8;16.7;-40.9
1571;AL072022;13;26.8;57;10;305;7;16.9;-41.5;16.9;-41.4
1572;AL072022;13;26.8;52;14;300;9;17.3;-42.3;17.3;-42.2
1573;AL072022;16;26.9;49;17;295;8;17.7;-43.1;17.6;-43
1574;AL072022;20;27;46;13;295;8;18;-43.9;18;-43.9
1575;AL072022;19;27.2;47;10;295;10;18.5;-44.9;18.4;-45
1576;AL072022;19;27.4;45;11;295;11;19.2;-46.1;18.9;-46.1
1577;AL072022;27;27.6;40;12;300;12;20;-47.2;20;-47.2
1578;AL072022;32;27.8;38;12;305;13;20.8;-48.4;20.9;-48.5
1579;AL072022;30;27.8;40;20;305;13;21.5;-49.6;21.5;-49.6
1580;AL072022;31;27.8;41;19;290;13;22.1;-51.1;21.9;-51
1581;AL072022;33;28;39;21;290;15;22.6;-52.6;22.6;-52.6
1582;AL072022;32;28.2;38;27;290;15;23.1;-54.2;23.1;-54.2
1583;AL072022;31;28.4;41;23;290;16;23.7;-55.9;23.7;-55.9
1584;AL072022;30;28.7;42;25;290;16;24.2;-57.6;24.2;-57.6
1585;AL072022;27;29.2;42;27;285;16;24.5;-59.1;24.5;-59.1
1586;AL072022;22;29.5;45;35;285;15;25;-60.5;24.9;-60.7
1587;AL072022;22;29.7;51;43;290;13;25.3;-61.7;25.3;-61.6
1588;AL072022;21;29.8;54;46;290;11;25.6;-62.9;25.6;-62.9
1589;AL072022;15;29.9;57;43;290;11;25.9;-64;25.9;-64
1590;AL082022;9;28;71;8;280;18;12;-28.2;12;-28.2
1591;AL082022;10;28;70;12;285;17;12.5;-29.9;12.4;-29.9
1592;AL082022;11;27.9;71;14;285;17;13;-31.6;12.9;-31.6
1593;AL082022;8;27.7;67;8;285;18;13.5;-33.4;13.5;-33.7
1594;AL082022;5;27.5;66;9;285;17;13.9;-35;13.9;-35.1
1595;AL082022;2;27.2;66;11;290;16;14.2;-36.5;14.4;-36.5
1596;AL082022;8;27.1;68;13;285;15;14.8;-37.9;14.6;-38
1597;AL082022;11;26.8;71;10;295;13;15.8;-39.1;15.6;-38.9
1598;AL082022;13;26.6;70;7;315;14;16.9;-40.2;16.8;-39.9
1599;AL082022;16;26.6;70;12;315;16;18;-41.4;18.1;-41.5
1600;AL082022;20;26.8;68;15;310;15;18.9;-42.7;18.9;-42.7
1601;AL082022;21;27.1;69;11;310;15;19.8;-44;19.8;-43.9
1602;AL082022;22;27.4;69;6;315;15;21;-45;21;-45
1603;AL082022;27;27.5;66;5;320;15;22.3;-46;22.2;-45.9
1604;AL082022;26;27.6;67;9;320;15;23.6;-47;23.4;-47
1605;AL082022;22;27.8;62;21;330;15;24.8;-47.9;24.7;-47.7
1606;AL082022;12;28.1;57;32;320;15;25.8;-49.1;25.8;-49.1
1607;AL082022;13;28.4;55;33;315;14;26.7;-50.3;26.6;-50.3
1608;AL082022;10;28.7;50;24;310;14;27.5;-51.5;27.6;-51.5
1609;AL082022;6;29;47;23;300;13;28.1;-52.8;28.1;-52.8
1610;AL082022;6;29.1;45;24;310;13;28.7;-53.6;28.9;-53.7
1611;AL082022;8;29.2;43;26;305;8;29.3;-54.2;29.2;-54.1
1612;AL082022;10;29.2;39;27;325;8;29.9;-54.5;29.9;-54.5
1613;AL082022;7;29.1;41;28;330;5;30.3;-54.7;30.3;-54.7
1614;AL082022;4;29.1;41;30;320;5;30.5;-55;30.6;-55
1615;AL082022;8;29.1;38;31;305;3;30.6;-55.2;30.6;-55.2
1616;AL082022;8;29.1;37;31;0;1;30.7;-55.3;30.7;-55.2
1617;AL082022;8;29.1;39;28;315;1;30.8;-55.4;30.8;-55.4
1618;AL082022;5;29.1;38;26;0;3;31.1;-55.4;31.1;-55.4
1619;AL082022;8;29;36;23;45;5;31.4;-54.9;31.4;-54.9
1620;AL082022;9;28.9;37;21;55;5;31.7;-54.4;31.7;-54.4
1621;AL082022;13;28.8;39;16;60;7;32;-53.5;32;-53.4
1622;AL082022;13;28.6;38;18;65;9;32.4;-52.5;32.4;-52.5
1623;AL082022;17;28.6;35;10;70;9;32.7;-51.5;32.6;-51.5
1624;AL082022;17;28.5;35;5;65;9;33.1;-50.5;33.1;-50.6
1625;AL082022;14;28.2;34;6;65;12;33.7;-49.2;33.6;-49.2
1626;AL082022;17;27.8;33;5;55;15;34.5;-47.9;34.5;-47.8
1627;AL082022;24;27.3;33;2;50;16;35.5;-46.3;35.6;-46.3
1628;AL082022;18;26.9;37;2;55;17;36.3;-44.3;36.4;-44.5
1629;AL082022;17;26.1;39;6;65;21;37.1;-42;37.2;-42
1630;AL082022;21;25;39;0;70;26;37.8;-39.5;38;-39.1
1631;AL082022;23;24.8;38;0;70;21;38.2;-37;38.2;-37
1632;AL082022;22;24.7;40;0;75;18;38.5;-35;38.4;-35.3
1633;AL082022;20;24.3;39;0;80;16;38.9;-33;38.7;-33.1
1634;AL082022;22;23.7;41;0;70;16;39.3;-31.2;39.3;-31.2
1635;AL082022;31;23.3;43;0;70;14;39.7;-29.5;39.7;-29.6
1636;AL082022;34;23;47;0;70;14;40.2;-27.8;40.2;-27.8
1637;AL082016;18;29.4;45;31;280;9;31.7;-70.6;31.6;-70.7
1638;AL082016;15;29.3;43;28;285;9;32;-71.7;32;-71.7
1639;AL082016;12;29.3;45;27;295;9;32.4;-72.6;32.4;-72.7
1640;AL082016;15;29;47;28;310;8;32.9;-73.2;33;-73.2
1641;AL082016;17;29;50;34;310;6;33.4;-73.8;33.4;-73.8
1642;AL082016;18;29;49;36;315;5;33.7;-74.5;33.7;-74
1643;AL082016;12;29;49;39;305;4;33.9;-75;33.8;-74.6
1644;AL082016;9;29;50;39;330;4;34.2;-75;34;-75
1645;AL082016;16;28.9;52;38;335;3;34.4;-74.9;34.2;-75.2
1646;AL082016;17;28.8;54;40;40;3;34.6;-74.7;34.4;-74.7
1647;AL082016;18;28.7;55;39;40;3;34.8;-74.5;34.7;-74.4
1648;AL082016;17;28.5;59;38;45;5;35.2;-73.8;35.2;-73.8
1649;AL082016;29;28.3;60;30;45;11;35.9;-72.7;35.9;-72.7
1650;AL082016;33;28.6;63;47;60;14;36.8;-71.2;36.2;-71.2
1651;AL102022;13;29.8;69;39;260;8;23.4;-82.4;23.4;-82.3
1652;AL102022;16;29.8;67;63;265;9;23.4;-83.3;23.4;-83.5
1653;AL102022;14;30.2;70;63;280;7;23.5;-84;23.6;-84.1
1654;AL102022;11;30.3;71;55;285;4;23.7;-84.6;23.8;-84.5
1655;AL102022;13;30.2;68;42;280;6;23.8;-85.4;23.9;-85.3
1656;AL102022;18;30.1;64;46;270;7;23.8;-86.2;23.7;-86.4
1657;AL102022;12;30.1;66;47;280;6;23.9;-86.8;23.9;-86.9
1658;AL102022;10;30.3;68;48;315;5;24;-87.3;24.3;-87.1
1659;AL102022;10;30.3;65;49;290;4;24.1;-87.8;24.2;-87.7
1660;AL102022;13;30.4;65;48;290;3;24.4;-88;24.3;-88.1
1661;AL102022;11;30.6;68;49;0;0;24.8;-87.9;24.6;-88
1662;AL102022;13;30.5;67;42;20;5;25.1;-87.7;25.3;-87.8
1663;AL102022;13;30.4;64;38;25;8;25.5;-87.2;25.5;-87.1
1664;AL102022;13;30.3;62;36;30;5;26;-86.8;26;-87
1665;AL102022;12;30.2;63;37;30;12;26.9;-86.2;27;-86.2
1666;AL102022;11;30.3;65;38;35;12;27.9;-85.5;28;-85.4
1667;AL102022;15;30.3;64;25;30;12;29;-84.8;29.1;-84.8
1668;AL102022;14;30;64;12;30;12;30.3;-84;30.2;-84
1669;AL102022;15;29.2;59;0;40;16;31.4;-82.8;31.4;-82.8
1670;AL102022;26;29.2;53;36;50;17;32.4;-81.2;32.5;-81.3
1671;AL102022;36;29.3;50;43;50;19;33.6;-79.2;33.7;-79.3
1672;AL102022;42;28.6;42;49;50;19;34.9;-77.2;35;-77.3
1673;AL102022;42;28.2;41;3;55;18;35.8;-75.5;35.9;-75.5
1674;AL102022;43;28.2;47;20;80;12;36;-74.1;36;-74.1
1675;AL102022;49;28.2;52;48;80;12;36.3;-72.6;36.3;-72.6
1676;AL102022;50;28.6;55;69;75;12;36.7;-71.3;36.6;-71.3
1677;AL102022;49;28.5;56;28;70;11;36.9;-70.1;37;-70
1678;AL102022;48;28.4;54;25;70;6;37;-69;37.2;-69.3
1679;AL102022;50;28.1;53;26;80;6;37.2;-68.4;37.2;-68.3
1680;AL102022;47;28.2;54;26;10;3;37.8;-68.2;37.3;-68.4
1681;AL102022;41;27;51;8;10;5;38.6;-68.5;38.4;-68.4
1682;AL102022;35;25.9;49;0;315;6;39.2;-69.3;39.1;-69.2
1683;AL102022;28;25.8;40;0;300;8;39.5;-70.3;39.3;-70.3
1684;AL102022;14;25.5;37;0;290;8;39.6;-71.2;39.6;-71.3
1685;AL102022;8;25.7;40;0;270;6;39.5;-71.8;39.5;-71.7
1686;AL092022;20;28;55;19;320;12;21.2;-50.2;21.4;-50
1687;AL092022;24;28;53;22;330;11;22.2;-50.6;22.4;-50.5
1688;AL092022;29;28.1;53;26;325;10;23;-51.2;23;-51.2
1689;AL092022;30;28.2;53;31;330;8;23.9;-51.7;23.5;-51.5
1690;AL092022;34;28.5;52;33;330;10;24.8;-52.1;24.8;-52.1
1691;AL092022;37;28.7;50;23;341;14;26;-52.4;26.3;-52.5
1692;AL092022;37;28.6;49;18;345;12;27.3;-52.6;27.1;-52.6
1693;AL092022;31;28.2;49;15;350;13;28.9;-53;28.6;-52.9
1694;AL092022;29;26.9;55;5;355;18;30.5;-53.5;31;-53
1695;AL092022;26;26.8;54;6;350;16;32.1;-53.8;32.1;-53.8
1696;AL092022;29;26.8;53;18;10;12;33.5;-53.5;33.3;-53.6
1697;AL092022;21;27;52;11;15;16;34.9;-53;34.9;-53
1698;AL092022;18;26.9;52;6;30;18;36.3;-51.5;36.3;-51.5
1699;AL092022;22;26.3;52;0;40;25;38.3;-49.2;38.3;-49.2
1700;AL092022;30;22.7;45;0;30;33;41.2;-46.8;41.2;-47
1701;AL092022;28;21.9;44;0;40;35;44;-42.8;43.2;-42.9
1702;AL092022;24;17.9;46;0;40;47;46.8;-38.6;46.3;-38
1703;AL132022;21;28;68;17;350;9;29.8;-81.5;29.9;-81.5
1704;AL132022;24;28;61;13;340;8;30.5;-81.7;30.6;-81.8
1705;AL132022;19;27.9;62;22;10;6;31.3;-81.5;31.2;-81.7
1706;AL132022;19;28;60;20;40;7;31.8;-80.7;31.9;-80.7
1707;AL132022;23;28.2;57;21;45;7;31.9;-80.1;32;-80
1708;AL132022;25;28.2;54;21;70;1;31.9;-79.5;31.9;-79.9
1709;AL132022;25;28.5;51;25;100;5;31.9;-78.7;31.8;-78.8
1710;AL132022;28;28.5;51;41;85;9;31.9;-77.9;32.1;-77.5
1711;AL132022;27;28.7;51;49;100;7;31.5;-77.2;31.5;-77.3
1712;AL132022;25;28.9;50;43;135;6;31.2;-76.6;31.1;-76.8
1713;AL132022;25;28.9;48;33;105;7;31.1;-75.9;31.1;-75.8
1714;AL132022;24;28.9;46;32;110;3;30.9;-75.7;31;-75.6
1715;AL132022;24;29.2;46;42;150;3;30.4;-76;30.3;-76.2
1716;AL132022;25;29.2;44;44;220;3;30.3;-76.1;30.1;-76.4
1717;AL132022;22;29.2;44;43;0;0;30.2;-76.2;30.2;-76.2
1718;AL132022;20;29.1;43;41;0;2;30.4;-76.3;30.4;-76.2
1719;AL132022;24;29.1;43;40;344;1;30.7;-76.4;30.5;-76.4
1720;AL132022;29;28.9;44;35;335;5;31.1;-76.6;31.1;-76.6
1721;AL132022;27;28.6;50;41;335;5;31.7;-77;31.8;-77
1722;AL132022;26;28.5;55;31;290;5;32;-77.8;32;-77.6
1723;AL132022;15;28.4;61;10;310;6;32.2;-78.3;32.2;-78.3
1724;AL142022;14;27.2;72;8;310;13;16.8;-24.5;16.8;-24.4
1725;AL142022;16;27;72;5;300;13;17.2;-25.8;17.4;-25.8
1726;AL142022;16;27;72;5;280;12;17.4;-27.3;17.5;-26.9
1727;AL142022;18;26.9;74;9;275;14;17.5;-28.7;17.5;-28.7
1728;AL142022;18;26.9;74;11;275;12;17.6;-29.8;17.6;-29.8
1729;AL142022;21;27;71;3;275;11;17.7;-30.8;17.7;-30.8
1730;AL142022;27;27;69;2;275;11;17.8;-31.8;17.8;-31.9
1731;AL142022;26;26.9;66;2;285;10;18;-32.8;18.2;-32.8
1732;AL142022;24;26.9;61;5;280;10;18.3;-33.8;18.3;-33.8
1733;AL142022;20;26.8;57;6;280;11;18.5;-34.9;18.7;-35
1734;AL142022;21;26.9;55;14;270;13;18.4;-36.2;18.5;-36.4
1735;AL142022;16;27;51;14;265;12;18.3;-37.4;18.3;-37.6
1736;AL142022;16;27.1;49;15;265;11;18.2;-38.6;18.3;-38.5
1737;AL142022;12;27.2;49;12;265;11;18.1;-39.7;18.1;-39.8
1738;AL142022;12;27.2;50;8;265;10;17.9;-40.7;18.1;-40.7
1739;AL142022;14;27.3;49;8;260;10;17.9;-41.8;17.7;-41.7
1740;AL142022;14;27.4;46;13;270;10;18;-42.9;18;-42.8
1741;AL142022;12;27.5;44;18;275;13;18.1;-44.3;18.2;-44.3
1742;AL142022;11;27.7;43;24;275;13;18.1;-45.6;18.2;-45.6
1743;AL142022;10;27.9;45;33;270;13;18.2;-46.8;18.2;-47
1744;AL142022;11;27.9;46;27;275;10;18.4;-47.8;18.3;-47.7
1745;AL142022;9;28.1;47;22;295;10;19;-48.9;19.1;-48.6
1746;AL142022;8;28.2;48;25;290;11;19.7;-50.3;19.5;-49.9
1747;AL142022;11;28.3;51;31;290;15;20;-52.1;20;-52.1
1748;AL142022;15;28.4;52;53;275;16;20;-53.7;20;-53.7
1749;AL142022;15;28.4;54;39;270;12;20;-54.9;20;-54.7
1750;AL142022;12;28.5;56;28;270;12;20;-56;19.9;-56
1751;AL142022;13;28.6;57;28;270;10;20.2;-56.9;20;-57
1752;AL142022;11;28.7;58;31;295;6;20.8;-57.5;20.4;-57.2
1753;AL142022;9;29;60;33;325;8;21.5;-58.2;21.4;-58
1754;AL142022;8;29.3;59;41;320;13;22.5;-59.2;22.5;-58.9
1755;AL142022;8;29.4;54;50;320;14;23.5;-60.3;23.5;-60.2
1756;AL142022;15;29.7;58;53;305;16;24.4;-61.7;24.5;-61.9
1757;AL142022;18;29.8;60;62;305;14;25.3;-62.9;25;-62.8
1758;AL142022;16;29.9;60;47;315;14;26.4;-63.7;26.4;-63.7
1759;AL142022;13;29.8;57;34;320;12;27.3;-64.3;27.3;-64.3
1760;AL142022;13;29.8;59;29;330;10;28.2;-64.9;28.1;-64.8
1761;AL142022;19;29.8;60;32;340;11;29.2;-65.3;29.2;-65.3
1762;AL142022;19;29.6;58;23;0;11;30.3;-65.3;30.3;-65.3
1763;AL142022;18;29.4;57;27;45;9;31.5;-64.8;31;-64.6
1764;AL142022;17;29;57;22;35;16;32.2;-63.3;32.3;-63.6
1765;AL142022;21;28.5;53;17;55;15;32.9;-61.5;33.1;-62.1
1766;AL142022;22;27.8;45;13;60;22;33.8;-59.3;34.2;-59.3
1767;AL142022;33;27;40;2;55;38;35.8;-55.1;36.4;-55.5
1768;AL142022;46;26.3;36;0;55;42;38.1;-50.4;38.7;-50.1
1769;AL152022;8;28.6;62;9;275;10;13.6;-27.8;13.5;-28.1
1770;AL152022;8;28.5;62;9;285;8;13.9;-28.4;13.9;-28.6
1771;AL152022;9;28.4;62;11;285;8;14.4;-29.3;14.1;-29.3
1772;AL152022;6;28.1;61;12;300;10;15.1;-30;15;-30
1773;AL152022;3;27.7;62;9;320;11;16;-30.7;16;-30.6
1774;AL152022;9;27.4;59;4;320;10;16.7;-31.3;16.8;-31.4
1775;AL152022;12;27.2;59;2;315;8;17.2;-31.7;17.3;-31.9
1776;AL152022;15;27.1;60;2;320;7;17.7;-32.1;17.7;-32.2
1777;AL152022;15;26.9;58;1;325;6;18.3;-32.4;18.2;-32.3
1778;AL152022;20;26.8;55;1;330;6;18.9;-32.7;18.9;-32.6
1779;AL152022;22;26.6;53;1;325;7;19.3;-33.3;19.5;-33.5
1780;AL152022;28;26.6;53;2;310;6;19.7;-33.8;19.7;-33.8
1781;AL152022;28;26.4;51;2;320;7;20.3;-34.2;20.3;-34.2
1782;AL152022;30;26.3;48;2;320;7;20.9;-34.8;20.9;-34.8
1783;AL152022;37;26.2;49;5;320;8;21.5;-35.4;21.5;-35.4
1784;AL152022;40;26.3;44;1;315;8;22;-35.9;22.1;-36.1
1785;AL152022;41;26.3;42;0;315;6;22.4;-36.3;22.4;-36.3
1786;AL152022;43;26.4;39;1;315;7;22.9;-36.8;22.9;-36.8
1787;AL152022;39;26.4;36;1;320;6;23.6;-37.4;23.5;-37.4
1788;AL152022;34;26.5;33;2;320;9;24.4;-38.1;24.4;-38.1
1789;AL152022;32;26.6;29;4;310;10;24.9;-39.2;24.9;-39.2
1790;AL152022;26;26.7;27;4;305;11;25.4;-40.4;25.4;-40.4
1791;AL142016;9;29.3;52;27;275;20;13.4;-59.8;13.2;-59.8
1792;AL142016;4;29.3;54;43;280;16;13.6;-61.2;13.7;-61.3
1793;AL142016;8;29.3;53;45;280;15;13.9;-62.6;13.9;-62.4
1794;AL142016;13;29.4;52;54;275;14;14;-64;13.9;-64
1795;AL142016;18;29.4;53;74;275;14;14.1;-65.5;14.1;-65.5
1796;AL142016;19;29.3;56;74;270;15;14.2;-66.9;14.2;-67.1
1797;AL142016;19;29.2;59;82;270;13;14.2;-68.1;14.2;-68.1
1798;AL142016;19;29;59;103;265;12;14;-69.3;14.1;-69.3
1799;AL142016;17;28.8;61;71;255;11;13.8;-70.4;13.8;-70.4
1800;AL142016;17;28.6;61;44;255;9;13.5;-71.2;13.5;-71.3
1801;AL142016;15;28.5;64;34;255;9;13.4;-71.9;13.4;-72
1802;AL142016;21;28.5;66;30;260;6;13.4;-72.5;13.3;-72.5
1803;AL142016;19;28.6;70;27;270;6;13.4;-73.1;13.4;-73.1
1804;AL142016;15;28.5;74;26;265;3;13.4;-73.3;13.2;-73.3
1805;AL142016;17;28.6;76;28;285;2;13.5;-73.5;13.5;-73.4
1806;AL142016;14;28.6;76;31;310;4;13.7;-73.9;13.7;-73.9
1807;AL142016;9;28.7;78;41;305;5;14;-74.3;14;-74.4
1808;AL142016;6;28.8;75;47;315;4;14.2;-74.7;14.3;-74.7
1809;AL142016;5;28.8;73;50;315;4;14.5;-75;14.5;-75
1810;AL142016;7;28.9;72;59;0;4;14.9;-75;14.9;-75
1811;AL142016;6;29.1;74;70;5;5;15.4;-75;15.4;-74.9
1812;AL142016;9;29.2;74;88;5;5;15.9;-74.9;15.9;-74.9
1813;AL142016;7;29.3;74;84;15;7;16.6;-74.6;16.6;-74.6
1814;AL142016;7;29.5;76;78;15;8;17.5;-74.4;17.4;-74.5
1815;AL142016;6;29.7;72;22;10;9;18.4;-74.3;18.5;-74.3
1816;AL142016;5;29.7;74;86;5;9;19.3;-74.3;19.4;-74.3
1817;AL142016;11;29.7;72;35;0;8;20.1;-74.3;20.1;-74.3
1818;AL142016;13;29.6;73;87;0;7;20.7;-74.4;20.7;-74.4
1819;AL142016;15;29.6;73;96;345;8;21.4;-74.8;21.5;-74.9
1820;AL142016;12;29.6;74;81;335;8;22.2;-75.4;22.2;-75.4
1821;AL142016;10;29.8;73;63;325;9;23;-76;23;-76
1822;AL142016;9;29.9;71;59;320;10;23.8;-76.7;23.8;-76.7
1823;AL142016;7;30;71;58;325;10;24.7;-77.5;24.6;-77.4
1824;AL142016;10;29.9;71;54;325;11;25.7;-78.3;25.7;-78.3
1825;AL142016;12;29.7;72;49;325;12;26.7;-79;26.6;-78.9
1826;AL142016;16;29.4;66;39;325;12;27.7;-79.7;27.7;-79.7
1827;AL142016;14;29.1;67;27;330;12;28.9;-80.3;28.9;-80.3
1828;AL142016;18;28.7;67;22;335;11;29.7;-80.7;29.7;-80.7
1829;AL142016;25;28.2;65;18;5;9;30.7;-80.6;30.7;-80.6
1830;AL142016;29;27.7;58;5;0;10;31.6;-80.6;31.6;-80.6
1831;AL142016;29;27.5;53;32;35;10;32.5;-79.9;32.5;-79.9
1832;AL142016;36;27.4;45;19;25;11;33.5;-79;33.6;-79
1833;AL142016;42;27.2;39;3;75;14;33.9;-77.3;33.9;-77.3
1834;AL142016;49;26.7;37;36;55;14;34.7;-76;34.8;-75.8
1835;AL142016;50;27.1;34;14;70;13;35;-74.5;35.1;-74.4
1836;AL142016;48;27.5;33;13;80;12;35.2;-72.8;35.2;-72.9
1837;AL172022;34;29.3;54;35;310;5;23.5;-60.3;23.5;-60
1838;AL172022;35;29.4;53;39;305;8;23.8;-60.7;23.9;-60.7
1839;AL172022;37;29.4;56;46;300;6;24.1;-61.2;24.1;-61.2
1840;AL172022;34;29.5;55;52;300;5;24.4;-61.7;24.3;-61.6
1841;AL172022;31;29.6;56;57;295;7;24.7;-62.5;24.7;-62.5
1842;AL172022;21;29.6;55;54;295;7;25.1;-63.3;25;-63.2
1843;AL172022;23;29.5;55;43;320;9;25.7;-63.9;25.7;-63.9
1844;AL172022;23;29.4;57;36;315;8;26.2;-64.5;26.2;-64.5
1845;AL172022;23;29.3;53;28;325;5;26.7;-64.8;26.6;-64.7
1846;AL172022;24;29.2;54;23;330;7;27.3;-65.1;27.4;-65.1
1847;AL172022;28;29.2;54;25;0;0;27.5;-65.2;27.4;-65.2
1848;AL172022;35;29.2;51;25;0;0;27.6;-65.2;27.4;-65.2
1849;AL172022;40;29.1;48;20;0;1;27.6;-65.2;27.7;-65.2
1850;AL172022;42;29.3;45;25;195;3;27.2;-65.3;27.2;-65.3
1851;AL172022;44;29.5;44;29;180;6;26.6;-65.4;26.6;-65.3
1852;AL172022;44;29.6;39;35;190;6;26;-65.5;26.1;-65.5
1853;AL172022;47;29.8;41;38;190;6;25.5;-65.6;25.4;-65.7
1854;AL172022;43;29.9;44;42;190;6;25;-65.7;24.9;-65.8
1855;AL172022;37;29.9;48;45;185;5;24.6;-65.6;24.6;-65.7
1856;AL172022;33;29.9;53;49;180;4;24.1;-65.5;24.3;-65.7
1857;AL172022;30;29.9;56;54;165;3;24;-65.4;24;-65.4
1858;AL172022;26;29.9;59;53;0;1;24.1;-65.3;24.1;-65.3
1859;AL172022;22;29.9;62;53;0;0;24.3;-65.2;24.1;-65.3
1860;AL172022;27;29.8;60;43;0;5;24.8;-65.2;24.8;-65.2
1861;AL172022;29;29.2;60;39;0;4;25.4;-65.2;25.4;-65.2
1862;AL172022;21;29.1;60;35;355;6;26;-65.3;26;-65.3
1863;AL172022;11;29;61;31;350;6;26.5;-65.5;26.6;-65.5
1864;AL172022;9;29;59;33;340;4;26.8;-65.6;26.9;-65.8
1865;AL172022;7;28.9;59;32;340;4;27.1;-65.8;27.1;-65.8
1866;AL172022;3;29;55;37;315;4;27.2;-66.2;27.3;-66.3
1867;AL172022;6;29;55;39;270;2;27.4;-66.6;27.3;-66.5
1868;AL172022;10;29;53;42;295;4;27.6;-66.8;27.6;-67
1869;AL172022;6;28.9;54;38;340;4;28;-66.9;28;-66.9
1870;AL172022;13;28.7;53;31;0;7;28.7;-66.8;28.7;-66.8
1871;AL172022;19;28.5;52;17;15;9;29.6;-66.5;29.6;-66.5
1872;AL172022;27;28.2;50;7;15;10;30.6;-66.2;30.6;-66.2
1873;AL172022;28;27.8;51;5;35;13;31.6;-65.3;31.6;-65.1
1874;AL172022;35;27.4;45;7;40;16;33;-63.9;33;-63.9
1875;AL172022;44;27;44;4;55;18;34;-62.1;34;-62.1
1876;AL172022;41;26.5;42;1;50;18;34.9;-60.5;35;-60.2
1877;AL172022;48;26.2;43;0;60;16;35.6;-58.9;35.6;-58.9
1878;AL172022;46;25.8;42;0;65;17;36.4;-56.5;36.2;-56.6
1879;AL172022;49;25.6;42;0;65;21;37.2;-54.2;37.1;-54.1
1880;AL172022;51;25.6;41;0;65;19;38;-52.6;37.9;-52.5
1881;AL172022;42;25.2;43;0;55;17;38.7;-51.1;38.9;-50.6
1882;AL172022;44;24.8;44;0;55;13;39;-49.8;39.4;-49.8
1883;AL172022;34;24.5;52;0;70;10;39.3;-48.7;39.4;-48.7
1884;AL172022;25;24.5;56;0;80;8;39.1;-48;39.1;-48
1885;AL172022;26;24.5;55;0;110;6;38.9;-47.2;38.9;-47.2
1886;AL172022;24;24;52;0;65;11;39.4;-46.4;39.4;-45.9
1887;AL172022;19;23.7;51;0;40;8;40.1;-45.8;40.1;-45.8
1888;AL172022;10;23.4;50;0;35;7;40.6;-45.5;40.7;-45.5
1889;AL172022;5;22.9;51;0;25;5;40.9;-45.1;40.9;-45.3
1890;AL172022;6;21.7;52;0;50;15;41.8;-43.6;41.8;-43.6
1891;AL172022;6;19.8;53;0;35;22;43.5;-41.9;43.6;-42
1892;AL172022;5;17.1;50;0;35;23;45.6;-39.7;45.5;-39.8
1893;AL162016;17;29;60;38;0;0;11.3;-79.2;11.5;-79.3
1894;AL162016;17;29;59;41;0;0;11.1;-79.1;11.3;-79.2
1895;AL162016;21;29;60;44;180;1;10.8;-79.1;11;-79.2
1896;AL162016;22;29;61;47;155;2;10.6;-79.1;10.7;-79
1897;AL162016;15;28.9;59;48;185;3;10.4;-79.2;10.4;-79.2
1898;AL162016;17;28.9;60;48;270;2;10.5;-79.4;10.4;-79.4
1899;AL162016;14;29;63;44;290;2;10.6;-79.6;10.6;-79.6
1900;AL162016;19;29;64;39;290;4;10.8;-80;10.8;-80.2
1901;AL162016;17;29;65;37;285;4;11;-80.4;11;-80.5
1902;AL162016;13;29.1;66;33;285;6;11.2;-81.1;11.2;-81
1903;AL162016;13;29.1;64;35;280;8;11.2;-81.8;11.2;-81.8
1904;AL162016;10;29.2;68;36;270;7;11.1;-82.4;11.2;-82.4
1905;AL162016;9;29.2;67;23;265;6;11;-83;11;-82.9
1906;AL162016;9;29;69;3;270;8;11;-83.9;11;-83.8
1907;AL162016;15;28.4;68;18;270;10;10.9;-84.9;11;-85
1908;AL022023;25;20.3;55;0;55;6;32.1;-40.4;32.1;-40.8
1909;AL022023;23;19.8;58;0;45;9;32.8;-39.6;32.8;-39.5
1910;AL022023;23;19.3;59;0;15;10;33.8;-39.2;33.8;-39.3
1911;AL022023;16;18.6;57;0;15;11;35.4;-39.6;35.5;-39.6
1912;AL022023;9;18.2;53;0;350;15;37.3;-40.7;37.3;-40.7
1913;AL022023;5;17.8;51;0;315;25;39;-43;39;-43
1914;AL022023;12;16.8;56;0;285;28;40;-46.3;39.9;-46.5
1915;AL022023;9;16.9;58;0;290;24;39.9;-49.3;39.9;-49.3
1916;AL032023;2;28.3;63;40;280;20;7.5;-49.6;7.3;-49.4
1917;AL032023;5;28.3;62;48;280;20;7.8;-51.7;7.7;-51.4
1918;AL032023;10;28;63;25;280;20;8.1;-53.9;8.2;-53.5
1919;AL032023;6;28.3;65;30;280;22;8.6;-56.5;8.5;-55.9
1920;AL032023;2;28.4;67;20;280;22;9.2;-58.9;8.7;-58.2
1921;AL032023;10;28;69;11;285;23;9.7;-60.5;9.7;-60.4
1922;AL032023;15;27.6;70;5;285;19;10.4;-62.1;10.3;-62.1
1923;AL042023;29;28.2;67;8;350;8;23.6;-88.6;24.3;-88.4
1924;AL042023;30;28.1;68;8;340;1;24;-89.2;24;-89.2
1925;AL042023;29;28.1;67;9;315;7;24.4;-89.8;24.5;-89.9
1926;AL042023;23;28.1;64;11;315;9;25;-90.3;25.5;-90.6
1927;AL042023;25;28;68;10;320;4;25.6;-90.6;25.7;-90.7
1928;AL042023;28;28;65;7;335;5;26.2;-90.9;26.2;-90.7
1929;AL042023;27;28;56;7;320;8;26.8;-91.5;26.9;-91.5
1930;AL042023;24;28;54;11;310;9;27.3;-92.3;27.4;-92.4
1931;AL042023;21;28.1;54;11;305;8;27.8;-93;27.8;-92.9
1932;AL042023;19;28.1;52;5;315;6;28.5;-93.4;28.3;-93.3
1933;AL042023;15;28;51;17;350;8;29.4;-93.6;29.2;-93.6
1934;AL042023;8;27.4;54;13;345;9;30.5;-93.8;30.5;-93.6
1935;AL042017;6;26.3;68;11;295;10;12.4;-38.6;12.6;-37.7
1936;AL042017;8;26.1;64;4;290;12;12.8;-40.3;12.9;-38.9
1937;AL042017;8;26.4;60;6;280;16;13.3;-42.2;13;-41.7
1938;AL042017;8;26.8;59;10;275;20;13.8;-44.1;13;-44
1939;AL042017;6;26.9;57;16;275;20;14.3;-46;13.2;-45.8
1940;AL042017;4;26.9;53;9;285;19;14.8;-47.9;14.8;-47.9
1941;AL042017;4;27.3;48;18;285;20;15.4;-49.7;15.3;-50
1942;AL052023;5;28.6;64;26;275;16;11;-52.2;11;-52.3
1943;AL052023;3;28.7;62;41;280;16;11.2;-53.8;11.2;-53.8
1944;AL052023;3;28.7;59;47;280;16;11.3;-55.4;11.4;-55.4
1945;AL052023;7;28.7;57;53;275;16;11.4;-57.1;11.4;-57
1946;AL072023;27;30.1;46;62;105;7;27.5;-83.1;27.5;-83.3
1947;AL072023;12;29.9;47;47;80;9;27.5;-82.2;27.6;-82.2
1948;AL072023;16;29.8;46;43;110;7;27.5;-81.3;27.4;-81.5
1949;AL072023;20;29.3;46;3;80;8;27.8;-80.4;27.9;-80.5
1950;AL072023;14;28.7;46;21;50;14;28.7;-79.5;28.9;-79.4
1951;AL072023;10;28.9;47;41;50;13;29.7;-78.6;29.8;-78.3
1952;AL072023;15;28.9;48;41;15;8;30.7;-78.1;30.7;-78.1
1953;AL082023;13;28.9;73;32;290;11;15.5;-81.5;15.2;-81.5
1954;AL082023;7;29.1;72;37;295;11;16.1;-82.7;16.1;-82.7
1955;AL082023;15;29.4;71;46;300;12;16.7;-83.6;16.8;-83.7
1956;AL082023;13;29.6;66;63;300;12;17.4;-84.4;17.4;-84.6
1957;AL082023;6;29.8;66;73;310;11;18.1;-85.3;18.1;-85.3
1958;AL082023;6;29.7;64;85;305;13;18.8;-86.6;18.8;-86.6
1959;AL082023;6;29.6;64;86;295;13;19.2;-87.9;19.1;-87.9
1960;AL082023;9;29.7;65;56;290;11;19.6;-88.9;19.5;-89
1961;AL082023;8;29.8;66;49;295;10;19.9;-89.8;20.1;-89.8
1962;AL082023;5;29.9;67;36;285;9;20.2;-90.9;20.1;-90.8
1963;AL082023;8;30;68;32;280;11;20.4;-92.2;20.4;-92.1
1964;AL082023;14;30.1;70;36;270;12;20.2;-93.3;20.2;-93.4
1965;AL082023;18;30.1;73;49;270;11;20.2;-94.4;20.1;-94.4
1966;AL082023;20;30.1;71;58;270;11;20.3;-95.5;20.3;-95.5
1967;AL082023;21;30.1;73;33;260;12;20;-96.8;20;-96.8
1968;AL082023;20;30.1;77;17;260;12;19.8;-98.3;19.8;-98.3
1969;AL062023;8;29.3;50;38;325;9;24.9;-70;24.7;-69.7
1970;AL062023;1;29.4;46;33;330;11;25.8;-70.6;25.9;-70.6
1971;AL062023;7;29.4;46;34;330;12;26.8;-71.2;27.2;-71.3
1972;AL062023;8;29.4;47;34;335;10;27.7;-71.6;27.7;-71.6
1973;AL062023;7;29.3;47;30;345;8;28.5;-71.9;28.5;-71.8
1974;AL062023;13;29.1;49;28;340;8;29.2;-72.1;29.3;-72.1
1975;AL062023;14;29.2;50;28;350;7;29.7;-72.2;29.9;-72.2
1976;AL062023;13;29.2;50;29;350;6;30.2;-72.3;30.2;-72.3
1977;AL062023;16;29;49;32;0;6;30.8;-72.3;30.8;-72.3
1978;AL062023;20;28.9;48;34;355;5;31.5;-72.3;31.3;-72.4
1979;AL062023;18;28.6;52;35;10;8;32.3;-72.1;32.3;-72.3
1980;AL062023;16;28.2;54;26;15;8;33.2;-71.8;33.1;-71.8
1981;AL062023;15;27.9;53;8;30;10;34.2;-71;34.1;-71.1
1982;AL062023;16;28;49;12;45;16;35.4;-69.5;35.4;-69.5
1983;AL062023;15;27.5;45;22;50;21;36.8;-67.1;36.8;-67.1
1984;AL062023;16;27.5;39;16;55;26;38.2;-64.1;38.2;-64.1
1985;AL062023;27;27;35;9;65;30;39.4;-60.4;39.5;-60.3
1986;AL062023;36;25.7;39;0;65;34;40.7;-56.2;40.7;-56
1987;AL062023;36;21.9;43;0;65;34;42.2;-52;42.2;-52
1988;AL062023;48;16.6;47;0;60;34;44;-48;44;-48
1989;AL092017;14;28.7;50;41;265;14;13;-55;13;-55
1990;AL092017;13;28.8;48;62;270;16;13;-56.6;13;-56.6
1991;AL092017;12;28.9;47;60;270;16;13;-58.4;13;-58.3
1992;AL092017;16;28.9;49;63;270;18;13.1;-60.3;13;-60.3
1993;AL092017;17;28.9;45;53;275;19;13.2;-62.2;13.3;-62.1
1994;AL092017;18;28.9;48;46;280;15;13.4;-64;13.7;-63.2
1995;AL092017;19;28.9;47;36;275;17;13.5;-65.7;13.7;-65
1996;AL092017;23;28.9;51;59;275;19;13.7;-67.5;13.8;-67
1997;AL092017;20;28.8;52;69;275;19;13.8;-69.2;14;-69
1998;AL092017;16;28.6;54;45;275;19;14;-71;14.2;-70.8
1999;AL092017;15;28.6;54;46;275;20;14.2;-72.9;14.5;-73.3
2000;AL092017;11;28.6;57;91;275;21;14.4;-75;14.7;-75.5
2001;AL092017;13;28.7;65;55;270;17;14.7;-76.8;13.8;-76.7
2002;AL092017;11;28.6;66;57;280;17;15.1;-78.6;14.9;-78.4
2003;AL092017;8;28.7;64;70;285;18;15.7;-80.5;15.5;-80.4
2004;AL092017;10;29.2;65;43;290;18;16.4;-82.5;16.3;-82.3
2005;AL092017;12;29.5;63;52;290;19;17.3;-84.6;17;-84.5
2006;AL092017;7;29.4;68;86;295;23;18;-86.4;18.2;-87
2007;AL092017;6;29.3;69;82;295;18;18.6;-87.8;18.6;-87.8
2008;AL092017;5;29.1;69;47;295;16;19.4;-88.8;19.4;-89.2
2009;AL092017;4;28.9;68;18;305;13;20;-89.7;20.3;-89.8
2010;AL092017;7;28.9;69;32;305;12;20.5;-90.7;20.8;-90.9
2011;AL092017;10;29;70;29;300;9;20.9;-91.6;20.8;-91.5
2012;AL092017;8;29.4;69;32;305;11;21.4;-92.3;21.4;-92.5
2013;AL092017;7;29.5;67;32;0;0;21.6;-92.4;21.5;-92.5
2014;AL092017;11;29.5;70;33;0;2;22;-92.5;21.7;-92.4
2015;AL092017;13;30;69;46;350;4;22.8;-92.6;22.6;-92.6
2016;AL092017;8;30.5;68;65;345;9;23.7;-93.1;23.8;-93
2017;AL092017;9;30.6;67;71;335;10;24.4;-93.6;24.4;-93.6
2018;AL092017;11;30.4;67;70;315;9;25;-94.4;24.9;-94.3
2019;AL092017;13;30;68;83;315;9;25.6;-95.1;25.6;-95.1
2020;AL092017;8;29.6;68;50;315;9;26.3;-95.8;26.4;-95.9
2021;AL092017;10;29.4;69;33;325;9;27.1;-96.3;27.1;-96.3
2022;AL092017;16;29.3;67;16;325;7;27.8;-96.8;27.8;-96.8
2023;AL092017;13;29.3;68;44;325;5;28.2;-97.1;28.2;-97.1
2024;AL092017;10;29.5;67;49;335;6;28.7;-97.3;28.7;-97.2
2025;AL092017;12;29.6;70;51;330;5;29;-97.5;29.1;-97.6
2026;AL092017;18;29.6;68;51;60;2;29.2;-97.4;29.2;-97.4
2027;AL092017;23;29.6;66;43;0;0;29.3;-97.6;29.3;-97.5
2028;AL092017;17;29.5;65;50;160;2;29.1;-97.5;29;-97.5
2029;AL092017;17;29.6;62;51;120;2;29;-97.2;29;-97.2
2030;AL092017;26;29.6;61;53;120;3;28.8;-96.8;28.9;-96.8
2031;AL092017;30;29.7;59;54;120;4;28.6;-96.5;28.7;-96.4
2032;AL092017;27;29.7;57;10;125;4;28.5;-96.2;28.5;-96.1
2033;AL092017;27;29.8;56;9;110;3;28.4;-95.9;28.6;-95.9
2034;AL092017;34;30.1;54;23;120;4;28.1;-95;28;-95
2035;AL092017;28;30.4;52;27;105;4;28.2;-94.6;28.2;-94.6
2036;AL092017;25;30.6;46;30;45;4;28.5;-94.2;29.1;-94.4
2037;AL092017;27;30.6;48;38;55;5;28.9;-93.8;28.7;-93.9
2038;AL092017;24;30.8;47;28;30;6;29.4;-93.6;29.3;-93.5
2039;AL092017;22;30.6;41;55;10;8;30.1;-93.4;30.2;-93.5
2040;AL092017;21;30.3;39;43;20;7;30.6;-93.1;30.6;-93.3
2041;AL092017;19;29.4;38;0;30;7;31.3;-92.6;31.3;-92.6
2042;AL112017;3;27.5;70;6;280;16;16.3;-29.7;16.4;-29.8
2043;AL112017;3;27.4;69;7;275;13;16.3;-30.8;16.3;-30.7
2044;AL112017;3;27.4;65;10;270;10;16.3;-31.7;16.3;-31.8
2045;AL112017;5;27.3;64;9;275;10;16.4;-32.5;16.4;-32.4
2046;AL112017;5;27.3;62;7;280;9;16.7;-33.4;16.7;-33.4
2047;AL112017;2;27.2;63;5;290;9;17.1;-34.2;17.1;-34.3
2048;AL112017;4;27.1;59;3;295;9;17.5;-35.1;17.5;-35.1
2049;AL112017;3;26.9;55;14;300;10;17.9;-36.1;18;-36
2050;AL112017;4;26.7;59;1;295;10;18.4;-37.3;18.3;-37.2
2051;AL112017;5;26.5;53;5;290;12;18.8;-38.5;18.8;-38.5
2052;AL112017;9;26.5;50;10;290;12;19.1;-39.7;19.1;-39.8
2053;AL112017;6;26.6;51;13;270;12;19.1;-41.1;19.1;-41.1
2054;AL112017;7;26.8;50;17;265;13;18.9;-42.6;18.9;-42.5
2055;AL112017;7;26.9;49;18;265;14;18.7;-44.1;18.7;-44
2056;AL112017;8;27.1;47;13;260;14;18.5;-45.5;18.4;-45.6
2057;AL112017;7;27.4;53;19;260;13;18.2;-46.7;18.2;-46.9
2058;AL112017;9;27.6;51;23;255;12;17.9;-47.9;17.8;-47.9
2059;AL112017;7;27.8;56;24;260;12;17.6;-49.2;17.8;-49.2
2060;AL112017;4;28.2;55;28;255;12;17.3;-50.4;17.3;-50.4
2061;AL112017;2;28.5;55;45;255;12;17;-51.5;17;-51.7
2062;AL112017;6;28.7;55;49;255;11;16.8;-52.6;16.8;-52.6
2063;AL112017;10;29;53;43;260;11;16.7;-53.9;16.7;-53.9
2064;AL112017;8;29.2;53;45;270;11;16.6;-55.1;16.7;-55.1
2065;AL112017;5;29.4;55;53;265;12;16.6;-56.4;16.6;-56.4
2066;AL112017;12;29.4;55;56;270;13;16.7;-57.8;16.7;-57.8
2067;AL112017;7;29.4;56;59;275;13;16.9;-59.2;16.9;-59.2
2068;AL112017;1;29.4;58;56;280;12;17.3;-60.6;17.2;-60.4
2069;AL112017;4;29.3;54;54;285;14;17.7;-61.9;17.7;-61.9
2070;AL112017;6;29.3;53;76;290;14;18.1;-63.3;18.1;-63.3
2071;AL112017;4;29.4;58;17;285;14;18.6;-64.7;18.5;-64.7
2072;AL112017;6;29.4;54;58;290;14;19.2;-66.2;19.1;-66
2073;AL112017;9;29.4;53;72;290;15;19.7;-67.6;19.7;-67.7
2074;AL112017;10;29.3;56;77;290;15;20.2;-69;20.1;-69
2075;AL112017;6;29.3;55;76;290;15;20.7;-70.4;20.7;-70.4
2076;AL112017;5;29.4;54;42;290;14;21.1;-71.8;21.1;-71.8
2077;AL112017;4;29.5;55;53;285;14;21.5;-73.2;21.5;-73.2
2078;AL112017;6;29.7;56;59;285;14;21.8;-74.7;21.8;-74.7
2079;AL112017;5;29.7;57;52;280;13;22;-76;22;-76
2080;AL112017;5;29.9;58;54;280;12;22.1;-77.2;22.1;-77.2
2081;AL112017;7;30.1;60;113;280;11;22.4;-78.3;22.3;-78.3
2082;AL112017;7;30.1;59;36;280;10;22.7;-79.3;22.7;-79.3
2083;AL112017;3;30;61;23;285;10;23.1;-80.2;23.1;-80.2
2084;AL112017;8;29.9;59;67;295;7;23.4;-80.9;23.4;-80.9
2085;AL112017;16;29.9;62;74;310;6;23.7;-81.3;23.7;-81.3
2086;AL112017;14;29.9;61;13;330;8;24.5;-81.5;24.5;-81.5
2087;AL112017;25;30.1;65;38;350;11;25.6;-81.7;25.6;-81.7
2088;AL112017;32;30;66;50;355;11;26.8;-81.7;26.8;-81.7
2089;AL112017;34;29.9;65;48;345;15;28.2;-82.2;28.2;-82.2
2090;AL112017;33;29.3;62;34;340;15;29.6;-82.7;29.6;-82.7
2091;AL112017;40;28.8;58;21;340;15;30.9;-83.5;30.9;-83.5
2092;AL112017;42;27.9;52;0;330;14;31.9;-84.4;31.9;-84.4
2093;AL112023;7;29;71;24;290;11;12;-38.8;12.1;-38.6
2094;AL112023;6;29;71;25;280;10;12.2;-40;12.3;-40
2095;AL112023;5;28.9;70;22;275;12;12.2;-41.3;12.4;-41.1
2096;AL112023;6;28.9;71;22;275;11;12.5;-42.6;12.4;-42.3
2097;AL112023;6;28.8;69;31;280;13;13.1;-43.9;12.9;-43.8
2098;AL112023;8;28.6;65;39;290;14;13.7;-45.2;13.7;-45.1
2099;AL112023;10;28.5;63;35;290;15;14.1;-46.7;14.2;-46.7
2100;AL112023;13;28.6;60;26;290;15;14.4;-48.3;14.6;-48.3
2101;AL112023;8;28.7;62;27;285;16;14.7;-49.9;14.8;-49.8
2102;AL112023;7;28.8;61;52;285;16;15.1;-51.5;15.3;-51.6
2103;AL112023;14;29;58;53;285;16;15.5;-53.2;15.5;-53.2
2104;AL112023;14;29.2;61;60;285;16;15.9;-54.9;15.9;-54.7
2105;AL112023;17;29.4;57;60;280;16;16.1;-56.4;16.1;-56.4
2106;AL112023;12;29.5;57;63;280;15;16.4;-57.8;16.4;-57.8
2107;AL112023;17;29.4;56;67;285;12;16.7;-58.9;16.7;-58.8
2108;AL112023;18;29.3;59;51;290;11;17.2;-59.9;17.2;-59.8
2109;AL112023;15;29.2;54;52;305;11;17.9;-60.8;17.9;-60.7
2110;AL112023;11;29.2;57;61;305;13;18.6;-61.8;18.8;-61.9
2111;AL112023;7;29.2;56;57;305;12;19.4;-62.9;19.4;-62.9
2112;AL112023;5;29.2;52;44;310;13;20.3;-64;20.4;-64
2113;AL112023;15;29.2;52;55;305;13;21.2;-65.3;21.2;-65.3
2114;AL112023;21;29.2;50;64;310;15;22.2;-66.5;22.3;-66.4
2115;AL112023;26;29.2;56;46;310;15;23.3;-67.6;23.3;-67.6
2116;AL112023;26;29.3;55;53;315;14;24.3;-68.6;24.1;-68.4
2117;AL112023;26;29.7;54;45;320;12;25.4;-69.4;25.1;-69.1
2118;AL112023;20;29.7;56;41;330;11;26.5;-69.5;26.1;-69.3
2119;AL112023;20;29.7;58;41;0;9;27.2;-69.4;26.9;-69.7
2120;AL112023;22;29.7;57;40;35;6;27.6;-69.1;27.5;-69.3
2121;AL112023;22;29.6;59;41;90;4;27.7;-68.3;27.5;-68.5
2122;AL112023;24;29.6;59;42;100;6;27.4;-67.4;27.6;-67.7
2123;AL112023;22;29.5;55;42;125;9;26.8;-66.7;26.7;-66.7
2124;AL112023;22;29.5;53;37;135;8;26.3;-66.2;26.3;-66.2
2125;AL112023;26;29.4;50;36;135;7;25.8;-65.8;25.7;-65.7
2126;AL112023;24;29.4;51;37;155;4;25.4;-65.6;25.4;-65.6
2127;AL112023;23;29.4;51;38;225;3;25.1;-65.7;25.2;-65.8
2128;AL112023;21;29.5;48;36;205;3;24.9;-65.9;25;-66.2
2129;AL112023;24;29.5;49;36;220;3;24.8;-66.3;24.8;-66.2
2130;AL112023;17;29.5;50;40;285;6;25;-66.9;25;-66.9
2131;AL112023;15;29.6;50;47;285;7;25.4;-67.6;25.3;-67.6
2132;AL112023;17;29.6;49;35;290;7;25.8;-68.2;25.7;-68.3
2133;AL112023;16;29.7;53;29;305;8;26.3;-69;26.3;-69
2134;AL112023;13;29.7;54;30;305;8;26.8;-69.9;26.8;-69.9
2135;AL112023;24;29.7;54;34;305;8;27.2;-70.7;27.2;-70.7
2136;AL112023;27;29.7;54;39;300;9;27.7;-71.4;27.6;-71.6
2137;AL112023;24;29.5;56;41;315;9;28.2;-71.8;28.5;-72.1
2138;AL112023;21;29.5;55;44;330;5;28.6;-72;28.6;-72
2139;AL112023;24;29.4;55;46;0;4;29.1;-72;28.9;-71.8
2140;AL112023;26;29.2;54;43;5;5;29.8;-72;29.6;-71.7
2141;AL112023;28;28.8;58;35;0;8;30.5;-71.9;30.6;-71.9
2142;AL112023;32;28.6;58;29;0;8;31.2;-71.8;31.2;-71.8
2143;AL112023;37;28.2;60;24;5;8;31.9;-71.6;31.9;-71.6
2144;AL112023;29;27.9;60;19;10;7;32.7;-71.4;32.6;-71.4
2145;AL112023;36;27.4;60;13;10;8;33.5;-71.2;33.5;-71.2
2146;AL112023;30;27.4;58;10;10;8;34.2;-71.2;34.4;-71
2147;AL112023;33;27.4;54;7;350;7;34.9;-71.4;34.8;-71.4
2148;AL112023;33;27.3;55;15;355;7;35.6;-71.6;35.6;-71.4
2149;AL112023;20;26.6;55;50;350;7;36.3;-71.7;36.4;-71.6
2150;AL112023;18;26.2;53;16;10;6;37;-71.5;36.9;-71.5
2151;AL112023;20;25.5;50;0;10;6;37.6;-71.2;37.6;-71.1
2152;AL112023;19;24.9;51;0;25;6;38.1;-70.8;38.1;-70.6
2153;AL112023;14;23.7;51;0;35;7;38.7;-70.2;38.8;-70.2
2154;AL112023;18;23.1;45;0;60;7;39.4;-68.5;39.4;-68.5
2155;AL112023;19;22.6;43;0;60;6;39.7;-68.1;39.8;-67.9
2156;AL112023;14;22.9;41;0;220;1;39.7;-68;39.6;-68.1
2157;AL112023;12;23.3;39;0;180;2;39.5;-68;39.5;-67.9
2158;AL112023;9;22.8;38;0;270;1;39.5;-68.2;39.6;-68.2
2159;AL112023;8;22.3;41;0;280;2;39.6;-68.6;39.7;-68.6
2160;AL112023;4;22;41;0;280;3;39.7;-69;39.7;-69.2
2161;AL112023;9;22.8;43;0;180;2;39.7;-69.1;39.4;-69.2
2162;AL122023;21;30.4;81;46;45;3;22.4;-97;22.4;-96.8
2163;AL122023;24;30.4;79;48;90;2;22.4;-96.7;22.3;-96.6
2164;AL122023;21;30.4;78;51;80;2;22.2;-96.4;22.2;-96.4
2165;AL122023;15;30.4;77;54;125;3;22;-95.8;21.8;-96.1
2166;AL122023;12;30.4;73;66;110;5;21.8;-95.2;21.8;-95.2
2167;AL122023;15;30.4;72;64;105;3;21.7;-94.9;21.7;-94.9
2168;AL122023;17;30.4;70;58;110;4;21.6;-94.6;21.6;-94.6
2169;AL122023;16;30.4;69;59;0;0;21.6;-94.6;21.6;-94.6
2170;AL122023;8;30.4;69;59;0;0;21.6;-94.6;21.6;-94.6
2171;AL122023;13;30.4;67;64;265;3;21.5;-95;21.6;-95
2172;AL122023;7;30.4;68;62;255;2;21.4;-95.3;21.4;-95.3
2173;AL122023;5;30.3;71;54;240;4;21.1;-95.7;21.1;-95.6
2174;AL122023;4;30.3;69;44;250;4;21.1;-96.2;21.1;-96.2
2175;AL122023;5;30.3;71;21;250;6;20.8;-96.9;20.8;-96.9
2176;AL122023;3;30.2;72;47;245;6;20.3;-97.4;20.3;-97.4
2177;AL122023;7;30.1;72;43;235;6;20.1;-97.7;20.1;-97.7
2178;AL132023;12;28.7;65;15;285;21;10.6;-24.7;10.5;-24.7
2179;AL132023;11;28.7;61;13;275;20;11.1;-26.2;10.6;-26.6
2180;AL132023;11;28.6;58;19;285;13;11.7;-27.6;11.3;-27.8
2181;AL132023;10;28.4;60;20;295;14;12.4;-29;12.5;-29.1
2182;AL132023;15;28.4;62;16;285;11;12.6;-30.5;12.8;-30.2
2183;AL132023;15;28.4;62;13;270;14;12.6;-31.9;12.6;-31.8
2184;AL132023;16;28.4;59;11;265;12;12.5;-33.1;12.5;-32.8
2185;AL132023;14;28.4;57;7;270;10;12.6;-33.9;12.6;-33.9
2186;AL132023;14;28.5;54;7;280;7;12.7;-34.6;12.8;-34.6
2187;AL132023;16;28.5;51;7;280;6;12.8;-35.4;12.9;-35.1
2188;AL132023;17;28.5;51;9;280;8;12.9;-36.2;12.9;-36.3
2189;AL132023;19;28.5;48;11;280;7;13.1;-37;13;-36.9
2190;AL132023;24;28.5;45;17;285;8;13.4;-37.9;13.4;-37.9
2191;AL132023;34;28.3;45;30;290;10;13.8;-39;13.9;-39.3
2192;AL132023;39;28.2;46;28;285;12;14.2;-40.2;13.9;-40.2
2193;AL132023;38;28;45;17;295;14;14.5;-41.5;14.8;-41.7
2194;AL132023;31;28;47;19;290;12;14.9;-42.6;14.8;-42.7
2195;AL132023;33;27.7;53;26;320;11;17.6;-45;17.6;-45.1
2196;AL132023;22;27.7;57;21;320;9;18.3;-45.2;18;-45.6
2197;AL132023;18;27.7;53;19;305;8;20.4;-44.1;18.1;-46.4
2198;AL132023;25;27.8;52;16;295;8;22;-43.9;18.5;-47.2
2199;AL132023;6;27.7;60;9;5;10;27.8;-46.5;27.8;-46.6
2200;AL132023;5;28;54;10;345;5;30.5;-49.1;30.5;-49
2201;AL132023;2;27.8;57;10;10;6;31.1;-49.2;31.2;-49
2202;AL132023;4;27.8;58;11;0;5;31.5;-49.3;31.5;-49.2
2203;AL132023;2;27.7;57;10;340;2;31.8;-49.4;31.8;-49.4
2204;AL132023;4;27.7;54;11;335;3;32;-49.8;32;-49.7
2205;AL132023;5;27.7;52;11;270;3;31.9;-50.1;32;-50.1
2206;AL132023;7;27.7;51;11;0;0;31.7;-50.2;31.9;-50.1
2207;AL132023;4;27.9;52;8;180;3;31.5;-50.1;31.5;-50.1
2208;AL132023;5;27.9;53;8;160;3;31.3;-49.8;31.4;-49.9
2209;AL132023;10;27.9;53;7;115;2;31.2;-49.6;31.3;-49.6
2210;AL132023;7;27.9;54;5;125;2;31;-49.5;31.1;-49.4
2211;AL132023;9;27.5;50;5;200;2;30.8;-49.7;30.9;-49.7
2212;AL132023;5;27.5;47;8;240;5;30.6;-50.2;30.6;-50.2
2213;AL132023;10;27.7;46;13;240;5;30.3;-51;30.4;-51
2214;AL132023;10;27.8;47;14;250;7;30.1;-52;30.1;-52
2215;AL132023;10;28;43;13;260;10;29.9;-53.2;29.9;-53.2
2216;AL132023;6;28.1;46;14;270;9;29.9;-54.2;29.9;-54.2
2217;AL132023;7;28.2;45;14;275;8;29.9;-55.1;30;-55.1
2218;AL132023;10;28.3;43;15;275;8;30.1;-56;30.1;-56
2219;AL132023;11;28.3;45;15;300;6;30.3;-56.6;30.3;-56.5
2220;AL132023;13;28.3;43;15;320;7;30.8;-57;30.8;-57
2221;AL132023;17;28.1;45;12;345;6;31.4;-57.2;31.4;-57.2
2222;AL132023;22;27.9;46;11;350;7;32.1;-57.3;32.1;-57.3
2223;AL132023;23;27.6;48;10;5;9;33;-57.2;33;-57.2
2224;AL132023;27;27.2;47;8;15;12;34.3;-56.6;34.3;-56.6
2225;AL132023;40;26.7;45;10;25;13;35.7;-55.5;35.6;-55.5
2226;AL132023;40;26.1;49;1;40;20;37.3;-53.8;37.3;-53.8
2227;AL132023;32;25.3;55;0;45;25;39;-51.2;39;-51.2
2228;AL132023;31;22.5;53;0;45;29;41;-48.2;41;-48.2
2229;AL132023;30;21.4;50;0;60;35;43.2;-44.5;43.2;-44.5
2230;AL132023;35;19.8;47;0;50;41;45.8;-38.9;45.8;-38.9
2231;AL152017;4;29.5;61;37;270;17;12.2;-51.7;12.2;-51.7
2232;AL152017;3;29.5;60;48;275;17;12.4;-53.1;12.3;-53.1
2233;AL152017;7;29.3;58;49;285;13;12.8;-54.4;12.8;-54.3
2234;AL152017;6;29.2;59;50;290;14;13.3;-55.7;13.3;-55.7
2235;AL152017;6;29.2;62;62;285;13;13.6;-57;13.6;-57
2236;AL152017;8;29.3;61;69;290;12;14;-58;14;-58
2237;AL152017;4;29.3;63;62;290;11;14.3;-59;14.4;-59
2238;AL152017;3;29.3;66;61;285;9;14.5;-59.7;14.5;-59.7
2239;AL152017;3;29.3;65;63;290;8;14.9;-60.4;14.9;-60.4
2240;AL152017;5;29.4;61;16;300;8;15.3;-61.1;15.3;-61.1
2241;AL152017;4;29.4;60;59;300;8;15.7;-61.9;15.8;-61.9
2242;AL152017;2;29.4;61;63;300;9;16.1;-62.7;16.1;-62.7
2243;AL152017;2;29.4;59;65;300;10;16.6;-63.5;16.6;-63.6
2244;AL152017;6;29.4;60;68;300;9;17;-64.3;17;-64.3
2245;AL152017;6;29.3;55;48;300;9;17.6;-65.1;17.6;-65.1
2246;AL152017;5;29.1;55;80;305;11;18.2;-66.2;18.2;-66.1
2247;AL152017;1;29.1;54;25;300;10;18.6;-67;18.6;-67
2248;AL152017;2;29.1;53;53;300;9;19;-67.6;18.9;-67.6
2249;AL152017;6;29.1;52;51;310;8;19.4;-68.2;19.4;-68.1
2250;AL152017;12;29.1;53;48;310;8;19.9;-68.8;19.9;-68.8
2251;AL152017;9;29.2;55;50;310;9;20.5;-69.5;20.5;-69.5
2252;AL152017;11;29.2;56;55;310;8;20.8;-70;20.8;-70
2253;AL152017;17;29.2;61;60;310;6;21.2;-70.5;21.2;-70.4
2254;AL152017;20;29.2;62;62;320;7;21.9;-70.9;21.9;-70.9
2255;AL152017;19;29.2;65;60;335;9;22.8;-71.2;22.8;-71.2
2256;AL152017;22;29.2;66;56;340;9;23.7;-71.6;23.7;-71.6
2257;AL152017;20;29.3;66;50;340;8;24.4;-71.9;24.4;-71.9
2258;AL152017;16;29.4;65;44;335;7;25.1;-72.1;25;-72.2
2259;AL152017;14;29.5;67;45;345;8;25.9;-72.3;25.9;-72.4
2260;AL152017;11;29.6;65;46;350;7;26.6;-72.4;26.6;-72.4
2261;AL152017;12;29.6;60;41;355;8;27.5;-72.6;27.5;-72.5
2262;AL152017;11;29.5;61;34;350;8;28.4;-72.8;28.4;-72.8
2263;AL152017;9;29.3;61;33;345;8;29.1;-72.9;29.1;-73
2264;AL152017;8;29.1;56;23;0;7;29.7;-72.9;29.7;-72.9
2265;AL152017;12;28.8;55;17;0;6;30.3;-72.9;30.3;-73
2266;AL152017;14;27.4;57;15;355;6;30.8;-73;30.8;-73
2267;AL152017;16;27.2;57;14;355;6;31.4;-73.1;31.4;-73.1
2268;AL152017;17;27.1;58;8;0;6;32;-73.1;32;-73
2269;AL152017;20;27.1;61;2;0;6;32.6;-73.1;32.6;-73.1
2270;AL152017;17;26.9;61;15;0;6;33.3;-73.1;33.3;-73.1
2271;AL152017;17;26.8;61;9;0;6;33.9;-73.1;33.9;-73.1
2272;AL152017;17;26.5;61;10;5;6;34.4;-73;34.6;-72.9
2273;AL152017;18;26.3;61;1;0;5;34.9;-72.9;34.9;-73
2274;AL152017;19;26.1;59;7;5;5;35.4;-72.8;35.4;-72.8
2275;AL152017;15;25.7;59;1;25;6;36;-72.6;36;-72.4
2276;AL152017;21;25.6;58;3;35;6;36.6;-72.2;36.5;-71.8
2277;AL152017;17;25.5;58;4;50;6;36.7;-71.3;36.8;-71.3
2278;AL152017;9;26.1;57;8;85;10;36.8;-70;36.8;-70
2279;AL152017;9;26.4;51;0;90;11;36.8;-68.6;36.8;-68.6
2280;AL152017;9;26.3;46;3;85;13;36.9;-66.8;36.9;-66.8
2281;AL152017;4;26.8;44;7;85;16;37;-64.6;37;-64.7
2282;AL152017;8;26.4;44;10;85;18;37;-62;37.2;-61.7
2283;AL152017;4;26.3;42;0;85;21;37.4;-59;37.4;-59
2284;AL152017;7;25.9;40;0;75;27;38.1;-55.6;38.1;-55.6
2285;AL152017;15;25.2;39;0;70;28;39.1;-52.2;39.1;-52.2
2286;AL152017;18;24.3;41;0;70;28;40;-48.8;40;-48.8
2287;AL152017;19;23.5;41;0;65;28;41.2;-45.6;41.4;-45.5
2288;AL162017;4;30.7;84;54;315;4;12;-81.8;11.9;-81.6
2289;AL162017;4;30.5;83;55;310;5;12.3;-82.3;12.3;-82.3
2290;AL162017;5;30.5;86;50;305;5;12.6;-82.7;12.6;-82.6
2291;AL162017;8;30.4;86;50;310;5;13.1;-83.1;13;-83.1
2292;AL162017;10;30.3;85;11;325;8;13.9;-83.5;13.9;-83.5
2293;AL162017;11;30.3;82;51;330;9;14.5;-84;14.5;-84
2294;AL162017;6;30.2;83;92;325;9;15.3;-84.4;15.3;-84.5
2295;AL162017;1;30.2;84;32;330;9;16.3;-84.7;16.2;-84.8
2296;AL162017;7;30.2;83;85;350;13;17.9;-84.7;17.8;-84.7
2297;AL162017;9;30;81;109;340;17;19.5;-85.2;19.4;-85.3
2298;AL162017;6;29.7;80;68;340;19;21.3;-85.9;21.3;-85.9
2299;AL162017;11;29.6;78;83;345;20;23.5;-86.5;23.6;-86.6
2300;AL162017;15;29.7;78;77;335;24;25.7;-87.9;25.7;-87.9
2301;AL162017;13;29.4;77;33;335;21;27.6;-88.9;27.6;-88.9
2302;AL162017;15;28.7;72;9;350;17;29.1;-89.2;29.1;-89.1
2303;AL162017;20;27.9;66;14;0;17;30.5;-88.9;30.6;-88.9
2304;AL162017;18;27;62;29;25;18;32.2;-88;32.2;-88
2305;AL162023;24;26.8;53;11;0;4;31.3;-40;31.3;-40
2306;AL162023;21;26.8;50;9;55;3;31.7;-39.6;31.5;-39.7
2307;AL162023;20;26.6;50;7;40;6;32;-39.1;32.2;-39.2
2308;AL162023;16;26.6;52;9;125;3;31.9;-38.8;32;-38.9
2309;AL162023;10;26.7;50;8;125;4;31.6;-38.5;31.6;-38.5
2310;AL162023;13;26.7;51;8;130;4;31.3;-38.2;31.3;-38.2
2311;AL162023;15;26.7;53;7;140;5;30.9;-37.8;30.9;-37.8
2312;AL162023;12;26.7;53;6;135;6;30.4;-37.2;30.4;-37.2
2313;AL162023;10;26.6;52;9;135;6;30;-36.7;30;-36.7
2314;AL162023;11;26.5;51;6;110;4;29.8;-36.2;30;-36.2
2315;AL162023;13;26.5;50;3;70;4;29.9;-35.8;29.9;-35.8
2316;AL162023;12;26.4;49;4;45;3;30.2;-35.7;30.2;-35.7
2317;AL162023;9;26.4;48;3;20;2;30.4;-35.7;30.4;-35.7
2318;AL162023;8;26.5;47;3;0;1;30.5;-35.6;30.5;-35.7
2319;AL162023;15;26.3;49;1;90;4;30.5;-35.1;30.5;-35.1
2320;AL162023;20;26.2;51;0;70;6;30.9;-34.4;30.9;-34.4
2321;AL162023;15;26.1;52;0;60;9;31.4;-33.4;31.4;-33.3
2322;AL162023;12;25.9;52;0;60;10;32;-32.5;32;-32.5
2323;AL162023;10;25.8;55;0;55;10;32.6;-31.5;32.6;-31.5
2324;AL162023;7;25.4;56;0;65;17;33.4;-29.7;33.4;-29.7
2325;AL162023;10;25.1;53;0;60;15;34.2;-27.7;34.2;-27.7
2326;AL162023;17;24.7;47;0;60;23;35.3;-25.2;35.3;-25.1
2327;AL162023;23;24.2;44;0;60;23;36.4;-22.6;36.3;-22.7
2328;AL162023;24;22.9;48;0;60;29;37.9;-19.8;38;-19.7
2329;AL162023;23;21.6;51;0;50;27;39.9;-17;40.1;-16.9
2330;AL162023;30;19.9;53;0;30;33;43.1;-14.3;43.1;-14.3
2331;AL162023;49;16.4;52;0;10;40;47.6;-13.4;47.6;-13.4
2332;AL162023;45;14.9;49;0;20;23;50;-12.1;49.8;-12.7
2333;AL172023;9;30.2;63;51;330;5;17.5;-84.2;17.5;-84.2
2334;AL172023;2;30.2;67;55;345;5;18.2;-84.5;17.8;-84.4
2335;AL172023;1;30.1;66;59;0;7;19.1;-84.3;18.9;-84.5
2336;AL172023;6;30.1;66;68;30;9;20.1;-83.5;19.9;-83.9
2337;AL172023;18;29.7;63;47;20;22;21.3;-82.4;21.8;-82.4
2338;AL172023;31;29;58;38;0;21;22.7;-81.2;23.9;-82.5
2339;AL182023;16;26;52;0;15;3;29.1;-50.4;29.3;-50.5
2340;AL182023;18;25.8;52;0;40;3;29.4;-50.2;29.5;-50.1
2341;AL182023;21;25.5;52;0;30;4;30;-50;30;-50
2342;AL182023;23;25.1;53;0;10;9;30.8;-49.9;30.9;-49.9
2343;AL182023;20;24.7;56;0;15;9;31.8;-49.5;31.7;-49.5
2344;AL182023;19;24.2;58;0;10;13;33;-49.1;33;-49.1
2345;AL182023;21;23.5;64;0;15;16;34.6;-48.7;34.6;-48.6
2346;AL182023;23;22.9;68;0;10;17;36.4;-48.7;36.3;-48.5
2347;AL182023;20;22.6;67;0;0;21;38.3;-48.8;38.5;-48.7
2348;AL182023;21;21.4;63;0;355;18;40.1;-49;40;-49
2349;AL182023;22;18.4;70;0;5;16;41.8;-48.8;41.4;-48.9
2350;AL182023;30;12.6;76;0;5;17;43.6;-48;43.6;-48.1
2351;AL182023;31;8.8;73;0;20;23;45.5;-47;45.5;-46.5
2352;AL012018;28;28.2;69;22;90;4;18.8;-87.1;19.4;-87
2353;AL012018;24;28.2;71;27;90;5;18.7;-86.5;19.4;-86.4
2354;AL012018;28;28.3;70;39;95;5;18.9;-85.9;19.3;-85.8
2355;AL012018;30;28.3;72;46;15;3;19.6;-85.7;19.3;-85.7
2356;AL012018;25;28.1;70;67;15;9;21.3;-85.6;20.9;-85
2357;AL012018;21;27.5;70;36;10;12;22.6;-85.3;22.8;-85.2
2358;AL012018;26;27.3;69;31;10;11;23.6;-84.8;23.4;-84.8
2359;AL012018;24;26.8;71;13;15;11;24.9;-84.3;24.3;-84.3
2360;AL012018;15;25.7;73;3;10;13;26.6;-84.4;26.5;-84.4
2361;AL012018;17;25.5;72;0;350;12;27.6;-85;27.7;-84.8
2362;AL012018;13;25.9;68;3;325;9;28.2;-85.8;28.3;-85.6
2363;AL012018;8;26.2;64;3;315;8;28.6;-86;28.6;-86.2
2364;AL012018;8;27.3;63;26;0;6;29.1;-85.9;29;-86
2365;AL012018;16;27.4;66;23;0;8;29.8;-85.9;29.9;-85.9
2366;AL012018;18;27.4;65;25;350;10;30.9;-86.1;30.9;-86.1
2367;AL012018;15;26.8;62;26;340;10;31.9;-86.6;31.7;-86.7
2368;AL022018;8;26.4;65;1;270;14;10.2;-40.9;10.1;-40.8
2369;AL022018;6;25.6;63;0;275;14;10.3;-42.3;10.3;-42.3
2370;AL022018;4;25.4;63;0;270;12;10.3;-43.4;10.3;-43.4
2371;AL022018;5;26;63;0;275;12;10.5;-44.6;10.5;-44.6
2372;AL022018;8;27.2;61;0;280;13;10.7;-46;10.7;-46
2373;AL022018;6;27.2;58;4;270;13;10.6;-47.3;10.6;-47.3
2374;AL022018;1;27.2;58;6;270;12;10.7;-48.3;10.7;-48.3
2375;AL022018;5;27.1;60;7;280;10;11.1;-49.3;10.9;-49.2
2376;AL022018;11;27.2;54;9;295;11;11.7;-50.4;11.7;-50.4
2377;AL022018;11;27.2;54;6;295;15;12.4;-52;12.4;-52
2378;AL022018;12;26.9;53;0;290;16;12.9;-53.6;12.9;-53.5
2379;AL022018;17;26.8;52;0;290;16;13.4;-55.2;13.4;-55.1
2380;AL022018;20;27.3;51;9;290;18;14.1;-56.9;14.1;-56.9
2381;AL022018;18;27.8;48;20;290;23;14.8;-59.2;14.8;-59.2
2382;AL022018;22;27.5;46;14;290;23;15.5;-61.3;15.5;-61.3
2383;AL022018;28;28;45;17;290;21;16.2;-63.2;16.2;-63.2
2384;AL022018;25;28;46;27;290;20;16.6;-65.3;16.8;-65.2
2385;AL022018;23;28.1;48;27;285;21;17.1;-67.1;17.1;-67.4
2386;AL022018;23;28;49;22;285;17;17.6;-68.9;17.5;-68.5
2387;AL022018;33;28;49;21;285;18;18.1;-70.5;18.1;-70.7
2388;AL022018;34;29.3;50;61;290;13;19.3;-71.6;18.6;-71.9
2389;AL022018;30;28.2;47;27;305;14;20.2;-72.4;20.1;-72.6
2390;AL022018;24;27.6;46;26;345;15;21.3;-73;22.2;-72.4
2391;AL022018;19;27.4;44;24;345;13;22.4;-73.6;23;-72.5
2392;AL022018;8;28.5;50;27;335;12;23.7;-73.8;23.5;-74.2
2393;AL022018;8;28.8;50;26;350;13;25.2;-73.8;25.2;-73.8
2394;AL022018;8;28.7;48;23;0;13;26.7;-73.6;26.7;-73.6
2395;AL022018;21;28;49;17;20;12;29.6;-72.4;29;-72.6
2396;AL022018;14;27.2;54;7;20;14;30.8;-71.6;31.2;-71.6
2397;AL022018;20;27.2;54;4;35;13;31.9;-70.7;31.7;-70.6
2398;AL022018;25;26.2;48;1;35;9;33.3;-69.4;33.2;-69.6
2399;AL022018;20;26.2;45;0;40;10;33.9;-68.6;34;-68.4
2400;AL022018;26;25.5;48;0;40;9;34.5;-68;34.7;-68
2401;AL022018;32;25.1;49;0;40;8;35;-67.3;35.1;-67.5
2402;AL022018;28;25.4;52;0;50;9;35.6;-66.2;35.5;-66.2
2403;AL022018;25;24.8;50;0;40;11;36.7;-65.5;36.7;-65.5
2404;AL022018;29;26;52;5;25;12;37.8;-65.5;38;-65.5
2405;AL022018;27;26.2;56;7;30;3;38.2;-65.4;38.2;-65.4
2406;AL022018;20;25.7;57;2;75;2;38.1;-65.1;38.1;-65.1
2407;AL022018;20;25.3;54;0;90;4;38;-64.3;38;-64.3
2408;AL022018;19;25.7;56;1;75;9;38.3;-63.1;38.3;-63.1
2409;AL022018;11;26.3;57;3;75;11;38.7;-61.8;38.7;-61.8
2410;AL032018;7;28.4;54;10;300;7;31.8;-73.6;32;-73.7
2411;AL032018;6;28.4;56;12;330;5;32.2;-74.2;32.4;-74
2412;AL032018;10;28.5;55;20;340;5;32.6;-74.6;33;-74.5
2413;AL032018;7;28.5;57;22;325;4;32.7;-74.9;33;-74.8
2414;AL032018;4;28.4;58;24;295;3;32.8;-75.2;32.9;-75.3
2415;AL032018;9;28.4;55;23;120;0;32.9;-75.3;32.8;-75.1
2416;AL032018;16;28.7;52;26;0;0;33.1;-75.4;33.2;-75.5
2417;AL032018;15;28.7;51;25;30;2;33.1;-75;33.3;-75
2418;AL032018;9;28.3;50;22;140;1;32.8;-74.8;32.7;-74.9
2419;AL032018;12;28.2;45;19;110;2;32.6;-74.6;32.6;-74.5
2420;AL032018;11;28.2;43;18;180;1;32.4;-74.5;32.5;-74.5
2421;AL032018;9;27.9;43;16;155;2;32.2;-74.6;32.2;-74.5
2422;AL032018;6;27.9;42;15;90;1;32.1;-74.4;32.2;-74.4
2423;AL032018;8;28;37;17;150;1;32.2;-74.3;32.3;-74.3
2424;AL032018;11;28;37;18;45;1;32.4;-74.1;32.4;-74.2
2425;AL032018;15;28;37;14;50;7;32.9;-73.5;32.8;-73.5
2426;AL032018;12;28.1;34;13;50;8;33.4;-72.8;33.4;-72.8
2427;AL032018;12;27.5;36;9;50;9;33.9;-71.9;33.9;-71.9
2428;AL032018;17;26.5;40;0;50;10;34.6;-70.7;34.7;-70.7
2429;AL032018;12;26.5;47;1;50;17;35.6;-69.1;35.7;-69
2430;AL032018;14;26.4;48;1;50;22;37;-66.8;37;-66.8
2431;AL032018;20;26.5;50;7;50;24;38.5;-64.3;38.5;-64.4
2432;AL032018;30;21.4;48;0;45;26;40.9;-61.7;41;-61.5
2433;AL032018;34;16.6;47;0;40;30;43.3;-59.2;43.4;-59.2
2434;AL042018;3;26.8;60;6;350;19;39;-49;39.2;-49.1
2435;AL042018;3;26.3;59;1;0;11;39.7;-49.2;39.8;-49.1
2436;AL042018;9;25.6;57;0;15;7;40.4;-49;40.4;-49
2437;AL042018;14;24.9;56;0;5;6;41;-48.6;40.8;-48.7
2438;AL042018;14;25.6;55;0;30;7;41.6;-48.1;41.5;-47.8
2439;AL042018;13;25.2;55;0;40;10;42.4;-47.2;42.4;-47
2440;AL042018;4;25.2;52;0;55;12;43.2;-46;43.2;-46
2441;AL042018;9;23.9;49;0;55;14;44;-44.4;44;-44.4
2442;AL042018;12;21.1;47;0;55;20;45.1;-42;45.1;-42
2443;AL052018;17;26.6;47;0;350;4;37.4;-45.7;37.3;-45.6
2444;AL052018;17;26.8;45;1;350;6;37.8;-45.9;37.8;-45.9
2445;AL052018;15;26.9;43;5;0;8;38.5;-45.8;38.6;-45.9
2446;AL052018;12;26.6;43;2;25;9;39.3;-45.4;39.3;-45.4
2447;AL052018;8;26.4;47;1;30;11;40.3;-44.7;40.2;-44.7
2448;AL052018;8;24.9;50;0;25;13;41.5;-43.8;41.6;-43.8
2449;AL052018;7;25.2;49;0;40;15;42.4;-42.1;42.4;-42.1
2450;AL052018;5;22.5;50;0;55;17;43.5;-40.2;43.5;-40.1
2451;AL052018;5;21.4;56;0;50;20;44.9;-37.9;44.8;-37.9
2452;AL052018;6;20.4;60;0;50;25;46.6;-35.1;46.4;-34.6
2453;AL052018;10;16.3;63;0;50;27;48.3;-31.8;48.3;-31.8
2454;AL052018;17;14.8;59;0;60;30;49.8;-27.7;49.8;-27.7
2455;AL052018;21;13.6;55;0;55;32;51.3;-22.6;51.2;-22.2
2456;AL062018;18;27.8;73;5;270;13;12.8;-17.9;12.8;-17.9
2457;AL062018;16;28;71;7;270;12;12.8;-19;12.8;-19
2458;AL062018;20;28.2;71;13;275;11;13.1;-20.2;13.1;-20.2
2459;AL062018;18;28.2;73;13;285;10;13.4;-21.4;13.4;-21
2460;AL062018;16;28.1;71;13;285;10;13.6;-22.6;13.5;-22.1
2461;AL062018;12;27.8;70;14;280;13;13.8;-23.8;13.8;-24
2462;AL062018;10;27.6;70;7;280;12;14;-24.9;14;-24.9
2463;AL062018;9;27.3;72;3;285;11;14.3;-26.1;14.3;-26.1
2464;AL062018;4;27;71;1;280;12;14.8;-27.2;14.6;-27.3
2465;AL062018;3;26.5;68;0;295;12;15.4;-28.3;15.4;-28.3
2466;AL062018;4;26.3;67;0;295;12;15.9;-29.6;15.8;-29.5
2467;AL062018;2;26;62;0;290;13;16.4;-30.9;16.3;-30.7
2468;AL062018;7;25.9;61;0;285;16;16.8;-32.4;16.8;-32.4
2469;AL062018;7;26;60;0;290;15;17.1;-33.8;17.1;-33.9
2470;AL062018;12;25.9;58;0;290;14;17.6;-35.2;17.8;-35.2
2471;AL062018;12;25.9;58;0;285;14;17.9;-36.6;17.9;-36.6
2472;AL062018;9;26.2;56;0;285;14;18.2;-38;18.3;-38
2473;AL062018;10;26.3;53;0;280;13;18.4;-39.2;18.4;-39.2
2474;AL062018;13;26.4;52;4;280;12;18.7;-40.2;18.7;-40.4
2475;AL062018;16;26.4;53;7;285;11;19.1;-41.2;19.1;-41.5
2476;AL062018;18;26.5;52;5;295;9;19.5;-42;19.5;-42
2477;AL062018;14;26.5;50;7;300;9;20;-42.7;20;-42.7
2478;AL062018;17;26.6;49;12;300;8;20.4;-43.4;20.4;-43.4
2479;AL062018;23;26.8;47;12;305;9;21.1;-44.3;21.1;-44.3
2480;AL062018;22;27;49;15;310;11;21.7;-45.2;21.7;-45.2
2481;AL062018;16;27.2;44;20;305;11;22.4;-46.2;22.4;-46.2
2482;AL062018;21;27.4;46;22;315;11;23.1;-46.9;23.1;-46.9
2483;AL062018;25;27.6;48;22;315;10;23.8;-47.6;23.8;-47.6
2484;AL062018;24;27.7;47;26;315;9;24.4;-48.2;24.4;-48.2
2485;AL062018;24;27.9;47;32;305;9;24.8;-49;24.8;-49.2
2486;AL062018;26;28;45;31;290;6;25;-49.6;25;-49.5
2487;AL062018;27;28.2;44;22;275;6;25;-50.3;25.1;-50.4
2488;AL062018;26;28.3;44;18;270;8;24.9;-51.1;25;-51.4
2489;AL062018;20;28.3;44;16;260;8;24.8;-52;24.8;-52.2
2490;AL062018;22;28.4;46;14;265;7;24.7;-52.9;24.8;-52.8
2491;AL062018;19;28.5;46;13;265;8;24.6;-53.6;24.6;-53.8
2492;AL062018;13;28.5;48;13;270;6;24.6;-54.1;24.6;-54.1
2493;AL062018;5;28.5;47;14;270;4;24.6;-54.5;24.6;-54.5
2494;AL062018;8;28.6;48;14;270;4;24.5;-55;24.6;-54.9
2495;AL062018;8;28.6;48;16;265;5;24.4;-55.5;24.5;-55.5
2496;AL062018;8;28.6;48;19;265;5;24.4;-56.1;24.4;-56.1
2497;AL062018;4;28.6;48;22;270;6;24.4;-56.7;24.4;-56.7
2498;AL062018;7;28.7;48;25;275;6;24.5;-57.3;24.5;-57.3
2499;AL062018;9;28.8;48;32;285;8;24.7;-58.4;24.8;-58.4
2500;AL062018;4;28.9;51;39;280;10;24.9;-59.5;24.9;-59.5
2501;AL062018;7;29;50;35;285;11;25.2;-60.6;25.2;-60.6
2502;AL062018;4;29;49;27;290;11;25.6;-61.8;25.6;-61.7
2503;AL062018;8;29.1;48;34;290;13;26;-63.2;26.1;-63.3
2504;AL062018;6;29;49;38;290;13;26.5;-64.7;26.4;-64.6
2505;AL062018;7;29.2;45;39;295;16;27.2;-66.4;27.2;-66.3
2506;AL062018;1;29.3;47;56;300;15;27.9;-68.1;28;-67.9
2507;AL062018;7;29.3;49;42;300;15;28.7;-69.5;28.6;-69.5
2508;AL062018;8;29.2;50;39;300;13;29.4;-70.7;29.4;-70.7
2509;AL062018;10;29;45;23;310;14;30.4;-71.9;30.4;-71.9
2510;AL062018;6;29;49;32;315;15;31.5;-73.2;31.5;-73.2
2511;AL062018;10;29.2;50;38;315;15;32.4;-74.2;32.5;-74.3
2512;AL062018;11;29.2;53;34;315;10;33.1;-75.1;33.1;-75.1
2513;AL062018;11;29;53;45;300;9;33.6;-76;33.6;-76
2514;AL062018;13;28.8;56;29;310;6;34;-76.5;34;-76.5
2515;AL062018;11;28.7;57;22;290;6;34.2;-77.2;34.1;-77.2
2516;AL062018;11;28.7;59;25;260;6;34.1;-77.9;34.1;-77.9
2517;AL062018;11;28.8;58;28;270;4;34;-78.4;34;-78.4
2518;AL062018;13;28.7;59;30;255;4;33.9;-78.8;33.9;-78.8
2519;AL062018;16;28.7;60;17;255;4;33.7;-79.3;33.7;-79.3
2520;AL062018;20;28.7;60;17;250;2;33.6;-79.5;33.6;-79.5
2521;AL062018;15;28.6;58;15;270;2;33.6;-79.8;33.6;-79.8
2522;AL062018;16;28.5;59;11;270;2;33.6;-80.2;33.6;-80.1
2523;AL062018;18;28.1;57;7;275;7;33.6;-80.8;33.7;-81
2524;AL072018;8;29.3;63;47;300;12;22.4;-77;22.4;-76.7
2525;AL072018;13;29.6;65;56;300;13;23.3;-78.2;23;-78
2526;AL072018;14;29.9;65;49;300;15;24.2;-79.4;24.1;-79.6
2527;AL072018;10;29.7;65;38;305;15;25.1;-80.7;25.1;-80.6
2528;AL072018;9;29.8;63;41;300;14;25.8;-81.9;25.8;-81.9
2529;AL072018;14;29.9;64;27;305;15;26.6;-83.3;26.7;-83.4
2530;AL072018;17;30.1;63;28;300;15;27.2;-84.9;27.3;-85
2531;AL072018;13;30;67;27;300;13;28.1;-86.2;28.1;-86.2
2532;AL072018;9;29.8;66;25;305;13;28.9;-87.2;28.9;-87.3
2533;AL072018;16;29.7;64;23;315;12;29.8;-88;29.7;-87.9
2534;AL072018;19;29.6;62;21;320;12;30.9;-88.9;30.9;-88.9
2535;AL072018;15;28.7;65;7;325;13;31.9;-89.8;32;-89.8
2536;AL082018;18;27.9;69;5;275;10;13.4;-16.8;13;-17.5
2537;AL082018;14;27.9;69;3;275;9;13.5;-17.4;13.1;-18.3
2538;AL082018;9;27.8;68;4;290;5;13.6;-18;13.5;-18
2539;AL082018;11;27.8;71;3;275;10;13.7;-18.9;13.7;-18.9
2540;AL082018;10;27.9;71;7;265;10;13.5;-19.9;13.5;-20
2541;AL082018;6;27.9;72;10;270;11;13.3;-21;13.5;-21.1
2542;AL082018;6;28;71;7;260;11;13.2;-22.2;13.2;-22.2
2543;AL082018;10;28.1;72;7;265;11;13.1;-23.4;13.1;-23.4
2544;AL082018;10;28.1;71;7;270;11;13.2;-24.5;13.2;-24.4
2545;AL082018;8;28.1;68;4;280;11;13.4;-25.6;13.3;-25.5
2546;AL082018;8;27.9;67;3;285;11;13.7;-26.7;13.7;-26.6
2547;AL082018;8;27.7;68;8;285;13;14;-28;14.1;-28.2
2548;AL082018;8;27.3;68;6;285;14;14.4;-29.4;14.4;-29.4
2549;AL082018;5;27.2;71;1;285;14;14.8;-30.8;14.7;-30.9
2550;AL082018;2;26.7;71;0;295;13;15.3;-32.1;15.3;-31.9
2551;AL082018;6;26.5;71;0;290;13;15.7;-33.2;15.7;-33.2
2552;AL082018;10;26.2;72;0;295;11;16.2;-34;16.2;-34
2553;AL082018;11;25.9;69;0;300;10;16.8;-34.6;16.8;-34.6
2554;AL082018;15;25.6;64;0;325;9;17.6;-35.3;17.6;-35.2
2555;AL082018;19;25.5;61;0;335;11;18.7;-35.8;18.7;-35.6
2556;AL082018;20;25.5;54;0;330;11;19.8;-36.3;19.8;-36.3
2557;AL082018;19;25.5;49;0;340;12;20.8;-36.7;20.8;-36.6
2558;AL082018;26;25.6;46;0;340;11;21.9;-37.1;21.9;-36.8
2559;AL082018;29;25.8;44;0;345;11;22.9;-37.3;22.9;-37.3
2560;AL082018;33;25.9;43;0;355;11;24.1;-37.4;24;-37.3
2561;AL082018;38;26.1;41;0;0;12;25.4;-37.4;25.4;-37.1
2562;AL082018;46;26.3;43;0;5;16;27.2;-37.4;27.6;-36.7
2563;AL082018;47;26.7;46;3;10;20;29.4;-37.3;29.7;-36.2
2564;AL082018;46;27.1;51;4;5;22;31.8;-37.2;32;-36.5
2565;AL082018;44;27.2;53;3;5;19;33.7;-37;33.3;-37.1
2566;AL082018;50;27;51;1;10;18;35.2;-36.5;35.1;-36.3
2567;AL082018;44;26.1;50;0;20;19;36.9;-35.7;36.9;-35.2
2568;AL082018;36;25.3;44;0;25;18;38.4;-34.5;38.4;-34.7
2569;AL082018;32;24.6;39;0;45;17;39.6;-32.9;39.5;-33.1
2570;AL082018;32;23.7;40;0;45;17;40.6;-31.5;40.5;-31.2
2571;AL082018;27;22.6;44;0;45;17;41.8;-29.6;41.8;-29.6
2572;AL082018;23;21.4;46;0;50;23;43.1;-27.1;43.1;-27.1
2573;AL092018;14;27.4;60;6;290;2;13.9;-34.9;13.9;-35
2574;AL092018;13;27.3;61;5;325;3;14.2;-35.2;14.2;-35.2
2575;AL092018;8;27.2;59;3;310;4;14.4;-35.8;14.5;-35.7
2576;AL092018;8;27.2;58;4;285;6;14.5;-36.3;14.5;-36.3
2577;AL092018;8;27.2;58;7;270;6;14.4;-37;14.4;-37.1
2578;AL092018;4;27.1;56;9;270;7;14.3;-37.7;14.5;-37.7
2579;AL092018;5;27.2;55;12;265;8;14.3;-38.7;14.3;-38.6
2580;AL092018;5;27.1;50;16;275;10;14.4;-39.8;14.4;-39.8
2581;AL092018;1;27.1;48;8;275;11;14.5;-41;14.6;-41
2582;AL092018;4;27.2;49;9;275;11;14.5;-42.2;14.6;-42.1
2583;AL092018;9;27.3;49;12;275;11;14.4;-43.5;14.7;-43.3
2584;AL092018;7;27.5;47;7;270;11;14.4;-44.8;14.4;-44.4
2585;AL092018;7;27.7;49;10;270;14;14.5;-46.2;14.5;-46.2
2586;AL092018;8;27.7;48;15;275;13;14.6;-47.6;14.6;-47.5
2587;AL092018;10;27.7;47;35;275;14;14.6;-49.1;14.6;-49
2588;AL092018;12;27.9;46;26;270;15;14.6;-50.5;14.6;-50.6
2589;AL092018;13;28;49;16;270;13;14.5;-51.7;14.5;-51.8
2590;AL092018;18;28.2;52;17;270;13;14.6;-52.9;14.5;-53
2591;AL092018;23;28.3;53;15;275;13;14.9;-54.2;14.7;-53.6
2592;AL092018;26;28.6;49;22;280;18;15.2;-55.7;15.3;-55.7
2593;AL092018;25;28.6;50;28;275;17;15.3;-57.2;15.3;-57.2
2594;AL092018;26;28.6;50;42;270;15;15.1;-58.9;15.3;-58.8
2595;AL092018;23;28.7;48;63;265;18;14.9;-60.7;15;-61
2596;AL092018;21;28.7;46;51;270;15;14.9;-62.3;14.9;-62.5
2597;AL092018;14;28.7;46;49;270;13;14.9;-63.6;14.9;-63.7
2598;AL092018;13;28.6;46;59;270;13;15;-64.8;14.9;-64.9
2599;AL092018;14;28.6;47;55;270;14;15.2;-66.2;14.9;-66.5
2600;AL092018;13;28.7;48;56;275;13;15.3;-67.6;15.3;-67.6
2601;AL092018;11;28.8;53;59;275;13;15.4;-69;15.4;-68.9
2602;AL102018;17;27.2;34;5;210;10;34.8;-41.9;34.5;-41.7
2603;AL102018;14;27.3;36;6;210;6;34.3;-42.4;34.3;-42.4
2604;AL102018;16;27.3;40;8;215;5;34;-42.9;34;-42.9
2605;AL102018;18;27.4;43;8;245;5;33.9;-43.4;33.9;-43.4
2606;AL102018;20;27.3;44;10;250;5;33.6;-43.9;33.8;-44
2607;AL102018;22;27.4;46;8;210;6;33.1;-44.4;33.1;-44.3
2608;AL102018;27;27.4;43;5;210;7;32.5;-44.8;32.5;-44.8
2609;AL102018;27;27.4;41;7;200;7;31.8;-44.9;31.8;-44.9
2610;AL102018;28;27.4;41;6;160;6;31.5;-44.5;31.5;-44.4
2611;AL102018;33;27.4;39;7;90;5;31.4;-43.9;31.5;-43.8
2612;AL102018;36;27.4;39;9;85;5;31.5;-42.8;31.6;-43
2613;AL102018;38;27.4;37;8;85;8;31.9;-41.6;31.7;-41.7
2614;AL102018;38;27.4;35;4;65;13;32.5;-40.3;32.8;-40.4
2615;AL102018;40;27.3;33;3;60;12;33.2;-38.8;33.3;-38.8
2616;AL102018;38;27.2;30;0;60;15;33.8;-37.1;33.8;-37
2617;AL102018;37;27;29;0;65;16;34.3;-35.2;34.5;-35.2
2618;AL102018;38;26.8;26;0;90;15;34.4;-33.2;34.4;-33.4
2619;AL102018;40;26.3;23;0;95;18;34.3;-31.4;34.1;-31.1
2620;AL102018;39;25.9;24;0;90;15;34.2;-30.1;34.2;-29.5
2621;AL102018;36;26;27;0;95;13;34.1;-28.9;34.1;-28.8
2622;AL102018;35;25.8;28;0;95;10;33.9;-28;33.9;-27.7
2623;AL102018;36;25.7;30;0;140;5;33.5;-27.5;33.5;-27.4
2624;AL102018;35;25.7;29;0;155;5;32.8;-27.3;33.2;-27.6
2625;AL102018;36;25.4;29;0;170;9;32;-27.3;31.9;-27.3
2626;AL102018;36;25.3;30;0;185;8;31.1;-27.5;31.2;-27.6
2627;AL102018;37;25.1;29;0;200;7;30.4;-27.9;30.6;-27.8
2628;AL122018;8;27.2;66;18;280;12;8.1;-22.9;8.1;-22.9
2629;AL122018;5;27.1;66;16;290;13;8.5;-24.1;8.4;-24.1
2630;AL122018;2;26.9;68;13;285;14;8.9;-25.7;8.8;-25.6
2631;AL122018;1;26.9;69;16;280;15;9.1;-27.3;9;-27.1
2632;AL122018;0;27;71;12;280;18;9.2;-29.3;9.2;-29.3
2633;AL122018;5;27.4;69;9;280;20;9.3;-31.7;9.4;-31.3
2634;AL122018;7;28;70;8;270;24;9.4;-34.1;9.4;-34.3
2635;AL122018;5;28.4;67;11;270;21;9.6;-36.4;9.4;-36.4
2636;AL122018;9;29.2;63;16;280;21;9.8;-38.5;9.8;-38.5
2637;AL122018;7;29.3;63;11;280;20;10;-40.6;10.1;-40.5
2638;AL122018;8;29.5;62;8;280;23;10.3;-42.7;10.5;-43.3
2639;AL122018;10;29.7;61;15;275;22;10.7;-44.8;10.4;-45.2
2640;AL122018;15;29.7;58;22;280;18;11;-46.8;10.6;-46.8
2641;AL122018;12;29.4;58;27;280;18;11.3;-48.6;11.4;-48.6
2642;AL122018;11;29.2;58;23;280;17;11.5;-50.3;11.6;-50.3
2643;AL122018;10;29.1;59;21;280;16;11.8;-52;11.7;-51.9
2644;AL122018;8;29;57;20;280;16;12.1;-53.6;12;-53.4
2645;AL122018;7;29;58;24;285;16;12.5;-55;12.5;-55
2646;AL122018;14;29.1;60;31;285;14;12.9;-56.4;12.7;-56.2
2647;AL122018;21;29.1;61;44;290;14;13.3;-57.7;13.3;-57.7
2648;AL122018;26;29.2;66;55;285;13;13.6;-58.7;13.6;-58.7
2649;AL122018;29;29.3;68;42;290;11;14;-59.8;14;-59.8
2650;AL122018;33;29.4;67;38;280;10;13.8;-60.8;13.9;-60.8
2651;AL122018;27;29.5;69;41;255;11;13.3;-61.9;13.2;-62
2652;AL122018;26;29.4;68;47;280;10;13.6;-63.1;13.6;-63.1
2653;AL122018;26;29.4;68;45;300;12;14.4;-64.2;14.4;-64.2
2654;AL132018;11;27.6;47;5;280;3;33.2;-46.5;33.1;-46.2
2655;AL132018;14;27.6;46;6;280;5;33.5;-47;33.5;-47
2656;AL132018;19;27.7;43;2;265;8;33.5;-47.8;33.4;-48.2
2657;AL132018;23;27.7;46;3;220;7;32.9;-48.5;32.8;-48.7
2658;AL132018;19;27;48;7;225;5;32.8;-47.9;32.5;-48.2
2659;AL132018;17;27;49;4;140;3;33;-47.6;32.8;-47.6
2660;AL132018;18;27;53;4;75;3;32.7;-47.2;33.1;-47.4
2661;AL132018;20;27.1;55;3;140;6;32.1;-46.7;32.2;-46.9
2662;AL132018;10;27.2;55;3;120;8;31.7;-45.2;31.7;-45.2
2663;AL132018;23;26.9;46;0;65;12;32.6;-42.6;33.3;-42.8
2664;AL132018;33;26.9;43;0;75;12;32.3;-40.3;32.5;-41
2665;AL132018;27;25.6;44;0;330;18;37.3;-40.4;37.5;-40.5
2666;AL132018;11;25.9;42;0;325;15;37.1;-41.6;37.1;-41.6
2667;AL132018;7;26;45;0;250;9;37;-42.5;36.9;-42.5
2668;AL132018;7;26.1;47;0;265;7;37;-43.4;37;-43.4
2669;AL132018;11;26.3;47;0;270;8;36.9;-44.5;36.9;-44.5
2670;AL132018;14;26.5;48;0;265;8;36.6;-45.3;36.6;-45.3
2671;AL132018;15;26.7;49;0;255;8;36.4;-46.4;36.4;-46.4
2672;AL132018;17;26.8;49;0;260;9;36.3;-47.4;36.3;-47.4
2673;AL132018;28;26.8;48;0;255;10;35.9;-48.9;35.9;-48.9
2674;AL132018;27;26.9;47;0;250;10;35.4;-50;35.4;-50
2675;AL132018;28;27;48;0;220;10;34.7;-50.6;34.6;-50.7
2676;AL132018;27;24.8;47;0;225;5;34.3;-51.3;34.2;-51.1
2677;AL132018;30;24.8;48;0;225;7;34;-51.7;34;-51.8
2678;AL132018;32;24.8;48;0;245;5;33.8;-52.2;33.9;-52.3
2679;AL132018;27;24.8;48;0;230;3;33.7;-52.6;33.7;-52.4
2680;AL132018;24;25;47;0;240;4;33.6;-53;33.6;-53
2681;AL132018;29;25.2;48;2;250;5;33.5;-53.4;33.4;-53.5
2682;AL132018;23;25.2;48;1;260;3;33.3;-53.7;33.5;-53.7
2683;AL132018;16;25;48;0;245;3;33.1;-54.1;33.3;-54.1
2684;AL132018;14;24.9;46;0;235;4;32.8;-54.4;33;-54.5
2685;AL132018;18;25;45;0;230;4;32.4;-54.9;32.7;-54.8
2686;AL132018;14;25.7;43;0;225;6;31.9;-55.4;31.9;-55.4
2687;AL132018;12;26.3;42;3;215;7;31.2;-55.9;31.2;-55.9
2688;AL132018;14;26.6;40;12;205;8;30.4;-56.2;30.4;-56.2
2689;AL132018;14;26.6;41;13;205;8;29.8;-56.6;29.8;-56.6
2690;AL132018;11;26.8;40;15;220;2;29.6;-56.8;29.6;-56.8
2691;AL132018;10;26.6;43;15;0;0;29.5;-56.8;29.5;-56.8
2692;AL132018;11;26.6;40;17;0;1;29.8;-56.9;29.6;-56.9
2693;AL132018;8;26.6;45;16;345;2;30.3;-57;30.3;-57
2694;AL132018;7;26.7;50;8;350;6;30.9;-57.1;30.9;-57.1
2695;AL132018;14;26.2;52;0;355;8;31.7;-57.2;31.9;-57.1
2696;AL132018;12;25.9;50;0;355;10;32.8;-57.3;32.8;-57.4
2697;AL132018;6;25.1;51;0;355;12;34.2;-57.6;34.4;-57.5
2698;AL132018;1;24.8;51;0;345;14;35.2;-58.2;35.5;-58.2
2699;AL132018;4;24.5;48;0;340;10;35.9;-58.3;36;-58.4
2700;AL132018;5;24.5;44;0;355;3;36.2;-58.1;36.1;-58.3
2701;AL132018;13;25;43;0;25;4;36.5;-57.6;36.5;-57.5
2702;AL132018;14;25.7;40;9;50;7;36.9;-57;37;-56.9
2703;AL132018;11;25.5;40;1;40;8;37.4;-56.4;37.7;-56.3
2704;AL132018;3;24.7;38;0;95;9;37.5;-55.1;37.5;-55.1
2705;AL132018;4;22.8;40;0;90;12;37.4;-53.7;37.4;-53.5
2706;AL132018;10;23.6;37;0;95;10;37.1;-52.5;37.3;-52.6
2707;AL132018;6;24.1;36;0;120;9;36.5;-51.6;36.8;-51.8
2708;AL132018;3;24.5;36;0;120;9;36.1;-50.5;36.1;-50.5
2709;AL132018;1;24.7;37;0;120;9;35.8;-49.4;35.9;-49.7
2710;AL132018;6;24.7;37;0;110;11;35.5;-48.5;35.5;-48.5
2711;AL132018;5;24.3;35;0;120;10;34.9;-47.4;35;-47.5
2712;AL132018;5;23.9;32;0;125;12;34.3;-46.2;34.2;-46.3
2713;AL132018;9;24.5;29;0;125;12;33.5;-45.1;33.4;-45
2714;AL132018;11;24.8;30;0;130;11;32.7;-44.2;32.7;-44.2
2715;AL132018;13;24.9;31;0;140;11;31.6;-43.6;31.7;-43.7
2716;AL132018;11;25.3;32;0;150;10;30.7;-43.1;30.7;-43.1
2717;AL132018;13;26;33;0;155;10;29.8;-42.7;29.8;-42.7
2718;AL132018;8;26.2;38;0;175;9;28.8;-42.7;28.8;-42.7
2719;AL132018;3;26.4;41;1;170;9;28.1;-42.5;28.1;-42.5
2720;AL132018;5;26.5;43;1;135;4;27.7;-42.2;27.8;-42.2
2721;AL132018;5;26.6;45;0;90;5;27.7;-41.6;27.7;-41.6
2722;AL132018;4;26.4;48;1;65;9;28.1;-40.7;28.1;-40.7
2723;AL132018;10;26;47;0;60;14;28.8;-39.3;28.8;-39.3
2724;AL132018;11;25.6;45;0;65;17;29.5;-37.5;29.5;-37.5
2725;AL132018;9;25.3;48;0;65;21;30.4;-35.2;30.4;-35.2
2726;AL132018;7;24.4;51;0;65;24;31.4;-32.5;31.4;-32.5
2727;AL132018;10;24.5;47;0;65;27;32.6;-29.6;32.6;-29.6
2728;AL132018;11;24.1;41;0;70;30;33.4;-26.3;33.5;-25.9
2729;AL132018;18;23.3;34;0;75;31;34.2;-22.4;34.2;-22.4
2730;AL132018;24;22.2;27;0;70;33;35.5;-18.3;35.5;-18.3
2731;AL132018;28;20.8;25;0;65;34;37.2;-14.1;37.2;-14.1
2732;AL132018;27;19.6;32;0;60;36;39.3;-10.5;39.3;-10.5
2733;AL142018;24;29.3;71;51;330;5;18.1;-86.9;18.5;-86.6
2734;AL142018;25;29.5;72;47;325;3;18.4;-86.8;18.4;-87
2735;AL142018;20;29.4;71;46;0;5;18.8;-86.4;19;-86.9
2736;AL142018;18;29.4;71;54;25;3;19.1;-85.7;18.9;-86.3
2737;AL142018;19;29.6;70;82;35;7;19.7;-85.5;19.8;-85.4
2738;AL142018;23;29.7;68;83;20;6;20.2;-85.4;20.2;-85.5
2739;AL142018;14;29.3;70;106;25;7;20.9;-85.1;20.9;-85.1
2740;AL142018;15;29.4;68;108;0;8;21.7;-85.1;21.7;-85.1
2741;AL142018;19;29.8;69;53;355;10;22.7;-85.2;22.7;-85.2
2742;AL142018;23;29.1;65;31;345;10;23.7;-85.8;23.6;-85.7
2743;AL142018;12;28.8;66;32;345;11;24.6;-86.2;24.6;-86.1
2744;AL142018;12;29.3;65;41;340;10;25.6;-86.4;25.5;-86.4
2745;AL142018;14;28.9;65;35;350;10;26.6;-86.5;26.6;-86.5
2746;AL142018;13;28.5;63;28;355;11;27.7;-86.6;27.8;-86.6
2747;AL142018;6;28.8;63;25;10;12;29;-86.3;29;-86.3
2748;AL142018;9;28.5;64;28;25;14;30.2;-85.4;30.2;-85.5
2749;AL142018;13;28.6;56;2;35;15;31.5;-84.5;31.5;-84.5
2750;AL142018;17;28.3;52;1;40;17;32.8;-83.2;32.8;-83.2
2751;AL142018;19;27.4;45;1;45;18;34.1;-81.7;34.1;-81.7
2752;AL142018;27;27.3;39;1;45;21;35.6;-80;35.6;-80
2753;AL142018;28;26.3;36;1;55;20;36.5;-77.7;36.5;-77.7
2754;AL142018;32;24.4;34;0;65;22;37.3;-75;37.3;-75
2755;AL152018;3;28.2;80;19;280;8;10.4;-29.6;10.3;-29.7
2756;AL152018;5;28;78;22;290;7;10.8;-30.2;10.7;-30.3
2757;AL152018;8;28;79;21;305;7;11.2;-30.7;11.3;-30.8
2758;AL152018;9;27.8;79;19;330;6;11.8;-30.9;11.8;-30.9
2759;AL152018;9;27.7;77;15;325;6;12.3;-31.4;12.4;-31.4
2760;AL152018;12;27.7;75;11;315;7;12.8;-32;12.8;-32
2761;AL152018;16;27.9;75;8;315;7;13.3;-32.5;13.3;-32.5
2762;AL152018;17;27.7;73;4;315;7;13.6;-33.1;13.8;-33.1
2763;AL152018;19;27.9;70;5;300;7;13.9;-33.8;14;-33.7
2764;AL152018;23;28;66;4;295;7;14.3;-34.6;14.3;-34.5
2765;AL152018;24;27.8;67;4;295;8;14.8;-35;14.7;-35.1
2766;AL152018;28;27.5;66;3;300;6;15.3;-35.3;15.1;-35.4
2767;AL152018;33;27.6;64;3;315;6;15.8;-35.7;15.8;-35.7
2768;AL152018;33;27.4;61;3;290;11;16.2;-37;16.3;-37
2769;AL162018;21;26;59;1;15;8;26.4;-45.3;26.4;-45.3
2770;AL162018;23;26.1;54;1;310;10;27.1;-46.5;27.2;-46.5
2771;AL162018;11;26;50;2;280;11;27.4;-48;27.4;-47.7
2772;AL162018;1;26.5;46;6;265;14;27.1;-49.9;27.1;-49.9
2773;AL162018;5;26.9;45;8;250;17;25.9;-51.1;26.2;-51.4
2774;AL162018;11;27.3;48;9;235;14;25.4;-52;25.4;-52
2775;AL162018;11;26.8;45;8;260;9;25.4;-53.1;25.4;-53.2
2776;AL162018;14;26.6;43;10;280;15;25.7;-54.8;25.7;-54.8
2777;AL162018;17;26.9;45;8;270;15;25.5;-56.4;25.5;-56.4
2778;AL162018;18;26.8;46;6;270;12;25.5;-57.5;25.5;-57.5
2779;AL162018;22;26.6;47;5;285;6;25.7;-58.1;25.7;-58.1
2780;AL162018;22;26.5;51;6;320;6;26.2;-58.5;26.2;-58.5
2781;AL162018;19;26.4;54;5;5;7;27;-58.5;26.9;-58.4
2782;AL162018;21;26.5;55;8;10;11;28;-58.4;28;-58.3
2783;AL162018;17;25.5;56;0;15;10;29;-58;29;-58
2784;AL162018;14;24.1;53;0;20;15;30.3;-57.3;30.4;-57.3
2785;AL162018;24;24.3;49;0;35;18;31.7;-56;31.8;-56
2786;AL162018;29;24.2;49;0;35;18;33;-54.6;33.1;-54.5
2787;AL162018;30;23;51;0;40;24;35.4;-52.4;35.4;-52.4
2788;AL162018;39;23.6;50;0;30;30;38;-50.5;38;-50.5
2789;AL042019;21;26.6;40;6;85;19;40.3;-54.8;40.3;-54.8
2790;AL042019;20;25.9;38;0;90;17;40.1;-52.5;40.3;-52.6
2791;AL042019;20;26.2;34;2;100;17;39.9;-50.3;39.9;-50.3
2792;AL042019;19;24.8;32;0;95;17;39.6;-48.3;39.6;-48.3
2793;AL042019;14;25.4;31;0;100;15;39.3;-46.3;39.3;-46.4
2794;AL042019;14;26.1;31;0;100;16;38.9;-44.4;39;-44.4
2795;AL042019;15;26.6;30;3;105;14;38.5;-42.9;38.4;-42.9
2796;AL042019;13;25.8;32;0;110;12;38;-41.8;38;-42.1
2797;AL042019;8;25.6;35;0;135;8;37.5;-41.2;37.4;-41.1
2798;AL042019;6;25.9;36;0;145;7;36.9;-40.9;36.9;-40.9
2799;AL042019;3;26.4;36;2;165;5;36.3;-40.8;36.4;-40.8
2800;AL042019;8;26.7;36;1;180;5;35.7;-40.9;35.8;-40.8
2801;AL052019;16;27.9;42;11;275;11;10.4;-47.5;10.3;-47.4
2802;AL052019;13;27.9;43;11;280;11;10.6;-48.7;10.6;-48.6
2803;AL052019;8;28;42;12;280;11;10.8;-49.9;10.8;-49.7
2804;AL052019;7;28;40;12;280;12;11;-51;10.9;-51
2805;AL052019;6;28.1;39;12;280;12;11.2;-52.3;11.1;-52.3
2806;AL052019;5;28.3;38;17;280;12;11.4;-53.5;11.4;-53.5
2807;AL052019;5;28.4;39;24;280;12;11.6;-54.7;11.6;-54.7
2808;AL052019;3;28.5;41;33;280;12;11.9;-56;11.8;-55.8
2809;AL052019;2;28.8;43;51;285;12;12.2;-57.2;12.1;-57.1
2810;AL052019;3;28.8;42;53;290;12;12.6;-58.3;12.5;-58.3
2811;AL052019;1;28.7;44;40;290;11;13;-59.2;13;-59.2
2812;AL052019;1;28.8;45;38;290;11;13.5;-60.2;13.3;-60.2
2813;AL052019;2;29;45;47;295;11;14.2;-61.2;14;-61.3
2814;AL052019;2;28.9;45;47;300;11;15;-62;15;-62
2815;AL052019;7;28.8;47;43;310;11;15.7;-62.8;15.8;-62.7
2816;AL052019;7;28.9;43;40;310;11;16.4;-63.5;16.4;-63.5
2817;AL052019;4;28.6;45;45;315;10;17.3;-64.2;17.1;-64.1
2818;AL052019;7;29.1;44;66;320;11;18.4;-65.1;18.3;-65.1
2819;AL052019;10;29;50;70;325;11;19.2;-65.7;19.2;-65.7
2820;AL052019;11;29.1;51;81;325;11;20;-66.3;20;-66.4
2821;AL052019;7;29.2;53;85;330;11;21;-66.9;21;-66.9
2822;AL052019;6;29.4;56;72;335;11;22;-67.4;22.1;-67.4
2823;AL052019;9;29.5;56;45;330;11;22.8;-68;22.8;-68
2824;AL052019;10;29.5;57;44;320;10;23.5;-68.8;23.5;-68.8
2825;AL052019;6;29.3;57;45;320;10;24.3;-69.5;24.2;-69.4
2826;AL052019;5;29.3;58;46;315;10;24.8;-70.3;24.8;-70.3
2827;AL052019;8;29.2;59;40;305;9;25.3;-71.1;25.3;-71
2828;AL052019;10;29.1;58;34;295;10;25.6;-72.1;25.7;-72.1
2829;AL052019;11;29.1;57;41;295;9;25.9;-73;25.9;-73
2830;AL052019;8;29.1;57;52;280;9;26.1;-74;26.1;-74
2831;AL052019;9;29.2;61;56;280;7;26.3;-74.7;26.2;-74.7
2832;AL052019;12;29.3;60;56;280;7;26.4;-75.6;26.4;-75.6
2833;AL052019;11;29.7;62;65;275;8;26.5;-76.5;26.5;-76.5
2834;AL052019;5;29.9;67;69;275;7;26.5;-77.1;26.5;-77.1
2835;AL052019;7;30.1;67;75;275;6;26.6;-77.7;26.6;-77.7
2836;AL052019;11;30.2;64;82;270;2;26.6;-78;26.6;-78.1
2837;AL052019;15;30;65;80;285;2;26.7;-78.3;26.7;-78.2
2838;AL052019;12;30.1;67;80;290;2;26.8;-78.4;26.8;-78.4
2839;AL052019;11;30.1;67;80;0;0;26.9;-78.5;26.8;-78.4
2840;AL052019;15;30.1;65;80;0;0;27;-78.5;26.9;-78.4
2841;AL052019;15;29.6;62;90;325;1;27.1;-78.5;27.1;-78.4
2842;AL052019;11;29.4;61;89;325;5;27.6;-78.6;27.5;-78.7
2843;AL052019;11;29.5;58;90;340;5;28.1;-78.8;28.1;-78.8
2844;AL052019;10;29.7;53;66;340;7;28.8;-79.2;28.8;-79.2
2845;AL052019;10;29.4;49;53;335;8;29.5;-79.6;29.5;-79.6
2846;AL052019;15;29.4;49;57;345;7;30.1;-79.7;30.2;-79.7
2847;AL052019;21;29.2;44;46;350;7;30.7;-79.7;31;-79.7
2848;AL052019;21;28.9;39;36;0;6;31.4;-79.6;31.4;-79.6
2849;AL052019;19;28.4;40;26;15;7;32.1;-79.2;32.1;-79.2
2850;AL052019;15;28.1;37;19;25;8;32.7;-78.9;32.7;-78.9
2851;AL052019;14;27.9;39;18;35;8;33.4;-77.9;33.4;-77.9
2852;AL052019;14;27.8;39;14;50;11;34.1;-76.9;34.1;-76.9
2853;AL052019;15;27.4;38;8;45;13;35.1;-75.7;35.1;-75.7
2854;AL052019;20;27.6;40;17;50;19;36.2;-73.7;36.3;-73.7
2855;AL052019;28;27.1;46;6;50;19;37.4;-71.2;37.5;-71.2
2856;AL052019;37;26.3;50;0;55;22;38.9;-68.9;38.8;-69.1
2857;AL052019;47;20;53;0;45;25;40.8;-66.9;40.9;-66.9
2858;AL052019;51;20.7;47;0;40;26;42.8;-64.6;42.8;-64.6
2859;AL052019;59;18.5;49;0;35;26;45.2;-62.9;45.2;-62.9
2860;AL052019;62;16.3;54;0;20;26;47.6;-61.9;47.6;-61.9
2861;AL052019;54;12.2;51;0;25;22;49.4;-60.4;49.4;-60.4
2862;AL052019;48;10.9;52;0;40;20;50.8;-57.9;50.6;-58.5
2863;AL052019;49;10;53;0;70;19;51.6;-54.8;51.6;-55.5
2864;AL062019;12;29;53;25;60;6;31.5;-72.5;31.7;-72.6
2865;AL062019;14;29;53;24;100;3;31.2;-72.2;31.4;-72.3
2866;AL062019;17;28.9;54;23;115;3;30.9;-71.7;31.1;-71.8
2867;AL062019;20;28.8;55;23;110;4;30.9;-71.1;31.1;-71.2
2868;AL062019;18;28.5;57;20;80;2;31.3;-71.6;31.5;-71.7
2869;AL062019;16;28.6;58;21;335;1;31.7;-72;31.5;-72
2870;AL062019;18;28.3;60;20;325;4;32.2;-72.4;32.1;-72.2
2871;AL062019;18;27.7;58;17;335;9;33;-72.9;33.1;-72.8
2872;AL062019;12;27.5;61;19;350;9;33.9;-73;34;-72.9
2873;AL062019;7;27.5;56;19;355;9;34.8;-72.6;34.8;-72.6
2874;AL062019;12;27.3;49;26;20;8;35.6;-72.1;35.5;-72.3
2875;AL072019;14;30.7;62;76;260;6;23.4;-94.7;23.6;-94.6
2876;AL072019;20;30.6;64;72;260;7;23.2;-95.4;23.4;-95.5
2877;AL072019;15;30.6;64;77;260;7;23.1;-96.1;23.2;-96.2
2878;AL072019;14;30.6;64;76;260;5;23.4;-96.8;23;-96.6
2879;AL072019;14;29.7;64;45;295;7;24;-97.2;24;-97.2
2880;AL072019;12;28.5;65;21;290;8;24.3;-98;24.3;-98.1
2881;AL072019;6;28.1;65;12;300;7;24.7;-98.6;24.7;-98.6
2882;AL082019;9;26.5;64;7;320;10;18.1;-32.1;18.8;-32
2883;AL082019;9;26.5;61;6;315;7;18.7;-32.6;18.9;-32.6
2884;AL082019;11;26.3;57;4;310;10;19.5;-33.2;19.4;-33.4
2885;AL082019;9;26.4;51;4;320;9;20.1;-33.6;20.2;-33.6
2886;AL082019;13;26.5;46;6;325;8;20.5;-33.7;20.7;-33.8
2887;AL082019;14;26.7;45;8;335;6;20.8;-33.9;21.2;-34.2
2888;AL082019;19;26.6;44;5;325;6;21.5;-34.5;21.5;-34.6
2889;AL082019;22;26.6;42;3;320;9;22.3;-35.2;22.3;-35.2
2890;AL082019;23;26.8;42;4;325;8;22.9;-35.6;22.9;-35.6
2891;AL082019;28;26.9;45;3;330;9;23.8;-36.2;23.8;-36.2
2892;AL082019;31;27.3;46;7;325;10;25;-37.1;24.9;-37.1
2893;AL082019;36;27.7;44;15;330;15;26.2;-38;26.7;-38.1
2894;AL082019;34;27.8;41;11;325;14;27.4;-39;27.4;-39.1
2895;AL082019;25;28.8;44;18;325;16;29;-40.1;28.8;-40.2
2896;AL082019;5;28.2;40;10;325;17;30.5;-41.6;30.5;-41.4
2897;AL082019;14;28.1;39;12;295;20;31;-43.9;31.1;-44
2898;AL082019;19;28.1;37;10;290;17;31.5;-45.8;31.5;-45.8
2899;AL082019;19;29.1;40;19;285;15;31.8;-47.4;31.8;-47.4
2900;AL082019;17;29.3;40;21;300;12;32.3;-48.4;32.4;-48.3
2901;AL082019;21;28.4;41;14;305;11;33.2;-49;33.2;-49
2902;AL082019;21;27.9;42;13;340;13;34.5;-49.3;34.6;-49.3
2903;AL082019;18;27.6;42;10;0;13;35.8;-49.3;35.9;-49.3
2904;AL082019;15;27.3;41;7;5;13;37.1;-48.9;37.1;-49
2905;AL082019;29;25;36;0;55;21;41.4;-44.2;41.6;-44.2
2906;AL082019;34;24.3;32;0;55;23;42.4;-41.7;42.8;-41.5
2907;AL092019;18;29.1;57;94;310;2;23.8;-74.3;23.7;-74.4
2908;AL092019;19;29;55;92;320;5;24.2;-74.4;24.3;-74.9
2909;AL092019;14;29.1;53;78;330;6;24.7;-74.5;25;-75.2
2910;AL092019;13;29;51;63;350;6;25.2;-74.7;25.4;-74.7
2911;AL092019;15;29.1;52;65;320;5;25.6;-75.2;25.5;-75
2912;AL092019;17;29;51;62;310;5;26;-75.9;25.9;-75.7
2913;AL092019;9;28.2;51;39;305;7;26.5;-76.5;26.5;-76.6
2914;AL092019;11;28.4;57;35;310;8;27;-77;27.1;-77.1
2915;AL092019;15;28.3;56;34;335;5;27.5;-77.3;27.4;-77.2
2916;AL092019;16;28.1;55;35;335;6;28;-77.6;28;-77.6
2917;AL092019;13;28.1;58;39;345;6;28.6;-77.9;28.6;-77.8
2918;AL092019;15;28.3;61;45;350;5;29.1;-78.1;29.1;-78
2919;AL092019;17;28.3;59;43;40;3;29.2;-77.8;29.3;-77.8
2920;AL092019;20;28.1;57;37;40;3;29.5;-77.3;29.6;-77.5
2921;AL092019;18;28.1;56;29;75;6;29.8;-76.7;29.8;-76.8
2922;AL092019;14;28.2;54;27;65;5;30.1;-76.1;30.1;-76.2
2923;AL092019;18;28.4;51;24;70;6;30.3;-75.4;30.3;-75.5
2924;AL092019;23;28.6;50;24;70;6;30.5;-74.7;30.5;-74.7
2925;AL092019;26;28.6;46;21;75;7;30.7;-73.8;30.6;-73.9
2926;AL092019;28;28.6;47;26;75;8;30.9;-72.9;30.9;-72.9
2927;AL092019;29;28.7;47;30;75;10;31.2;-71.6;31.2;-71.6
2928;AL092019;35;28.9;42;37;75;11;31.5;-70.3;31.5;-70.3
2929;AL092019;32;28.8;38;31;75;13;32;-68.8;31.9;-68.8
2930;AL092019;38;28.5;37;33;70;14;32.5;-67.2;32.4;-67.2
2931;AL092019;47;27.9;38;12;65;17;33.2;-65;33.2;-65
2932;AL092019;57;27.2;40;15;60;19;34.5;-62.9;34.5;-62.9
2933;AL092019;62;27;42;7;55;21;36;-60.8;36;-60.8
2934;AL092019;56;26.2;43;2;35;21;37.7;-59.3;37.7;-59.3
2935;AL092019;53;26.8;39;13;35;20;39.1;-58.5;39.2;-58.4
2936;AL102019;12;28.2;53;26;290;10;13;-44.4;12.8;-44.6
2937;AL102019;10;28.1;54;27;285;8;13.3;-45.4;13.2;-45.2
2938;AL102019;9;28.4;53;35;285;9;13.6;-46.3;13.5;-46.2
2939;AL102019;8;28.5;51;47;290;10;14;-47.4;13.9;-47.2
2940;AL102019;6;28.5;48;44;290;12;14.4;-48.6;14.4;-48.5
2941;AL102019;4;28.5;48;30;290;13;14.8;-49.9;14.8;-49.9
2942;AL102019;7;28.5;47;26;290;13;15.2;-51.2;15.2;-51.2
2943;AL102019;9;28.6;47;30;290;13;15.8;-52.5;15.7;-52.6
2944;AL102019;13;28.7;47;37;295;14;16.5;-53.8;16.4;-53.9
2945;AL102019;14;29.2;46;46;300;14;17.2;-55.2;17.2;-55.2
2946;AL102019;16;29.4;48;45;295;13;17.7;-56.6;17.7;-56.5
2947;AL102019;18;29.3;50;40;290;14;18.1;-58.1;18.1;-58
2948;AL102019;18;29.5;50;49;290;15;18.5;-59.7;18.5;-59.6
2949;AL102019;18;29.6;53;60;295;16;19.2;-61.2;19.2;-61.2
2950;AL102019;18;29.5;57;78;295;15;20.1;-62.4;19.9;-62.5
2951;AL102019;21;29.6;60;71;315;15;21;-63.5;21;-63.5
2952;AL102019;19;29.6;63;61;315;12;21.7;-64.5;21.7;-64.3
2953;AL102019;19;29.5;65;48;310;12;22.5;-65.5;22.5;-65.5
2954;AL102019;19;29.5;68;34;325;13;23.6;-66.1;23.7;-66
2955;AL102019;19;29.5;65;30;325;12;24.5;-66.5;24.5;-66.6
2956;AL102019;24;29.3;62;28;340;9;25.4;-66.6;25.3;-66.6
2957;AL102019;28;29;59;27;340;9;26.3;-66.8;26.3;-66.9
2958;AL102019;35;28.9;54;31;345;9;27;-67.2;27.1;-67.1
2959;AL102019;41;28.8;54;31;335;8;27.4;-67.7;27.5;-67.6
2960;AL102019;37;28.4;56;26;325;6;27.7;-68;27.8;-67.9
2961;AL102019;31;28.1;58;22;330;5;28.2;-68.3;28.2;-68.2
2962;AL102019;30;27.8;57;17;335;4;28.9;-68.6;28.7;-68.3
2963;AL102019;19;27.3;55;10;345;6;29.7;-68.9;29.5;-68.4
2964;AL102019;9;25.7;54;0;350;8;30.5;-69.1;30.6;-69.1
2965;AL102019;6;25.4;54;0;10;5;30.9;-69.1;30.9;-69.1
2966;AL102019;12;25.4;50;0;20;4;31.3;-68.9;31.3;-68.9
2967;AL102019;11;25.8;47;0;50;5;31.6;-68.4;31.6;-68.4
2968;AL102019;12;27;44;11;60;8;31.8;-67.4;31.9;-67.4
2969;AL102019;18;27;45;10;70;11;32;-66.1;32.1;-66.1
2970;AL112019;7;29.8;47;52;5;6;29;-95.4;29;-95.3
2971;AL112019;10;30.3;46;18;350;6;29.5;-95.5;29.6;-95.5
2972;AL122019;20;29.2;67;41;285;11;12.1;-61.1;12.1;-61.1
2973;AL122019;14;29.4;69;50;295;12;12.5;-62.2;12.7;-62.3
2974;AL122019;15;29.7;69;54;290;11;13;-63.2;12.9;-63.2
2975;AL122019;21;29.7;69;54;315;7;13.7;-64.1;13.3;-63.7
2976;AL122019;26;29.8;67;58;320;10;14.4;-64.8;14.4;-64.5
2977;AL122019;24;29.8;67;74;325;12;15.1;-65.4;15.5;-65.4
2978;AL122019;21;29.7;68;80;325;9;15.7;-65.7;15.9;-65.7
2979;AL122019;20;29.6;69;85;355;6;16.4;-65.8;16.3;-65.7
2980;AL122019;20;29.5;70;87;0;7;17;-65.8;17.1;-65.7
2981;AL122019;18;29.6;71;81;350;6;17.7;-65.6;17.5;-65.9
2982;AL122019;12;29.5;70;62;15;8;18.5;-65.2;18.5;-65.1
2983;AL122019;11;29.6;69;68;0;14;19.7;-65;19.9;-65.1
2984;AL122019;13;29.3;69;69;0;13;21;-64.8;21.1;-65
2985;AL122019;17;29;68;44;15;12;22.3;-64.5;22.3;-64.5
2986;AL122019;14;29.1;69;34;20;14;23.6;-64.2;23.8;-63.8
2987;AL122019;13;29.1;66;35;15;13;24.8;-64;25;-63.7
2988;AL122019;13;28.5;63;28;10;13;25.9;-63.7;26.2;-63.5
2989;AL122019;11;28.3;60;23;20;11;26.9;-63.1;26.9;-63.2
2990;AL122019;11;28.4;57;30;30;10;27.7;-62.3;27.6;-62.4
2991;AL122019;15;28.7;56;42;50;9;28.3;-61.2;28.1;-61.5
2992;AL122019;15;28.5;53;34;65;10;28.8;-60;28.6;-60.2
2993;AL132019;7;29;79;10;270;12;11;-20.4;10.8;-20.2
2994;AL132019;7;28.6;77;9;270;12;11;-21.9;10.8;-21.5
2995;AL132019;4;28.6;76;11;275;15;11.1;-23.3;11.1;-23.3
2996;AL132019;3;28.6;76;11;275;14;11.2;-24.6;11.2;-24.8
2997;AL132019;5;28.8;75;13;275;14;11.4;-25.9;11.4;-26.2
2998;AL132019;5;28.7;73;11;285;13;11.8;-27.2;11.8;-27.3
2999;AL132019;9;28.7;72;11;290;13;12.2;-28.7;12.2;-28.6
3000;AL132019;10;28.4;70;15;285;15;12.6;-30.2;12.6;-30.3
3001;AL132019;9;28.3;71;15;285;15;13;-31.6;13;-31.7
3002;AL132019;6;28;71;15;285;15;13.4;-33;13.4;-33.2
3003;AL132019;5;27.6;73;12;285;15;13.9;-34.5;13.8;-34.5
3004;AL132019;4;27.6;71;11;285;16;14.4;-36;14.3;-36.3
3005;AL132019;3;27.9;71;23;285;15;14.5;-37.5;14.5;-37.6
3006;AL132019;3;27.8;70;25;280;13;14.7;-38.8;14.8;-38.8
3007;AL132019;5;27.5;69;17;290;11;15.2;-39.8;15.2;-39.8
3008;AL132019;4;27.3;72;12;305;10;16;-40.6;15.9;-40.5
3009;AL132019;10;27;71;6;315;11;17.1;-41.2;17.1;-41.2
3010;AL132019;17;27;69;7;330;12;18.1;-41.9;18.1;-41.8
3011;AL132019;17;27.5;64;14;325;12;18.9;-42.7;19;-42.7
3012;AL132019;10;27.7;65;30;325;11;19.6;-43.5;19.8;-43.3
3013;AL132019;11;27.6;61;36;320;10;20.3;-44.2;20.4;-44
3014;AL132019;14;27.6;59;30;325;8;21.1;-44.6;20.9;-44.6
3015;AL132019;20;27.6;58;31;350;9;22;-44.9;22;-44.6
3016;AL132019;21;27.8;58;28;350;9;22.9;-45;22.9;-45
3017;AL132019;15;27.9;61;19;355;9;23.8;-45;23.8;-45
3018;AL132019;14;28;65;16;10;9;24.7;-45;24.7;-44.7
3019;AL132019;16;27.8;65;13;10;9;25.6;-44.8;25.5;-44.5
3020;AL132019;20;27.8;66;11;15;9;26.4;-44.4;26.4;-44.4
3021;AL132019;20;27.7;63;9;20;9;27.2;-44;27.1;-43.8
3022;AL132019;13;27.7;63;8;20;11;28.2;-43.6;28.2;-43.3
3023;AL132019;15;27.6;62;8;20;11;29.2;-43.2;29.4;-42.9
3024;AL132019;10;27.5;61;10;20;11;30.2;-42.7;30.3;-42.6
3025;AL132019;7;27;58;6;20;12;31.2;-41.9;31.3;-41.9
3026;AL132019;10;26;58;0;45;18;32.6;-40.7;32.7;-40.5
3027;AL132019;10;26.2;50;0;40;20;34.3;-39;34.3;-39
3028;AL132019;18;24.9;43;0;40;22;35.9;-36.8;35.9;-36.8
3029;AL132019;32;21.8;38;0;40;37;40.2;-31.4;40.9;-31
3030;AL132019;42;20;35;0;40;34;43;-28;43;-28
3031;AL142019;37;23.3;38;0;300;3;38.6;-69.4;38.6;-69.7
3032;AL142019;22;24.4;38;0;180;4;38.2;-69.7;38.2;-69.7
3033;AL142019;23;26.6;36;19;135;6;37.8;-69.1;37.7;-69.1
3034;AL142019;18;26.5;36;13;55;6;37.9;-68.4;38;-68.5
3035;AL142019;16;26.8;37;18;80;6;38;-67.5;38.3;-67.5
3036;AL142019;18;25.8;36;1;75;8;38.2;-66.3;38.2;-66.3
3037;AL142019;22;23.2;37;0;80;11;38.6;-64.9;38.4;-64.8
3038;AL142019;19;23.5;40;0;65;12;39.1;-63.5;39.1;-63.5
3039;AL142019;19;24.8;42;0;80;14;39.5;-61.7;39.5;-61.7
3040;AL142019;20;25.1;41;0;80;15;39.7;-59.8;39.7;-59.8
3041;AL142019;24;22.4;39;0;80;15;40;-57.9;40;-57.9
3042;AL142019;24;23.9;38;0;75;17;40.5;-55.5;40.5;-55.3
3043;AL142019;26;22.9;36;0;75;18;40.8;-52.9;40.8;-53
3044;AL152019;3;28.6;62;9;300;7;13.3;-20;13;-19.9
3045;AL152019;5;28.1;60;7;320;10;14.2;-20.4;14.2;-20.5
3046;AL152019;8;27.6;59;6;335;10;15;-21;15.1;-20.8
3047;AL152019;8;27.3;58;4;330;8;15.7;-21.7;15.3;-21.3
3048;AL152019;16;26.1;53;0;320;10;16.3;-22.6;16.5;-22.6
3049;AL152019;18;26.1;49;1;300;9;17;-23.4;16.6;-23.4
3050;AL152019;21;26.1;49;2;305;8;17.6;-24.4;17;-23.8
3051;AL162019;15;29.8;73;72;5;6;22.6;-95.2;22.6;-95.4
3052;AL162019;22;29.7;68;62;40;8;23.2;-94.5;23.4;-94.6
3053;AL162019;28;29.8;63;72;50;10;24.1;-93;24.1;-93.2
3054;AL162019;28;29.3;60;132;55;19;25.2;-91.2;25.2;-91.2
3055;AL162019;30;28.9;54;44;55;19;26.4;-89.4;26.4;-89.2
3056;AL162019;33;28.7;49;46;45;20;27.8;-87.8;27.9;-87.7
3057;AL162019;33;28.6;50;23;50;18;28.6;-87.1;28.7;-86.5
3058;AL162019;39;28.8;50;23;60;15;29.3;-86.4;29.5;-86.8
3059;AL162019;38;28.8;57;27;65;20;30.2;-85.4;29.8;-85
3060;AL172019;27;28.8;69;32;5;12;24.7;-94.8;24.7;-94.8
3061;AL172019;34;28.5;64;24;35;13;25.9;-93.6;25.9;-93.6
3062;AL172019;39;28.7;58;19;40;15;27;-92.5;27;-92.5
3063;AL182019;31;22;46;0;90;6;35.9;-32.7;36;-32.7
3064;AL182019;31;22.4;45;0;120;8;35.5;-31.8;35.6;-31.8
3065;AL182019;34;22.8;44;0;110;8;35.2;-30.7;35.3;-30.7
3066;AL182019;42;22.9;42;0;100;11;35.1;-29.1;35.1;-29.1
3067;AL182019;41;22.6;44;0;70;22;35.6;-26.6;35.9;-26.6
3068;AL182019;39;22;50;0;55;24;37;-23.8;37.2;-23.8
3069;AL182019;33;20;54;0;50;35;39.5;-20.7;39.6;-20.8
3070;AL182019;24;18.6;56;0;35;31;41.9;-18.8;41.9;-18.8
3071;AL182019;19;17.7;53;0;30;25;44.1;-17.3;44.1;-17.4
3072;AL182019;24;17.4;52;0;10;16;45.5;-17;45.6;-17.1
3073;AL182019;25;16.5;48;0;335;8;46.3;-17.6;46.4;-17.5
3074;AL182019;27;16.2;45;0;350;3;46.5;-17.9;46.6;-17.7
3075;AL192019;10;20.6;48;0;90;11;38.1;-41.5;38;-41.5
3076;AL192019;15;20.2;49;0;115;11;38.4;-40;38.4;-39.7
3077;AL192019;19;19.5;51;0;65;20;39.3;-37.7;39.3;-37.7
3078;AL192019;19;18.9;48;0;60;16;40.3;-36.2;40.3;-36.2
3079;AL192019;15;19.1;40;0;65;16;41;-34.5;41;-34.5
3080;AL192019;14;19.9;32;0;70;14;40.8;-32.4;40.8;-32.4
3081;AL192019;21;19;29;0;95;16;40.6;-30.2;40.7;-30.2
3082;AL202019;22;28;52;28;330;5;19.9;-58.5;19.8;-58.5
3083;AL202019;24;27.9;50;26;320;7;20.3;-59.4;20.4;-59.4
3084;AL202019;19;28.1;53;35;290;9;20.4;-60.3;20.4;-60.3
3085;AL202019;19;28.1;53;44;295;8;20.5;-61;20.7;-60.9
3086;AL202019;21;28.2;50;54;285;7;20.8;-61.7;20.8;-61.7
3087;AL202019;19;28.1;51;49;0;5;21.3;-61.7;21.3;-61.7
3088;AL202019;14;28;49;38;5;6;21.9;-61.7;21.9;-61.5
3089;AL202019;18;27.9;46;25;15;7;22.4;-61.4;22.7;-61.3
3090;AL202019;20;27.9;41;22;25;7;22.9;-60.9;23.1;-60.8
3091;AL202019;22;27.8;38;21;45;7;23.5;-60.1;23.5;-60.1
3092;AL202019;30;27.7;34;24;45;14;24.2;-58.8;24.3;-58.6
3093;AL202019;40;27.1;34;12;65;13;24.5;-57.3;24.6;-57.3
3094;AL202019;44;26.4;35;2;75;13;25;-55.8;24.8;-55.9
3095;AL202019;41;26.4;32;2;65;14;25.8;-54.4;25.8;-54.4
3096;AL202019;43;26;33;0;65;15;26.7;-52.6;26.6;-52.8
3097;AL202019;42;25.6;35;0;60;15;28.1;-50.5;27.3;-51.4
3098;AL202019;41;24.4;38;0;55;23;29.6;-48.4;29.5;-48.5
3099;AL202019;34;23.9;39;0;45;24;31.5;-46.4;31.4;-46.4
3100;AL202019;34;22.1;41;0;40;26;33.5;-44.4;33.5;-44.5
3101;AL202019;37;21.6;44;0;50;28;35.2;-41.7;35.2;-41.7
3102;AL202019;39;20.9;43;0;55;28;36.6;-38.5;36.5;-38.7
3103;AL202019;44;19.8;41;0;60;34;38.2;-34.7;38.4;-34.3
3104;AL202019;46;18.9;40;0;60;33;40;-30.9;40;-30.8
3105;AL012020;13;25.7;51;0;20;11;28;-78.7;28;-78.8
3106;AL012020;10;24.6;51;0;35;11;28.9;-78;28.9;-77.9
3107;AL012020;10;24.9;49;0;20;10;29.6;-77.6;29.7;-77.7
3108;AL012020;4;25.3;50;0;20;8;30.3;-77.5;30.3;-77.4
3109;AL012020;9;25.5;50;0;15;7;31;-77.3;31;-77.3
3110;AL012020;14;25.3;52;0;25;8;31.9;-77;31.8;-77
3111;AL012020;19;25.1;54;0;15;11;33.1;-76.7;33.1;-76.8
3112;AL012020;25;24.1;59;0;25;15;34.4;-75.9;34.6;-75.8
3113;AL012020;31;22.8;64;0;35;14;35.5;-74.7;35.6;-74.6
3114;AL012020;32;23.4;64;0;50;14;36.2;-73.1;36.2;-73.2
3115;AL012020;35;23.1;61;0;55;14;36.8;-71.4;36.8;-71.5
3116;AL012020;39;23.5;57;0;70;14;37;-69.5;36.9;-69.5
3117;AL022020;13;24.4;63;0;320;8;32.6;-79.5;32.6;-79.4
3118;AL022020;16;24.6;65;0;335;12;33.7;-80.1;33.6;-80.2
3119;AL022020;18;23.6;62;0;340;13;34.9;-80.7;35;-80.3
3120;AL022020;24;22.5;65;0;345;16;37.1;-81.1;37.1;-81.1
3121;AL032020;20;30.2;83;44;325;8;19.4;-90.9;19.5;-90.9
3122;AL032020;15;29.4;84;25;285;8;19.6;-91.6;19.6;-91.7
3123;AL032020;15;29.3;84;22;270;4;19.6;-92.1;19.6;-92
3124;AL032020;11;29.2;81;20;270;4;19.5;-92.5;19.6;-92.4
3125;AL032020;7;29.3;81;22;210;3;19.2;-92.6;19.2;-92.7
3126;AL032020;10;29.4;82;24;180;1;19;-92.5;19.2;-92.3
3127;AL032020;14;29.5;82;26;145;2;18.9;-92.3;19;-92.1
3128;AL032020;11;29.4;82;27;150;2;18.8;-92.2;18.8;-92.1
3129;AL032020;12;29.7;82;34;150;3;18.5;-91.9;18.4;-91.9
3130;AL032020;15;29.9;81;36;135;2;18.2;-91.7;18.3;-91.8
3131;AL032020;17;30.3;84;20;135;3;17.9;-91.5;18;-91.5
3132;AL032020;17;30.5;83;6;125;3;17.7;-91.2;17.6;-91.2
3133;AL032020;16;30.7;82;6;110;3;17.6;-90.8;17.6;-90.9
3134;AL032020;17;30.7;82;6;90;3;17.9;-90.4;17.7;-90.5
3135;AL032020;17;30.7;78;6;20;6;18.6;-90.1;18.3;-90.2
3136;AL032020;12;29.9;73;17;0;9;19.6;-89.9;19.5;-90
3137;AL032020;9;28.5;71;26;15;11;20.8;-89.9;20.8;-89.7
3138;AL032020;12;27.3;68;7;0;12;22;-90;22.2;-90
3139;AL032020;9;27.5;65;10;350;12;23;-90.1;23.2;-90.2
3140;AL032020;3;27.4;64;14;0;10;23.9;-90.2;23.8;-90.1
3141;AL032020;5;27.4;64;23;350;9;24.8;-90.2;24.7;-90.2
3142;AL032020;3;27.5;62;26;0;10;25.8;-90.1;25.7;-90.2
3143;AL032020;10;27.2;58;14;0;10;26.9;-90;26.8;-90.1
3144;AL032020;6;26.8;55;2;5;13;28;-89.9;28.2;-89.9
3145;AL032020;6;26.7;50;1;0;6;29;-89.8;28.8;-89.9
3146;AL032020;11;27.5;47;5;0;8;29.8;-89.9;29.8;-89.8
3147;AL032020;7;27.4;42;2;335;8;30.6;-90.6;30.4;-90.6
3148;AL032020;4;26.9;40;1;325;13;31.7;-91.5;31.8;-91.6
3149;AL032020;10;26.8;42;1;330;13;32.9;-92;33.2;-92
3150;AL032020;9;27.4;46;1;345;13;34.2;-92.1;34.1;-92
3151;AL032020;11;28.1;42;3;0;17;38;-92.1;38.2;-92.1
3152;AL042020;6;25.6;61;0;90;5;38.1;-66.2;38.1;-66.2
3153;AL042020;11;26.7;57;13;60;9;38.5;-65.1;38.5;-65.1
3154;AL042020;13;26.8;59;7;75;8;39;-63.9;39;-64
3155;AL042020;13;25.3;61;0;65;11;39.4;-62.7;39.4;-62.6
3156;AL042020;11;23.4;59;0;65;10;39.8;-61.6;39.8;-61.6
3157;AL042020;17;21.6;57;0;60;9;40.2;-60.6;40.2;-60.6
3158;AL042020;18;22.1;56;0;45;10;41;-59.6;41.2;-59.6
3159;AL042020;22;20.7;57;0;45;11;42;-58.5;42;-58.5
3160;AL052020;12;25.2;56;0;70;15;31.5;-68;31.5;-68
3161;AL052020;18;25.1;54;0;65;13;32.1;-67;32.1;-67
3162;AL052020;21;24.7;56;0;55;12;32.9;-65.8;32.9;-65.8
3163;AL052020;19;24.4;57;0;55;15;33.8;-64.2;33.8;-64.2
3164;AL052020;20;24.6;59;0;55;20;35;-61.9;35;-61.9
3165;AL052020;26;25.2;59;0;60;23;36.4;-58.5;36.4;-58.5
3166;AL052020;28;23.9;61;0;60;30;38.1;-55.3;38.1;-55.3
3167;AL052020;28;23.9;60;0;55;33;39.9;-51.7;39.9;-51.7
3168;AL052020;26;22.2;58;0;55;33;41.7;-47.8;41.8;-47.6
3169;AL062020;17;27.2;64;1;10;7;36;-74.8;35.9;-74.8
3170;AL062020;13;25.6;63;0;0;8;36.8;-74.8;36.8;-74.8
3171;AL062020;10;25;62;0;5;9;37.7;-74.7;37.6;-74.7
3172;AL062020;10;24.6;64;0;10;10;38.9;-74.4;38.9;-74.4
3173;AL062020;9;24.5;65;0;5;13;40.2;-74.3;40.2;-74.3
3174;AL062020;8;22.5;67;0;5;13;41.5;-74.2;41.5;-74.2
3175;AL072020;10;27.8;56;21;305;7;9.7;-40;9.7;-40
3176;AL072020;8;27.7;56;23;295;8;9.8;-40.9;9.9;-40.8
3177;AL072020;8;27.9;56;24;285;10;9.8;-41.9;9.9;-41.9
3178;AL072020;11;28.2;52;29;275;10;9.9;-43;9.9;-43
3179;AL072020;9;28.2;52;36;270;12;9.9;-44.2;9.9;-44.4
3180;AL072020;7;28.1;53;37;270;11;9.9;-45.4;9.9;-45.4
3181;AL072020;8;28.3;56;34;270;11;9.7;-46.6;9.9;-46.4
3182;AL072020;8;28.6;56;31;265;12;9.7;-47.6;9.6;-47.7
3183;AL072020;6;28.8;54;33;275;11;9.7;-48.8;9.7;-48.8
3184;AL072020;2;28.8;56;38;275;11;9.8;-50.2;9.8;-50
3185;AL072020;6;28.8;56;41;275;12;9.9;-51.6;9.9;-51.2
3186;AL072020;8;28.7;53;44;275;16;9.9;-53.3;9.9;-53.1
3187;AL072020;4;28.3;51;32;270;17;9.9;-54.8;9.9;-54.8
3188;AL072020;6;28.6;54;38;270;15;10;-56.3;10;-56.3
3189;AL072020;11;28.6;57;43;270;15;10.1;-57.9;10;-57.8
3190;AL072020;12;28.8;58;35;275;16;10.3;-59.8;10.3;-59.8
3191;AL072020;9;28.7;56;23;280;19;10.8;-62.1;10.8;-62.1
3192;AL082020;3;29.9;65;40;285;5;25.7;-88.3;25.7;-87.9
3193;AL082020;5;30.1;60;52;280;5;25.8;-89;25.8;-89.1
3194;AL082020;7;29.7;64;40;285;8;25.9;-89.7;26.1;-90.3
3195;AL082020;5;29.7;66;41;285;6;26;-90.4;26;-90.3
3196;AL082020;4;29.6;65;31;285;6;26.2;-91.1;26.1;-91
3197;AL082020;10;29.6;61;25;290;7;26.6;-92;26.5;-92
3198;AL082020;16;29.4;64;26;290;8;27.1;-92.8;27.1;-92.8
3199;AL082020;8;29.7;65;40;285;9;27.2;-93.7;27.3;-93.8
3200;AL082020;11;29.7;64;47;275;7;27.1;-94.5;27.3;-94.5
3201;AL082020;20;29.9;61;39;265;8;27.1;-95.3;27;-95.4
3202;AL082020;23;29.6;63;30;270;6;27.1;-96;27.1;-96
3203;AL082020;18;29.4;66;23;260;7;26.9;-96.8;27;-96.8
3204;AL082020;16;29.7;63;31;260;7;26.7;-97.6;26.7;-97.6
3205;AL082020;26;29.6;62;5;255;8;26.5;-98.5;26.5;-98.5
3206;AL082020;23;29.2;65;4;250;8;26.2;-99.3;26.2;-99.2
3207;AL082020;16;29.2;69;5;250;8;25.8;-100.3;25.9;-100.1
3208;AL092020;11;28.2;64;29;280;20;12.5;-54;13.5;-52.8
3209;AL092020;9;28;61;34;285;22;13.2;-56.4;14.1;-54.9
3210;AL092020;4;28.4;59;42;290;23;14.1;-58.3;14.2;-58.4
3211;AL092020;4;28.5;57;36;290;22;14.8;-60.3;14.9;-60.4
3212;AL092020;7;28.8;57;40;290;22;15.2;-62.2;15.6;-62.8
3213;AL092020;3;28.4;58;48;290;22;15.3;-64;16.1;-64.9
3214;AL092020;2;28.6;62;52;285;17;15.8;-65.7;15.7;-66.3
3215;AL092020;3;29;60;82;290;17;16.7;-67.2;16.7;-67.2
3216;AL092020;6;29;59;75;310;16;17.7;-68.5;17.7;-68.5
3217;AL092020;13;28.5;56;37;310;17;18.9;-69.8;19;-69.9
3218;AL092020;18;28.3;54;35;310;16;19.9;-71.2;19.9;-71.2
3219;AL092020;22;28.6;51;44;295;16;20.5;-72.7;20.5;-72.7
3220;AL092020;22;28.8;52;35;305;15;21.3;-74;21.3;-74
3221;AL092020;19;28.9;51;37;305;14;22.1;-75.1;22.2;-75.2
3222;AL092020;23;29.1;53;44;310;13;22.9;-75.9;22.9;-75.9
3223;AL092020;28;29.2;50;44;315;10;23.6;-76.7;23.5;-76.6
3224;AL092020;25;29.1;52;44;315;10;24.3;-77.5;24.3;-77.5
3225;AL092020;23;29.3;53;48;305;9;24.8;-78.3;24.8;-78.3
3226;AL092020;23;29.1;55;46;310;8;25.3;-78.9;25.3;-78.9
3227;AL092020;26;29.1;52;41;325;7;25.9;-79.2;25.9;-79.2
3228;AL092020;29;29.4;51;47;330;7;26.6;-79.5;26.5;-79.5
3229;AL092020;23;29.2;53;37;345;8;27.4;-79.6;27.4;-79.7
3230;AL092020;27;29.3;53;38;345;8;28.2;-79.7;28.1;-79.7
3231;AL092020;27;29.7;50;37;350;8;29.1;-79.9;29;-79.9
3232;AL092020;23;29;57;32;355;11;30.1;-80;30.2;-80.1
3233;AL092020;22;29.1;57;37;10;11;31.2;-79.7;31.2;-79.7
3234;AL092020;23;29.1;57;23;20;16;32.8;-79.1;32.8;-79.1
3235;AL092020;35;29;57;12;20;24;35;-78.1;35;-78.1
3236;AL092020;40;29.6;56;7;25;29;37.7;-76.8;37.7;-76.8
3237;AL092020;56;27.3;57;1;20;35;40.9;-75.1;40.9;-75.1
3238;AL092020;66;17.3;63;0;25;34;44;-73.1;44;-73.1
3239;AL092020;69;24.8;62;0;15;26;46.7;-71.8;46.4;-72.1
3240;AL102020;8;27.4;63;5;5;8;15.5;-19.7;15.4;-19.7
3241;AL102020;5;25.8;61;0;330;14;16.5;-20.3;16.7;-20.6
3242;AL102020;7;24.8;60;0;330;12;17.4;-21;17.4;-21.3
3243;AL102020;2;24.8;58;0;325;11;18.3;-21.8;18.2;-21.7
3244;AL102020;7;24.7;55;0;310;11;19;-23;19;-22.9
3245;AL102020;6;24.9;53;0;310;12;19.4;-24.4;19.5;-24.2
3246;AL112020;16;28;61;17;280;14;11.7;-39.6;11.6;-39.6
3247;AL112020;14;27.8;61;24;280;13;11.9;-41;11.9;-40.9
3248;AL112020;11;27.6;61;21;280;13;12;-42.3;12.1;-42.3
3249;AL112020;10;27.6;60;18;280;13;12.1;-43.7;12.3;-43.6
3250;AL112020;10;27.7;57;22;280;13;12.2;-44.9;12.5;-45
3251;AL112020;12;27.8;59;28;275;12;12.4;-46.1;12.3;-46.1
3252;AL112020;5;27.9;56;29;280;12;12.7;-47.3;12.7;-47.3
3253;AL112020;3;28;54;21;295;13;13.4;-48.6;13.4;-48.6
3254;AL112020;3;28.2;51;19;300;15;14;-50;14.2;-50
3255;AL112020;2;28.2;54;23;295;14;14.5;-51.3;14.4;-51.4
3256;AL112020;7;28.4;53;37;295;15;15.1;-52.8;15;-52.7
3257;AL112020;10;28.6;53;39;295;15;16.2;-54.2;15.7;-54.1
3258;AL112020;12;28.5;49;38;305;16;17.4;-55.6;17.3;-55.5
3259;AL112020;18;28.5;50;53;300;15;18;-56.9;18;-56.8
3260;AL112020;23;28.6;49;60;300;13;18.4;-58.3;18.6;-57.9
3261;AL112020;23;28.7;48;52;290;14;18.8;-59.7;18.8;-59.6
3262;AL112020;26;28.8;49;39;295;15;19.6;-60.9;19.7;-61
3263;AL112020;26;28.9;49;46;290;13;19.8;-62.1;19.8;-62.1
3264;AL112020;27;29;51;52;285;13;20;-63.4;20;-63.5
3265;AL112020;24;28.9;50;70;285;12;20.2;-64.5;20.2;-64.5
3266;AL122020;27;27.8;61;9;65;13;38;-71;38;-71
3267;AL122020;26;28;58;11;65;15;38.4;-69.1;38.4;-69.1
3268;AL122020;24;27.2;56;4;75;18;38.8;-66.7;38.8;-66.6
3269;AL122020;29;28.1;54;10;75;19;39.3;-64.2;39.2;-64.3
3270;AL122020;39;28.3;51;30;75;21;39.7;-61.6;39.8;-61.5
3271;AL132020;1;27.6;66;35;295;17;14.4;-47.3;14.4;-47.3
3272;AL132020;4;27.7;63;26;300;18;15.4;-49.6;15;-48.9
3273;AL132020;3;27.5;61;15;295;18;16.1;-51.6;15.7;-50.9
3274;AL132020;10;28;59;32;290;21;16.6;-53.4;16.6;-53.4
3275;AL132020;16;28.1;60;31;290;20;16.8;-55.5;17.1;-55.5
3276;AL132020;17;28.4;61;47;285;19;16.9;-57.5;17.5;-57.4
3277;AL132020;12;28.7;59;40;275;18;17;-59.4;17;-59.5
3278;AL132020;10;28.8;59;41;275;16;17.1;-61.1;17.1;-60.9
3279;AL132020;13;28.9;59;45;270;16;17.1;-62.8;16.8;-62.7
3280;AL132020;17;29.2;58;72;280;18;17.4;-64.4;17.4;-64.5
3281;AL132020;12;29.5;59;83;280;17;17.7;-65.9;17.7;-66.1
3282;AL132020;6;29.5;62;65;280;16;17.9;-67.4;17.9;-67.5
3283;AL132020;3;29.1;59;52;285;14;18.2;-68.8;18.3;-68.8
3284;AL132020;14;29.1;60;43;285;14;18.5;-70.3;18.6;-70.1
3285;AL132020;11;30.3;61;70;285;16;18.8;-72.3;19.1;-72.3
3286;AL132020;11;30.2;57;72;285;19;19.4;-74.3;19.4;-74.4
3287;AL132020;16;30.2;57;63;285;18;19.8;-76;19.9;-75.7
3288;AL132020;16;31.2;58;64;290;18;20.2;-77.8;20.5;-78
3289;AL132020;17;30.6;57;66;285;17;20.8;-79.7;21;-79.7
3290;AL132020;15;30.3;57;74;285;17;21.5;-81.5;21.4;-81.4
3291;AL132020;11;30.7;57;122;290;17;22.3;-83.3;22.3;-83.3
3292;AL132020;9;30.2;55;124;290;17;22.8;-84.8;22.6;-85
3293;AL132020;12;29.9;53;49;290;15;23.4;-86.2;23.3;-86.3
3294;AL132020;8;30.2;54;52;300;15;24.1;-87.5;24.3;-87.6
3295;AL132020;3;30.2;56;63;300;15;24.9;-88.9;25.1;-88.9
3296;AL132020;11;30.3;55;70;300;14;25.6;-90.2;25.6;-90.2
3297;AL132020;13;30.2;58;55;305;14;26.4;-91.4;26.5;-91.5
3298;AL132020;9;30;61;39;310;13;27.3;-92.5;27.3;-92.5
3299;AL132020;15;29.9;57;39;340;13;28.5;-93;28.5;-93
3300;AL132020;23;30.5;57;31;350;13;29.8;-93.3;29.8;-93.3
3301;AL132020;23;31.1;59;6;350;14;31.2;-93.3;31.2;-93.3
3302;AL132020;23;30.9;57;6;10;15;32.8;-92.9;32.9;-92.8
3303;AL132020;17;30.5;55;6;15;15;34.4;-92.5;34.4;-92.5
3304;AL142020;8;29.1;71;38;270;17;14.1;-80.5;14.2;-80.4
3305;AL142020;9;29.4;72;33;280;15;14.6;-81.8;14.7;-81.7
3306;AL142020;9;29.8;72;41;280;13;15.3;-82.9;15.1;-82.7
3307;AL142020;6;30;70;46;305;13;16.3;-83.7;16.2;-83.8
3308;AL142020;6;30;72;69;330;12;17.4;-84.2;17.4;-84.1
3309;AL142020;4;30.3;74;110;330;11;18.3;-84.6;18.3;-84.7
3310;AL142020;3;30.7;71;124;335;10;19.2;-85.1;19.1;-85.2
3311;AL142020;5;30.5;65;111;345;10;20.3;-85.2;20.3;-85.1
3312;AL142020;10;30.4;64;93;340;11;21.3;-85.5;21.4;-85.5
3313;AL142020;13;30.6;64;66;335;11;22.2;-86.1;22.3;-86.1
3314;AL142020;20;30.7;58;56;335;11;23.2;-86.7;23.2;-86.7
3315;AL142020;18;30.4;60;50;335;11;24.3;-87.2;24.3;-87.2
3316;AL142020;15;30.1;60;45;335;11;25.3;-87.4;25.3;-87.6
3317;AL142020;19;29.8;57;40;345;11;26.4;-87.6;26.4;-87.6
3318;AL142020;25;29.8;55;51;340;9;27.3;-87.9;27.2;-87.9
3319;AL142020;26;29.9;54;60;345;10;28.1;-88.3;28.1;-88.4
3320;AL142020;26;29.7;55;44;320;6;28.7;-88.6;28.7;-88.6
3321;AL142020;28;29.6;53;34;280;7;28.9;-89.3;29;-89.3
3322;AL142020;32;30.1;51;37;265;12;28.7;-90.5;28.8;-90.7
3323;AL152020;9;29.6;70;68;45;9;32.2;-76.9;32.2;-76.9
3324;AL152020;17;29.7;70;66;35;9;32.9;-76.2;32.8;-76.2
3325;AL152020;20;29.5;69;87;45;11;33.8;-75;33.8;-75
3326;AL152020;22;28.5;69;52;50;11;34.6;-73.7;34.4;-73.8
3327;AL152020;35;28.3;68;34;55;13;35.2;-72.2;35;-72.2
3328;AL152020;46;28.2;64;37;60;13;35.8;-70.7;35.6;-70.7
3329;AL152020;44;28.2;61;51;70;13;36.1;-69.3;36.1;-69.3
3330;AL152020;40;27.9;60;36;70;12;36.2;-68;36.2;-68
3331;AL152020;44;28;61;32;85;12;36.2;-66.4;36.1;-66.4
3332;AL152020;45;27.9;61;29;90;12;36.2;-64.8;36.1;-64.8
3333;AL152020;51;27.6;60;14;85;14;36.1;-63;36.3;-62.9
3334;AL152020;45;27.6;62;14;90;13;36.1;-61.7;36.1;-61.7
3335;AL152020;38;27.6;61;10;100;12;35.6;-60.5;35.6;-60.5
3336;AL152020;38;27.6;59;8;105;10;35.3;-59.5;35.3;-59.5
3337;AL152020;39;27.7;57;9;100;7;35.3;-58.8;35.3;-58.8
3338;AL152020;33;27.7;55;12;90;6;35.3;-58;35.3;-58
3339;AL152020;33;27.6;52;13;90;5;35.3;-57.5;35.3;-57.5
3340;AL152020;31;27.6;49;12;80;3;35.5;-57.3;35.4;-57.3
3341;AL152020;31;27.6;47;13;45;5;36;-57.3;35.9;-57.2
3342;AL152020;27;27.5;45;18;0;9;36.8;-57.3;36.9;-57.3
3343;AL152020;17;27.5;44;19;10;9;37.7;-57.1;37.8;-57.1
3344;AL162020;14;29.3;53;141;285;16;16.3;-76.8;16;-76.8
3345;AL162020;15;29.8;50;99;275;16;16.7;-78.4;16.7;-78.4
3346;AL162020;7;29.8;49;79;280;16;17;-80.1;17;-80.1
3347;AL162020;10;30;51;71;270;17;17;-81.9;17;-81.9
3348;AL162020;14;30;51;69;270;17;17.1;-83.7;17.1;-83.7
3349;AL162020;16;29.5;54;67;270;15;17.1;-85.3;17.1;-85.2
3350;AL162020;15;29.7;58;58;270;15;17;-86.8;17;-86.8
3351;AL162020;14;30.3;65;66;255;14;16.8;-88.3;16.8;-88.3
3352;AL162020;14;30;68;29;255;11;16.1;-90.5;16.1;-90.5
3353;AL162020;8;29.1;71;11;250;9;15.8;-91.4;15.8;-91.4
3354;AL172020;7;27.3;58;6;280;7;17;-41.8;17.2;-42
3355;AL172020;6;27.3;61;6;285;5;17.1;-42.1;17.1;-42.1
3356;AL172020;4;27.3;62;6;300;3;17.3;-42.3;17.3;-42.3
3357;AL172020;7;27.2;63;6;315;3;17.6;-42.4;17.6;-42.4
3358;AL172020;15;27.2;62;6;330;3;17.9;-42.6;17.9;-42.6
3359;AL172020;17;27.1;62;6;310;4;18.3;-43;18.2;-43
3360;AL172020;15;27.2;63;8;305;7;18.6;-43.7;18.5;-44
3361;AL172020;20;27.2;64;9;300;7;18.9;-44.5;19;-44.5
3362;AL172020;20;27.2;63;9;295;7;19.2;-45.2;19.1;-45.2
3363;AL172020;24;27.1;60;10;295;8;19.6;-46;19.7;-46.1
3364;AL172020;27;27;60;11;300;9;20;-46.8;20.3;-46.9
3365;AL172020;32;27.1;59;11;300;9;20.4;-47.6;20.6;-47.6
3366;AL172020;32;27.3;54;10;300;9;20.8;-48.3;20.8;-48.5
3367;AL172020;33;27.4;53;12;305;7;21.3;-48.9;21.3;-48.7
3368;AL172020;40;27.8;54;18;305;8;21.8;-49.6;21.9;-49.6
3369;AL172020;44;27.8;53;22;305;8;22.3;-50.3;22.4;-50.4
3370;AL172020;39;27.8;52;24;300;9;22.8;-51.1;22.7;-51.2
3371;AL172020;36;27.9;52;23;305;7;23.4;-52.1;23.2;-51.7
3372;AL172020;35;28.1;49;26;310;12;24.3;-53.1;24.2;-53.2
3373;AL172020;35;28.4;46;37;315;14;25.4;-54.3;25.4;-54.3
3374;AL172020;28;28.5;43;25;315;14;26.4;-55.6;26.4;-55.5
3375;AL172020;26;28.9;42;23;310;13;27.3;-56.7;27.1;-56.6
3376;AL172020;20;29.1;38;28;310;13;28;-57.8;28.1;-57.9
3377;AL172020;15;29;38;28;300;12;28.6;-59.1;28.6;-59.1
3378;AL172020;7;28.9;37;25;300;11;29.1;-60.3;29.1;-60.2
3379;AL172020;3;28.4;37;17;295;11;29.6;-61.4;29.6;-61.4
3380;AL172020;2;28.3;36;22;300;11;30.2;-62.6;30.2;-62.6
3381;AL172020;5;28.3;34;20;310;11;30.9;-63.6;30.9;-63.6
3382;AL172020;1;28.2;34;19;310;11;31.8;-64.4;31.8;-64.4
3383;AL172020;4;28;34;27;325;11;32.9;-64.9;32.9;-64.9
3384;AL172020;6;27.9;36;23;350;10;33.9;-64.4;33.9;-64.4
3385;AL172020;10;27.5;40;17;35;15;35.1;-63.3;35.1;-63.3
3386;AL172020;20;27.4;41;13;45;17;36.3;-62;36.3;-61.7
3387;AL172020;24;27.1;39;16;45;19;37.6;-59.5;37.7;-59.3
3388;AL172020;34;27.2;39;15;55;22;38.7;-56.7;38.8;-56.5
3389;AL172020;44;27.3;37;21;55;24;40;-54;40;-54
3390;AL172020;49;26.5;34;13;60;25;41.2;-50.8;41.2;-50.8
3391;AL172020;51;21.5;29;0;60;27;42.6;-46.9;42.6;-46.9
3392;AL172020;14;19.6;32;0;155;12;44.6;-31.4;44.6;-31.4
3393;AL172020;14;21.5;28;0;165;13;42.8;-31.3;42.8;-31.4
3394;AL172020;20;21.3;27;0;175;17;41;-31.2;41;-31.2
3395;AL172020;16;23.3;27;0;175;17;37.7;-31.1;37.8;-31.1
3396;AL172020;12;23.8;29;0;170;16;36.5;-30.5;36.3;-30.4
3397;AL172020;16;24;31;0;160;11;35.9;-29.8;35.9;-29.8
3398;AL172020;13;24;32;0;135;8;35.7;-29.5;35.6;-29.4
3399;AL172020;5;23.9;32;0;150;2;35.1;-29.7;35.3;-29.2
3400;AL172020;5;24;33;0;180;3;34.7;-30.6;34.9;-29.2
3401;AL172020;7;25;30;0;230;7;34.1;-31.2;34.2;-31.4
3402;AL172020;11;25.7;34;0;215;7;33.3;-31.2;33.3;-31.2
3403;AL172020;10;25.5;38;0;110;12;32.9;-29.8;32.9;-29.8
3404;AL172020;18;25;42;0;75;17;33.3;-28.1;33.3;-27.8
3405;AL172020;14;24.8;44;0;75;14;33.8;-26.3;33.6;-26.2
3406;AL172020;19;24.5;44;0;65;16;34.5;-24.6;34.6;-24.4
3407;AL172020;32;23.9;45;0;65;14;34.8;-23.1;34.9;-23
3408;AL172020;29;23.9;47;0;95;11;34.7;-21.8;34.7;-21.8
3409;AL172020;16;23.4;53;0;90;10;34.8;-20.5;34.8;-20.6
3410;AL172020;19;22.9;53;0;70;11;35.6;-18.1;35.6;-18.1
3411;AL172020;29;22.6;49;0;60;10;36.2;-17.2;36.2;-17.2
3412;AL182020;4;28.2;76;13;285;8;15.2;-19.8;15.1;-19.8
3413;AL182020;4;28.2;76;14;290;9;15.6;-20.7;15.5;-20.7
3414;AL182020;1;27.9;69;10;295;10;15.9;-21.8;15.9;-21.7
3415;AL182020;2;27.3;70;8;285;10;16.1;-22.9;16.1;-22.9
3416;AL182020;2;27.2;70;9;280;12;16.3;-24.2;16.3;-24.2
3417;AL182020;3;27.5;70;10;275;14;16.4;-25.7;16.4;-25.8
3418;AL182020;2;27.5;67;10;280;14;16.6;-27.1;16.7;-27.2
3419;AL182020;7;27.3;68;11;275;14;16.8;-28.6;16.8;-28.6
3420;AL182020;11;27.1;66;11;285;13;17.1;-30;17.2;-29.9
3421;AL182020;10;26.8;64;11;285;12;17.3;-31.2;17.5;-31
3422;AL182020;6;26.4;66;4;290;12;17.6;-32.4;17.9;-32.2
3423;AL182020;12;26.3;65;3;285;11;17.9;-33.5;17.9;-33.5
3424;AL182020;12;26.2;63;2;285;9;18.1;-34.4;18.1;-34.3
3425;AL182020;10;26.1;64;1;285;11;18.4;-35.3;18.5;-35.4
3426;AL182020;12;26;66;0;285;10;18.8;-36.3;18.8;-36.3
3427;AL182020;10;26.1;64;3;290;9;19.1;-37.2;19.1;-37.1
3428;AL182020;5;26.3;60;9;290;9;19.5;-38.2;19.5;-38
3429;AL182020;3;26.5;55;3;290;12;19.9;-39.3;20;-39.4
3430;AL182020;4;26.8;51;4;290;12;20.4;-40.6;20.5;-40.6
3431;AL182020;4;26.6;50;2;295;13;21.1;-41.8;21.1;-41.9
3432;AL182020;7;26.5;49;3;305;13;21.9;-42.9;22;-42.9
3433;AL182020;10;26.7;46;6;305;13;22.8;-44;22.8;-44
3434;AL182020;8;27.2;46;18;315;14;23.7;-45;23.9;-45.2
3435;AL182020;14;27.4;49;16;315;14;24.7;-46;24.9;-46.1
3436;AL182020;20;27.4;51;14;325;12;25.8;-46.9;25.9;-46.8
3437;AL182020;20;27.8;49;18;325;11;26.7;-47.3;26.6;-47.4
3438;AL182020;23;27.8;50;16;330;7;27.4;-47.5;27.2;-47.5
3439;AL182020;27;27.8;48;17;270;3;27.5;-47.8;27.2;-47.8
3440;AL182020;27;27.8;46;17;285;3;27.6;-48;27.4;-48.2
3441;AL182020;30;27.4;45;12;0;0;27.5;-48.4;27.5;-48.2
3442;AL192020;10;30;63;56;285;7;25.6;-79.4;25.6;-79.4
3443;AL192020;14;30;61;52;280;7;25.6;-80.2;25.6;-80.2
3444;AL192020;15;29.8;62;49;280;8;25.5;-80.8;25.6;-81.1
3445;AL192020;11;30;61;51;270;6;25.6;-81.6;25.5;-81.5
3446;AL192020;15;30.3;60;81;285;7;26;-82.5;26;-82.4
3447;AL192020;18;30.1;60;50;297;9;26.7;-83.5;26.7;-83.5
3448;AL192020;13;29.4;61;30;300;11;27.2;-84.5;27.3;-84.6
3449;AL192020;11;29.4;66;29;295;10;27.6;-85.4;27.7;-85.6
3450;AL192020;11;29.4;65;29;305;7;27.9;-86;28.1;-85.9
3451;AL192020;18;29.4;64;42;280;9;28.2;-86.5;28.2;-86.9
3452;AL192020;19;29.2;64;43;300;5;28.4;-86.9;28.4;-86.9
3453;AL192020;17;29.2;64;48;305;4;28.6;-87.3;28.7;-87.2
3454;AL192020;21;29.2;66;50;295;3;28.7;-87.7;28.8;-87.5
3455;AL192020;25;29.2;63;51;270;3;28.8;-88;28.8;-88
3456;AL192020;27;29.1;63;39;305;2;29;-88.1;29.1;-88
3457;AL192020;22;29;64;32;345;2;29.3;-88.1;29.3;-88.1
3458;AL192020;24;28.9;64;27;10;2;29.6;-88;29.6;-88
3459;AL192020;26;28.9;61;26;30;2;29.9;-87.9;29.9;-87.8
3460;AL192020;27;28.2;63;24;25;4;30.5;-87.6;30.4;-87.6
3461;AL192020;27;28.7;63;22;30;6;31.1;-87.2;30.9;-87.1
3462;AL192020;32;29.1;65;4;35;7;31.6;-86.7;31.5;-86.5
3463;AL192020;36;29.1;63;4;45;5;32.1;-86.1;31.6;-86.3
3464;AL202020;16;28;76;8;265;11;11.4;-33.3;11.2;-33.2
3465;AL202020;10;28;76;9;285;9;11.6;-34.2;11.7;-34.2
3466;AL202020;6;28.2;71;11;285;9;11.9;-35.1;12;-35.1
3467;AL202020;9;28.1;68;11;285;9;12.2;-36.2;12.1;-35.9
3468;AL202020;9;27.9;69;11;290;10;12.6;-37.4;12.5;-37
3469;AL202020;8;27.7;66;10;285;12;12.9;-38.7;12.8;-38.3
3470;AL202020;5;27.5;64;10;290;12;12.9;-40.4;13.3;-39.8
3471;AL202020;8;27.7;62;12;275;15;12.9;-42.1;12.8;-42.2
3472;AL202020;4;27.6;60;11;275;12;12.9;-43.4;12.9;-43.4
3473;AL202020;3;27.6;62;15;270;12;13;-44.5;13;-44.5
3474;AL202020;7;27.6;61;22;280;11;13.4;-45.5;13.4;-45.5
3475;AL202020;4;28.3;60;34;285;11;13.8;-46.6;13.8;-46.6
3476;AL202020;2;28.1;60;31;295;11;14.2;-47.4;14.3;-47.6
3477;AL202020;5;28;59;30;305;8;14.7;-48;14.7;-48
3478;AL202020;7;27.9;56;29;310;8;15.4;-48.6;15.4;-48.6
3479;AL202020;9;27.7;54;20;320;9;16.1;-49.3;16.1;-49.3
3480;AL202020;10;27.1;53;11;315;11;16.8;-50.2;17.1;-50.4
3481;AL202020;7;27;52;12;305;11;17.4;-51.1;17.4;-51.2
3482;AL202020;14;27;51;17;305;10;18.1;-52;18;-52
3483;AL202020;14;27.5;48;27;310;11;18.9;-52.8;18.9;-52.7
3484;AL202020;9;28.6;47;55;315;11;19.7;-53.7;19.7;-53.7
3485;AL202020;13;28.6;46;49;315;11;20.4;-54.4;20.6;-54.3
3486;AL202020;14;28.5;47;40;315;11;21.1;-55.1;21.2;-55.1
3487;AL202020;17;28.3;46;33;315;9;21.7;-55.8;21.7;-55.8
3488;AL202020;13;28.3;45;25;315;10;22.5;-56.5;22.6;-56.6
3489;AL202020;13;28.5;43;23;325;11;23.5;-57.2;23.5;-57
3490;AL202020;17;28.8;43;26;325;11;24.4;-57.9;24.4;-57.8
3491;AL202020;13;28.7;44;39;325;12;25.4;-58.7;25.5;-58.6
3492;AL202020;8;28.9;45;39;320;12;26.2;-59.7;26.3;-59.8
3493;AL202020;11;28.8;43;38;310;11;26.9;-60.8;26.9;-60.8
3494;AL202020;11;28.7;45;29;315;11;27.5;-61.9;27.6;-61.6
3495;AL202020;11;28.3;49;22;305;8;28;-62.6;28;-62.6
3496;AL202020;6;28.3;51;19;320;9;28.5;-63.3;28.6;-63.3
3497;AL202020;7;28.3;56;19;315;7;29;-63.7;29;-63.7
3498;AL202020;11;27.9;56;13;10;7;29.7;-63.5;29.7;-63.4
3499;AL202020;12;27;54;6;20;8;30.5;-62.9;30.5;-63
3500;AL202020;24;27.4;54;15;20;16;32.2;-61.8;32.2;-62.1
3501;AL202020;36;26.5;57;1;20;17;34.6;-61.4;34.6;-61.4
3502;AL202020;41;27.3;56;30;340;25;37.6;-62.1;37.6;-62.1
3503;AL202020;41;25.6;53;0;350;24;39.1;-63.5;39.2;-63.5
3504;AL202020;41;24.1;50;0;340;15;40.3;-64.2;40.3;-64.1
3505;AL202020;33;20.8;52;0;340;15;41.8;-64.2;41.9;-64.2
3506;AL202020;45;16.4;54;0;30;18;43.2;-63.3;43.5;-63.3
3507;AL202020;39;16.3;58;0;25;16;45;-62.1;45;-62.1
3508;AL202020;42;13.4;64;0;25;25;47.4;-60.4;47.4;-60.4
3509;AL202020;46;11.8;68;0;25;25;49.7;-58.2;49.7;-58.2
3510;AL212020;24;26.2;65;1;350;5;18.5;-28.6;18.4;-28.3
3511;AL212020;22;26.4;63;5;325;6;19;-29.1;19;-29.2
3512;AL212020;27;26.3;61;5;315;6;19.5;-29.6;19.3;-29.7
3513;AL212020;32;26.1;61;3;315;6;20;-30.1;20;-29.8
3514;AL212020;45;26;59;0;315;7;20.5;-30.8;20.4;-30.6
3515;AL212020;58;26.1;54;0;300;10;21;-31.6;21;-31.6
3516;AL212020;64;26.2;50;1;300;10;21.4;-32.6;21.4;-32.6
3517;AL212020;60;26.3;52;2;285;9;21.5;-33.5;21.5;-33.5
3518;AL212020;57;26.5;50;6;270;8;21.4;-34.3;21.4;-34.3
3519;AL212020;50;26.4;51;3;270;8;21.5;-35;21.4;-35.3
3520;AL212020;53;26.4;50;2;275;6;21.6;-35.6;21.6;-35.4
3521;AL212020;52;26.4;53;2;285;6;21.7;-36.4;21.8;-36.2
3522;AL212020;51;26.6;51;3;265;12;21.6;-37.6;21.5;-37.7
3523;AL212020;51;26.7;49;4;260;12;21.3;-38.7;21.3;-38.7
3524;AL222020;6;30.3;77;80;35;4;21.8;-94.4;21.8;-94.4
3525;AL222020;6;30.4;76;84;55;3;22;-94.2;22;-94.2
3526;AL222020;9;30.5;79;88;25;4;22.6;-94.1;22.6;-94.2
3527;AL222020;8;30.2;77;85;5;7;23.2;-93.8;23.5;-94.1
3528;AL222020;10;30.2;75;82;25;7;24.1;-93.1;23.9;-93.3
3529;AL222020;18;30.3;68;93;35;11;25.2;-92.3;25.1;-92.4
3530;AL222020;23;30.2;64;69;10;8;25.8;-92.3;25.8;-92.3
3531;AL222020;19;29.6;59;41;0;4;26.4;-92.4;26.5;-92.4
3532;AL222020;16;29.9;52;50;270;1;26.6;-92.2;26.5;-92.5
3533;AL222020;19;29.4;51;35;25;2;26.8;-92.1;26.8;-92.2
3534;AL222020;17;29.4;51;35;290;3;26.9;-92.5;26.9;-92.5
3535;AL222020;15;29.4;53;35;300;3;27.1;-92.8;27.1;-92.8
3536;AL222020;18;29.5;47;47;300;5;27.5;-93.6;27.6;-93.7
3537;AL222020;20;29.6;49;56;295;5;27.5;-94.1;27.6;-94.1
3538;AL222020;19;29.7;51;63;270;5;27.6;-94.8;27.6;-94.8
3539;AL222020;14;28.8;54;35;285;7;27.8;-95.5;27.8;-95.5
3540;AL222020;16;28.3;55;27;300;6;28.1;-96;28.1;-96
3541;AL222020;21;28.1;54;26;320;3;28.3;-96.3;28.3;-96.1
3542;AL222020;24;27.9;52;28;315;4;28.6;-96.6;28.6;-96.6
3543;AL222020;21;26.9;51;16;350;1;28.8;-96.8;28.8;-96.8
3544;AL222020;19;26.8;47;25;70;3;29;-95.8;28.9;-95.7
3545;AL222020;19;27.1;44;21;65;4;29.4;-95.4;29.3;-95.4
3546;AL222020;25;27.5;46;2;55;7;30;-94.6;30;-94.6
3547;AL222020;26;27.1;44;1;50;7;30.3;-93.8;30.2;-93.9
3548;AL222020;37;27.9;42;2;60;10;30.8;-92.4;30.9;-92.3
3549;AL222020;41;28.2;40;3;60;10;31.6;-91.5;31.6;-91.5
3550;AL222020;52;24.7;41;0;50;11;33;-89.1;32.9;-89.4
3551;AL222020;58;25.6;42;0;60;13;33.6;-87.6;33.6;-87.5
3552;AL222020;54;26.3;41;1;65;12;34.1;-86.5;34;-86.7
3553;AL232020;10;27.7;63;6;280;13;11.7;-32;11.7;-31.6
3554;AL232020;9;27.7;62;7;285;15;12;-33.5;12.3;-33.7
3555;AL232020;10;27.8;63;13;285;17;12.4;-35;12.5;-35.2
3556;AL232020;11;28;64;16;285;15;12.8;-36.2;12.8;-36.2
3557;AL232020;11;28;61;14;285;12;13.2;-37.3;13.1;-37.4
3558;AL232020;10;28.1;63;17;290;12;13.7;-38.5;13.7;-38.5
3559;AL232020;14;27.9;63;12;295;13;14.3;-39.9;14.3;-39.9
3560;AL232020;17;27.9;63;10;295;15;14.9;-41.5;14.9;-41.5
3561;AL232020;20;28;56;12;290;17;15.4;-43.2;15.5;-43.5
3562;AL232020;22;28;55;18;285;17;15.8;-45;15.8;-45.1
3563;AL232020;23;27.8;53;36;280;16;15.8;-46.7;15.8;-46.7
3564;AL242020;32;19.3;54;0;45;15;39.9;-9.1;39.9;-9
3565;AL242020;32;17.9;54;0;45;12;40.6;-7.6;40.5;-7.7
3566;AL252020;4;30.4;82;78;315;8;17.8;-84.4;17.8;-84.4
3567;AL252020;5;30.3;80;105;315;8;18.4;-85;18.5;-85
3568;AL252020;11;30.4;81;118;310;8;18.8;-85.8;18.8;-85.8
3569;AL252020;11;30.3;74;100;305;8;19.2;-86.6;19.2;-86.6
3570;AL252020;16;30.1;69;68;310;8;19.7;-87.1;19.7;-87.2
3571;AL252020;16;29.9;63;53;325;8;20.4;-87.5;20.4;-87.5
3572;AL252020;25;29.8;59;47;330;7;21;-87.9;21;-87.9
3573;AL252020;19;29.8;54;50;335;8;21.8;-88.2;21.8;-88.2
3574;AL252020;18;29.8;53;45;0;3;22.3;-88.1;22.1;-88.2
3575;AL252020;26;29.8;49;42;355;5;22.7;-87.7;22.4;-88
3576;AL252020;35;29.9;47;42;40;3;22.9;-87.4;22.9;-87.4
3577;AL252020;33;29.8;48;42;180;1;22.8;-87.4;22.8;-87.4
3578;AL252020;30;29.8;49;42;65;2;22.6;-87.5;22.6;-87.5
3579;AL252020;26;29.4;48;39;220;3;22.3;-87.9;22.3;-87.9
3580;AL252020;20;29.6;50;48;220;4;21.9;-88.2;21.9;-88.2
3581;AL262020;21;30;68;117;295;9;16.4;-77;16.9;-77
3582;AL262020;14;30.1;69;135;290;8;16.4;-77.7;16.9;-77.8
3583;AL262020;8;29.9;70;110;270;6;16.4;-78.4;16.4;-78.3
3584;AL262020;6;29.8;74;112;265;7;16.4;-79.1;16.2;-79.2
3585;AL262020;3;29.9;77;114;295;6;16.6;-79.8;16.6;-79.7
3586;AL262020;6;30.2;75;122;300;11;17.1;-80.7;17.2;-80.7
3587;AL262020;12;30.1;74;96;300;14;17.8;-82;17.8;-82
3588;AL262020;17;30.4;71;105;295;15;18.5;-83.3;18.5;-83.5
3589;AL262020;16;30.3;74;137;300;14;19.3;-84.6;19.2;-84.5
3590;AL262020;11;29.9;72;112;305;14;20.1;-85.9;20.1;-85.7
3591;AL262020;7;29.1;73;42;305;16;21.1;-87.4;21.1;-87.4
3592;AL262020;8;29.4;71;50;305;15;21.7;-88.8;21.8;-88.8
3593;AL262020;7;29.2;71;31;300;15;22.3;-90.2;22.3;-90.2
3594;AL262020;11;28.8;71;35;300;13;23;-91.4;23;-91.4
3595;AL262020;10;28.7;70;44;305;12;23.7;-92.4;23.7;-92.4
3596;AL262020;11;28.5;67;45;310;10;24.5;-93.1;24.4;-93.2
3597;AL262020;17;28.5;62;49;330;10;25.3;-93.5;25.3;-93.5
3598;AL262020;19;28.1;57;22;355;10;26.3;-93.7;26.3;-93.6
3599;AL262020;24;27.7;51;20;355;11;27.5;-93.8;27.5;-93.8
3600;AL262020;30;26.4;45;5;15;12;28.7;-93.6;28.7;-93.6
3601;AL262020;31;24.3;39;0;20;14;30.1;-92.9;30;-93
3602;AL262020;34;24.2;37;0;25;14;31.4;-92.2;31.3;-92.2
3603;AL262020;33;24.7;39;0;30;15;32.5;-91.4;32.6;-91.2
3604;AL262020;36;24.4;38;0;30;13;33.3;-90.6;33.4;-90.5
3605;AL262020;42;24.8;38;0;60;10;34.8;-87.5;34.9;-87.2
3606;AL262020;42;24.4;38;0;65;12;35.1;-86.3;35.2;-86.1
3607;AL272020;17;27.5;47;21;150;5;25.5;-55.9;25.7;-55.6
3608;AL272020;21;27.6;46;23;0;0;25.4;-55.6;25.7;-55.3
3609;AL272020;17;27.6;45;23;0;0;25.3;-55.4;25.6;-55.4
3610;AL272020;14;27.7;45;30;165;3;25.2;-55.2;25.2;-55.3
3611;AL272020;13;27.7;46;30;130;2;25.5;-54.9;25.3;-55
3612;AL272020;12;27.7;46;27;40;4;26.2;-54.7;25.9;-54.7
3613;AL272020;12;27.8;44;20;335;11;27.3;-55.3;27.4;-55.5
3614;AL272020;17;27.4;42;15;320;11;28.3;-56.3;28.3;-56.3
3615;AL272020;16;26.8;43;11;305;13;28.7;-57.7;28.9;-57.7
3616;AL272020;9;26.4;42;2;285;11;28.9;-58.7;28.9;-58.7
3617;AL272020;4;26;41;0;290;11;29.3;-59.6;29.4;-59.7
3618;AL272020;6;25.8;42;0;285;8;29.5;-60.4;29.5;-60.4
3619;AL272020;14;25.6;47;0;325;6;30.2;-60.9;30.4;-60.5
3620;AL272020;10;25.8;46;0;315;6;30.8;-61.3;30.6;-61.2
3621;AL272020;8;25.8;51;0;340;7;31.5;-61.5;31.5;-61.3
3622;AL272020;12;25.7;50;0;345;8;32.2;-61.6;32.2;-61.5
3623;AL272020;10;25.6;51;0;350;7;32.9;-61.6;32.8;-61.6
3624;AL272020;16;25.7;53;0;355;7;33.7;-61.6;33.6;-61.6
3625;AL272020;17;25.6;52;0;0;9;34.9;-61.7;34.9;-61.6
3626;AL272020;22;26.3;49;4;355;11;36.1;-62;36;-62
3627;AL272020;24;26.4;47;4;0;10;36.8;-62.1;36.8;-62.1
3628;AL272020;17;26;47;0;5;8;37.4;-61.3;37.3;-61.2
3629;AL272020;10;24.2;49;0;35;12;38.6;-59.7;38.6;-59.4
3630;AL272020;9;24.9;54;0;45;21;40.3;-57.6;40.4;-57.4
3631;AL272020;12;19.1;53;0;45;24;42;-55.2;42.1;-55.3
3632;AL272020;13;17.2;48;0;50;25;43.3;-51.8;43.2;-51.8
3633;AL272020;15;13.8;45;0;55;30;45;-46.9;45;-46.9
3634;AL272020;13;16.8;50;0;60;40;47.2;-41.2;47.3;-41.3
3635;AL282020;7;30;73;76;270;4;18.2;-83;18.5;-83.2
3636;AL282020;11;29.9;75;83;345;2;18;-83.2;18.9;-83.1
3637;AL282020;11;29.9;71;66;325;1;17.7;-83.5;17.7;-83.5
3638;AL282020;10;29.8;70;65;320;2;17.8;-83.6;17.8;-83.8
3639;AL282020;11;29.9;69;67;0;0;18;-83.7;18;-83.7
3640;AL282020;8;29.9;68;67;330;2;18.2;-83.8;18;-83.6
3641;AL282020;9;30;69;77;325;5;18.5;-84.1;18.4;-83.9
3642;AL282020;13;29.8;66;103;310;8;18.9;-84.8;18.9;-84.8
3643;AL282020;9;29.9;64;109;305;9;19.4;-85.7;19.3;-85.6
3644;AL282020;9;29.7;67;69;305;10;19.9;-86.6;19.9;-86.6
3645;AL282020;13;29.1;65;37;300;13;20.6;-87.9;20.6;-87.9
3646;AL282020;9;28.6;64;34;305;12;21.3;-89;21.3;-89
3647;AL282020;7;28.3;64;19;305;12;22.2;-90;22.2;-90
3648;AL282020;1;28;62;19;315;12;23.2;-90.8;23.2;-90.8
3649;AL282020;6;27.8;61;43;330;14;24.4;-91.5;24.4;-91.5
3650;AL282020;9;27.1;61;8;0;15;26;-91.7;26;-91.8
3651;AL282020;14;26.3;62;1;25;18;28;-91.1;28;-91.1
3652;AL282020;23;24.4;58;0;25;25;30.2;-89.9;30.2;-89.9
3653;AL282020;31;25;55;0;40;32;32.8;-87.5;32.8;-87.5
3654;AL282020;36;23;55;0;45;40;35.3;-83.6;35.3;-83.6
3655;AL282020;59;19.3;55;0;60;48;37.8;-78.2;37.8;-78.2
3656;AL292020;3;29.1;75;49;270;13;14.9;-72.4;14.9;-72.4
3657;AL292020;5;29.1;78;54;270;12;14.9;-73.6;14.9;-73.5
3658;AL292020;9;29.2;78;84;275;13;14.9;-75.1;15.1;-75.1
3659;AL292020;5;29.1;81;77;270;14;14.9;-76.7;14.8;-76.6
3660;AL292020;2;29.3;80;58;270;15;14.9;-78.2;14.9;-78.4
3661;AL292020;5;29.3;82;50;270;11;14.9;-79.4;14.9;-79.5
3662;AL292020;4;29.3;82;46;270;10;14.9;-80.4;14.9;-80.4
3663;AL292020;8;29.2;83;39;265;8;14.8;-81.2;14.8;-81.1
3664;AL292020;9;29.3;84;37;260;8;14.7;-82;14.7;-82
3665;AL292020;13;29.3;83;37;240;6;14.3;-82.5;14.3;-82.5
3666;AL292020;10;29.3;81;39;245;5;14;-82.9;14;-82.9
3667;AL292020;13;29.3;81;39;225;5;13.6;-83.1;13.6;-83.1
3668;AL292020;13;29.4;81;42;270;2;13.7;-83.3;13.7;-83.3
3669;AL292020;15;29.6;82;40;270;4;13.8;-83.7;13.8;-83.7
3670;AL292020;15;29.7;84;20;270;6;13.8;-84.3;13.8;-84.3
3671;AL292020;14;29.6;83;6;275;5;13.8;-84.9;13.8;-84.9
3672;AL292020;11;29.6;84;6;270;5;13.9;-85.4;13.8;-85.3
3673;AL292020;14;29.5;84;8;280;6;14;-86;14;-86
3674;AL292020;10;29.5;84;6;285;7;14.2;-86.7;14.2;-86.7
3675;AL292020;9;29.1;83;35;295;8;14.5;-87.5;14.7;-87.5
3676;AL292020;7;29;82;36;320;8;15.3;-87.8;15.5;-87.7
3677;AL292020;14;29;82;44;330;8;16.2;-87.8;16.2;-87.8
3678;AL292020;18;29.1;79;60;10;7;16.7;-87.6;17;-87.6
3679;AL292020;20;29.2;78;80;20;7;16.9;-87.4;17.6;-87.3
3680;AL292020;14;29.2;78;77;20;5;17.1;-87.1;17.1;-87.1
3681;AL292020;18;29.2;79;81;65;10;17.5;-86.4;17.7;-85.8
3682;AL292020;19;29.2;77;79;60;9;18.2;-85.1;18;-85.5
3683;AL292020;15;29.4;78;69;60;14;19.1;-83.2;19.2;-83.2
3684;AL292020;22;29.5;77;87;55;16;19.8;-81.5;20;-81.1
3685;AL292020;27;29.4;76;74;55;14;20.4;-80.2;20.4;-80.2
3686;AL292020;31;29.3;71;58;40;10;21.1;-79.5;20.9;-79.8
3687;AL292020;28;28.9;70;33;25;10;22.2;-79;21.9;-79.1
3688;AL292020;24;28.5;65;28;345;14;23.5;-79.2;23.5;-79.2
3689;AL292020;25;27.7;61;21;320;12;24.5;-80.1;24.5;-80.1
3690;AL292020;27;25.6;57;0;295;12;25;-81.4;25;-81.3
3691;AL292020;20;27.1;56;14;270;14;24.9;-82.9;25;-82.9
3692;AL292020;13;28.1;56;66;235;14;24.2;-84.1;24.2;-84.2
3693;AL292020;8;28.5;51;89;230;11;23.4;-85;23.4;-85
3694;AL292020;11;28.7;46;70;225;5;23;-85.4;23;-85.4
3695;AL292020;10;28.5;45;62;180;4;22.6;-85.3;22.6;-85.3
3696;AL292020;11;28.5;51;66;0;3;22.9;-85.1;22.9;-85.1
3697;AL292020;11;28.3;53;84;25;8;23.5;-84.6;23.5;-84.6
3698;AL292020;18;28;54;51;28;7;24.5;-84.2;24.5;-84.2
3699;AL292020;18;27.2;57;14;15;13;25.8;-83.9;25.8;-83.8
3700;AL292020;15;26.9;58;7;10;10;26.8;-83.7;26.8;-83.7
3701;AL292020;13;25.8;57;0;10;11;27.9;-83.5;27.9;-83.4
3702;AL292020;17;24.8;54;0;15;8;28.7;-83.2;28.6;-83.3
3703;AL292020;19;22.6;48;0;30;11;29.7;-82.5;29.8;-82.4
3704;AL292020;25;22.6;37;0;30;16;30.9;-81.3;31.2;-81.3
3705;AL292020;37;25.1;30;3;45;15;31.9;-79.9;31.9;-79.9
3706;AL292020;34;26.7;25;9;60;16;32.7;-78;32.7;-78
3707;AL302020;46;25.5;51;0;90;12;28.8;-41;28.8;-41
3708;AL302020;48;25.2;44;0;90;10;28.8;-39.5;28.8;-40
3709;AL302020;53;24.8;43;0;85;13;28.9;-38;28.9;-38
3710;AL302020;57;24.6;38;0;80;13;29;-36.7;29.3;-36.7
3711;AL302020;61;24.6;39;0;75;11;29.2;-35.8;29.4;-35.8
3712;AL302020;58;24.6;39;0;80;7;29.4;-34.9;29.4;-35.1
3713;AL302020;51;24.4;40;0;80;9;29.6;-33.8;29.6;-33.8
3714;AL302020;45;23.9;39;0;70;10;30.3;-32.5;30.3;-32.4
3715;AL302020;48;23.8;39;0;50;11;31.1;-31.9;31;-31.9
3716;AL302020;39;23.4;38;0;50;9;31.5;-30.8;31.6;-30.8
3717;AL302020;30;22.8;39;0;65;9;31.5;-29.4;31.5;-29.4
3718;AL302020;33;22.7;37;0;75;11;31.7;-28;31.7;-28
3719;AL302020;34;22.7;38;0;90;12;31.9;-26.7;31.7;-26.5
3720;AL302020;27;22.4;37;0;80;11;31.9;-25.4;31.9;-25.4
3721;AL302020;21;22.7;38;0;90;10;31.9;-24.2;31.8;-24.4
3722;AL302020;21;22.5;39;0;90;10;32;-23.1;31.9;-23.1
3723;AL302020;23;22.3;40;0;90;9;32;-22.1;32;-22.1
3724;AL302020;35;22.2;44;0;90;8;31.9;-21.2;32;-21.2
3725;AL302020;37;22.3;45;0;95;7;31.8;-20.4;31.8;-20.6
3726;AL302020;41;22.1;47;0;95;7;31.7;-19.6;31.7;-19.5
3727;AL302020;44;22.1;46;0;95;7;31.7;-18.9;31.7;-18.9
3728;AL302020;47;22.2;46;0;90;4;31.6;-18.5;31.7;-18.4
3729;AL302020;48;22.1;45;0;105;4;31.4;-18.3;31.4;-18.3
3730;AL312020;10;29.2;66;60;245;7;14.4;-73.7;14.3;-74
3731;AL312020;9;29.4;67;57;235;6;14;-74.1;13.9;-74.2
3732;AL312020;13;29.5;69;56;200;3;13.6;-74.5;13.7;-74.1
3733;AL312020;13;29.6;68;53;225;3;13.3;-75;13.6;-74.5
3734;AL312020;8;29.2;69;44;240;7;12.9;-75.7;12.9;-75.8
3735;AL312020;10;29.1;70;43;240;8;12.5;-76.4;12.5;-76.4
3736;AL312020;11;29;71;44;270;4;12.6;-76.7;12.6;-76.7
3737;AL312020;6;28.9;70;47;275;4;13;-77.1;13;-77
3738;AL312020;5;28.9;67;50;285;8;13.1;-78;13.3;-78.1
3739;AL312020;3;29;70;50;275;8;13.2;-78.9;13.2;-78.9
3740;AL312020;2;29;69;46;270;9;13.2;-79.8;13.2;-79.8
3741;AL312020;6;28.9;71;35;280;9;13.4;-80.7;13.5;-80.7
3742;AL312020;9;28.7;73;25;275;9;13.5;-81.5;13.5;-81.6
3743;AL312020;10;28.6;73;22;275;8;13.5;-82.3;13.5;-82.3
3744;AL312020;9;28.7;74;27;275;8;13.6;-83;13.6;-83.1
3745;AL312020;12;29.1;75;30;275;8;13.7;-83.8;13.7;-83.9
3746;AL312020;11;29.2;76;6;270;8;13.7;-84.7;13.7;-84.8
3747;AL312020;12;28.8;77;10;270;9;13.7;-85.7;13.7;-85.7
3748;AL312020;13;28.9;77;10;270;10;13.8;-86.7;13.7;-86.8
3749;AL312020;13;28.7;77;10;265;11;13.8;-87.8;13.8;-87.8
3750;AL312020;8;28;75;8;270;11;13.7;-89;13.8;-89
3751;AL062021;6;28.4;54;37;290;12;13.9;-58.7;13.8;-58.6
3752;AL062021;2;28.4;53;31;295;14;14.6;-60.1;14.7;-60.1
3753;AL062021;7;28.6;51;28;295;15;15.3;-61.6;15.3;-61.5
3754;AL062021;10;28.6;52;29;295;16;16;-63.1;16;-63.1
3755;AL062021;8;28.8;52;60;295;17;16.7;-64.6;16.6;-64.8
3756;AL062021;10;28.8;51;67;295;16;17.3;-66.1;17.4;-66.1
3757;AL062021;16;29;52;54;285;15;17.7;-67.6;17.7;-67.6
3758;AL062021;21;28.7;54;35;285;15;18;-69;18;-69.1
3759;AL062021;20;28.8;55;25;290;14;18.5;-70.4;18.5;-70.4
3760;AL062021;18;28.9;55;24;300;13;19.2;-71.7;19.2;-71.6
3761;AL062021;24;29.3;58;33;300;14;20;-72.9;19.9;-73
3762;AL062021;19;29.1;59;36;300;14;20.5;-73.9;20.8;-74.1
3763;AL062021;16;29.2;60;42;295;12;20.9;-74.7;21.1;-75
3764;AL062021;17;29.2;62;43;295;7;21.2;-75.5;21.3;-75.1
3765;AL062021;22;29.3;63;51;300;9;21.6;-76.6;21.8;-76.2
3766;AL062021;18;29.7;65;45;295;11;22;-77.7;22.2;-77.7
3767;AL062021;19;30.2;66;56;275;13;22.3;-79;22.1;-79.1
3768;AL062021;19;30.1;66;64;280;12;22.5;-80.2;22.5;-80.2
3769;AL062021;21;29.8;61;77;295;11;22.7;-81.3;23;-81.3
3770;AL062021;19;30.2;63;69;280;11;22.9;-82.5;23;-82.6
3771;AL062021;11;30.3;65;86;290;12;23.3;-83.5;23.5;-84.1
3772;AL062021;14;30.2;64;84;295;8;24.1;-84.1;23.6;-84.1
3773;AL062021;18;30.2;58;79;325;4;25;-84.4;23.9;-84.3
3774;AL062021;16;29.9;61;41;330;9;25.7;-84.7;25.8;-84.7
3775;AL062021;16;29.9;65;43;335;9;26.4;-85.2;26.3;-85.1
3776;AL062021;18;30.2;64;45;325;8;27;-85.8;27.1;-85.7
3777;AL062021;16;30.4;61;44;335;6;27.8;-85.9;27.5;-85.9
3778;AL062021;17;30;65;28;10;9;28.7;-85.7;28.7;-85.7
3779;AL062021;22;29.9;66;28;20;8;29.5;-85.4;29.5;-85.4
3780;AL062021;21;29.9;62;34;10;10;30.6;-85.4;30.6;-85.3
3781;AL062021;26;30.1;59;5;5;11;31.7;-85.4;31.7;-85.2
3782;AL062021;24;30.2;62;5;5;11;32.8;-85.2;32.7;-85
3783;AL062021;25;29.8;62;4;15;11;34;-84.7;33.8;-84.4
3784;AL062021;23;29.6;56;4;20;15;35.9;-83.6;35.8;-83.2
3785;AL062021;26;29.3;55;4;25;19;37.7;-82.3;37.8;-82.3
3786;AL062021;26;28.9;56;4;25;19;39.2;-81.1;38.9;-81.5
3787;AL062021;30;28.8;53;3;30;18;40.4;-79.7;40.4;-79.7
3788;AL062021;31;27;53;2;50;16;41.9;-76.7;41.8;-76.7
3789;AL072021;5;27.1;49;10;280;18;15.2;-48.7;15.2;-48.4
3790;AL072021;3;27.5;48;24;275;20;15.3;-50.8;15.3;-50.8
3791;AL072021;2;27.7;48;31;275;19;15.4;-52.8;15.4;-52.7
3792;AL072021;1;28.1;48;38;275;19;15.7;-54.8;15.6;-54.7
3793;AL072021;6;28.2;50;44;280;21;16.1;-57.2;16;-57
3794;AL072021;4;28.3;58;34;275;25;16.2;-59.5;15.8;-59.9
3795;AL072021;6;28.3;59;24;280;22;16.5;-61.7;16.6;-61.5
3796;AL072021;10;28.2;60;32;280;21;16.7;-63.7;16.7;-63.7
3797;AL072021;12;28.7;63;59;285;15;16.9;-65.4;17;-65.3
3798;AL072021;11;28.9;62;69;275;16;17;-66.7;17;-66.7
3799;AL072021;10;29;59;62;275;14;17.1;-68.1;17.1;-68.1
3800;AL072021;13;28.8;58;45;275;14;17.2;-69.6;17.2;-69.6
3801;AL072021;15;28.7;58;33;280;13;17.5;-70.8;17.6;-70.8
3802;AL072021;7;29.1;58;33;285;11;17.8;-71.7;17.8;-71.8
3803;AL072021;9;29.5;55;39;280;11;17.9;-73.2;18;-73
3804;AL072021;10;29.4;54;40;280;13;18;-74.8;18;-74.7
3805;AL072021;12;29.8;54;48;280;13;18.2;-76.1;18.2;-76.1
3806;AL072021;6;30.3;55;66;280;13;18.3;-77.4;18.4;-77.5
3807;AL072021;10;30.2;55;76;275;12;18.3;-78.6;18.3;-78.6
3808;AL072021;14;30;52;85;280;13;18.7;-80.1;18.7;-80.1
3809;AL072021;15;29.8;51;85;285;13;19.2;-81.5;19.1;-81.4
3810;AL072021;12;29.7;55;84;285;14;19.6;-83;19.6;-83
3811;AL072021;13;30.1;58;85;280;16;19.7;-84.8;19.8;-84.8
3812;AL072021;13;29.7;54;47;280;16;19.9;-86.4;19.9;-86.4
3813;AL072021;11;29.6;55;31;280;16;20.2;-88.1;20.1;-88.1
3814;AL072021;11;29.7;55;17;280;15;20.5;-89.5;20.5;-89.5
3815;AL072021;6;29.9;56;39;285;14;20.8;-91.1;20.8;-91
3816;AL072021;11;30;57;29;270;15;20.7;-92.6;20.7;-92.7
3817;AL072021;16;29.9;58;30;265;13;20.6;-93.8;20.6;-93.7
3818;AL072021;12;30;61;36;265;9;20.6;-94.7;20.6;-94.5
3819;AL072021;16;30.3;61;43;270;9;20.7;-95.8;20.7;-95.7
3820;AL072021;16;29.3;61;21;270;11;20.6;-97.2;20.6;-97.2
3821;AL072021;14;28.4;68;10;250;11;20.2;-98;19.9;-98.3
3822;AL082021;8;28.7;48;25;170;6;33.4;-62.7;33.5;-62.7
3823;AL082021;12;28.9;52;27;185;8;32.5;-62.7;32.6;-62.8
3824;AL082021;8;29.2;52;26;180;9;31.6;-62.7;31.5;-62.7
3825;AL082021;7;29.3;51;26;195;6;31.1;-62.9;31.1;-62.9
3826;AL082021;9;29.3;50;26;205;4;30.8;-63.1;30.8;-63.1
3827;AL082021;10;29.3;50;26;215;4;30.6;-63.3;30.6;-63.5
3828;AL082021;8;28.9;50;23;255;5;30.4;-63.6;30.5;-64
3829;AL082021;8;29;49;23;255;4;30.3;-63.9;30.4;-64.2
3830;AL082021;11;29.1;50;25;255;6;30.2;-64.5;30.2;-64.5
3831;AL082021;13;29.2;49;28;255;5;30.1;-65.3;30.1;-65.3
3832;AL082021;18;29.1;50;33;260;7;30;-66.2;30;-66.1
3833;AL082021;18;29.2;48;35;265;8;29.9;-67.1;29.9;-67.1
3834;AL082021;18;29.3;48;33;265;8;29.7;-68;29.8;-68
3835;AL082021;23;29.5;49;34;255;9;29.5;-69;29.5;-69
3836;AL082021;27;29.1;51;29;265;9;29.5;-70;29.5;-70
3837;AL082021;25;29.2;51;26;270;9;29.6;-71;29.6;-71
3838;AL082021;23;29.2;49;25;275;9;29.7;-72;29.7;-72
3839;AL082021;23;29.1;51;25;290;8;29.9;-72.9;30;-72.8
3840;AL082021;23;29;55;26;280;7;30.1;-73.6;30;-73.6
3841;AL082021;16;28.9;57;27;335;6;30.8;-73.8;30.8;-73.8
3842;AL082021;12;28.9;55;29;0;6;31.6;-73.7;31.6;-73.7
3843;AL082021;11;29;57;31;10;9;32.5;-73.4;32.5;-73.4
3844;AL082021;8;29;58;28;20;11;33.6;-72.7;33.6;-72.7
3845;AL082021;7;28.2;56;25;20;16;35.4;-71.8;35.4;-71.8
3846;AL082021;8;28.4;58;16;20;20;37.6;-70.9;37.6;-70.9
3847;AL082021;12;25.7;58;0;355;18;39.4;-71;39.4;-71
3848;AL082021;13;23.6;61;0;345;14;40.7;-71.3;40.7;-71.3
3849;AL082021;10;22.8;62;0;320;8;41.5;-72;41.5;-71.9
3850;AL082021;8;23.9;63;0;290;7;41.8;-73;41.8;-72.9
3851;AL082021;8;24.7;58;0;265;5;41.6;-74.2;41.4;-74
3852;AL082021;8;24.8;56;0;250;3;41.5;-73.8;41.5;-74.1
3853;AL082021;11;21.9;54;0;85;7;41.9;-71.2;41.6;-71.3
3854;AL092021;8;28.6;66;50;320;14;16.5;-78.9;16.4;-79
3855;AL092021;9;28.8;65;50;330;14;17.4;-79.5;17.7;-79.4
3856;AL092021;10;28.8;67;48;320;10;18.3;-80.2;18;-80.1
3857;AL092021;12;29.1;63;58;320;12;19.4;-80.9;19.5;-80.9
3858;AL092021;10;29.1;64;62;320;12;20.4;-81.7;20.3;-81.7
3859;AL092021;11;29.5;64;71;325;14;21.5;-82.6;21.6;-82.7
3860;AL092021;10;29.8;66;91;320;13;22.6;-83.5;22.5;-83.5
3861;AL092021;11;29.9;63;124;315;13;23.5;-84.7;23.5;-84.7
3862;AL092021;10;29.8;66;108;315;14;24.4;-85.7;24.4;-85.7
3863;AL092021;6;30.1;67;76;320;14;25.6;-86.6;25.6;-86.6
3864;AL092021;6;30.3;67;126;320;14;26.7;-87.6;26.7;-87.5
3865;AL092021;8;30.2;66;116;315;13;27.6;-88.7;27.6;-88.7
3866;AL092021;10;30.2;71;48;320;13;28.5;-89.6;28.5;-89.6
3867;AL092021;9;29.9;70;42;320;10;29.2;-90.4;29.2;-90.3
3868;AL092021;15;30.2;69;15;340;8;29.9;-90.6;29.9;-90.6
3869;AL092021;23;31.1;66;6;345;7;30.6;-90.8;30.6;-90.8
3870;AL092021;18;31;71;6;350;8;31.5;-90.9;31.5;-90.8
3871;AL092021;16;30.6;71;6;15;8;32.2;-90.5;32.2;-90.5
3872;AL102021;17;27.6;55;28;300;6;13.7;-49.8;13.7;-49.8
3873;AL102021;20;27.6;53;23;310;7;14.5;-50;14.5;-50
3874;AL102021;17;27.5;54;19;345;6;15.2;-50;15.2;-50
3875;AL102021;24;27.5;52;17;0;8;16.2;-49.9;16.2;-49.9
3876;AL102021;27;27.5;54;17;5;8;17.3;-50;16.8;-49.8
3877;AL102021;28;27.4;48;27;350;11;18.4;-50.2;18.4;-50.2
3878;AL102021;22;27.5;46;38;355;10;19.2;-50.3;19.3;-50.2
3879;AL102021;24;27.5;48;35;345;9;19.8;-50.5;19.8;-50.6
3880;AL102021;36;27.5;50;23;350;7;20.5;-50.6;20.5;-50.6
3881;AL102021;41;27.4;49;15;355;7;21.3;-50.8;21.2;-50.8
3882;AL102021;35;27.6;51;20;355;9;22.1;-50.9;22.3;-50.9
3883;AL102021;31;27.7;51;22;350;7;22.6;-50.9;22.6;-50.9
3884;AL102021;33;27.7;52;24;0;2;22.8;-50.9;22.8;-50.9
3885;AL102021;30;28.2;50;25;10;4;23.2;-50.9;23.2;-50.7
3886;AL102021;22;28.7;50;25;5;6;23.9;-50.9;24.1;-50.8
3887;AL102021;16;28.8;50;23;350;9;24.6;-51.2;25;-51.1
3888;AL102021;16;28.8;49;22;345;8;25.3;-51.5;25.3;-51.5
3889;AL102021;15;28.5;48;21;340;8;26.6;-52.3;26.1;-51.8
3890;AL112021;14;27.4;39;7;80;7;32.6;-50.1;32.7;-50.1
3891;AL112021;18;27.1;41;5;60;9;33.5;-49.3;33.6;-49.2
3892;AL112021;21;27.2;41;7;45;13;34.5;-47.8;34.5;-47.8
3893;AL112021;31;26.7;39;2;45;17;35.9;-45.7;36;-45.6
3894;AL112021;38;26.4;41;1;55;21;37.1;-42.6;37.3;-42.8
3895;AL122021;7;27.8;83;12;290;14;11.5;-20.6;10.8;-20.2
3896;AL122021;5;27.9;76;14;290;17;11.9;-22.5;11.9;-22.3
3897;AL122021;10;27.9;74;12;280;17;12.2;-24.5;12.2;-23.9
3898;AL122021;8;27.7;76;11;280;20;12.4;-26.5;12.3;-26.7
3899;AL122021;3;27.6;72;8;275;19;12.5;-28.4;12.4;-28.4
3900;AL122021;5;27.5;70;7;275;18;12.7;-30;12.6;-30.1
3901;AL122021;4;27.4;71;5;280;17;13;-31.6;12.9;-31.4
3902;AL122021;2;27;69;6;280;15;13.3;-33.3;13.3;-33.4
3903;AL122021;4;27.1;68;15;280;16;13.6;-35;13.5;-35.1
3904;AL122021;6;26.9;66;14;280;17;13.9;-36.7;13.9;-36.7
3905;AL122021;4;27.1;65;18;285;17;14.1;-38.4;14.4;-38.2
3906;AL122021;4;26.9;68;6;280;16;14.4;-40;14.6;-40
3907;AL122021;7;26.8;68;5;285;15;14.7;-41.4;14.8;-41.5
3908;AL122021;5;26.9;64;11;285;14;15.2;-42.7;15.2;-42.7
3909;AL122021;5;26.9;61;10;295;14;15.8;-44;16;-44
3910;AL122021;3;27.1;59;12;295;14;16.4;-45.3;16.5;-45.2
3911;AL122021;5;27.3;59;23;300;14;17;-46.5;17.1;-46.5
3912;AL122021;6;27.5;55;36;300;12;17.7;-47.5;17.7;-47.5
3913;AL122021;8;27.5;51;32;305;12;18.4;-48.5;18.4;-48.5
3914;AL122021;10;27.6;50;36;310;12;19.2;-49.4;19.1;-49.3
3915;AL122021;11;28.2;47;36;315;12;20;-50.3;20.1;-50.2
3916;AL122021;15;28.9;47;35;315;11;20.7;-51.2;20.7;-51
3917;AL122021;7;29.2;47;42;305;10;21.2;-52;21.3;-52
3918;AL122021;13;28.8;44;41;310;9;21.6;-52.7;21.8;-52.6
3919;AL122021;8;28.7;42;34;300;9;22.1;-53.5;22.2;-53.6
3920;AL122021;13;28.5;42;30;300;8;22.7;-54.2;22.7;-54.2
3921;AL122021;14;28.6;44;37;315;9;23.3;-54.8;23.4;-54.8
3922;AL122021;10;28.8;45;49;315;8;24;-55.4;24;-55.3
3923;AL122021;8;29;46;54;320;9;24.7;-56;24.8;-55.8
3924;AL122021;8;28.9;46;42;325;9;25.4;-56.5;25.4;-56.5
3925;AL122021;6;29;49;38;325;9;26.2;-57.1;26.2;-57.1
3926;AL122021;5;29.2;51;43;325;10;27.2;-57.9;27.1;-57.7
3927;AL122021;8;29.6;53;39;325;12;28.2;-58.9;28.3;-58.8
3928;AL122021;5;29.6;53;33;320;13;29.1;-59.9;29.1;-59.9
3929;AL122021;5;29.4;54;29;320;13;30.1;-60.8;30.2;-60.8
3930;AL122021;7;28.7;57;29;330;13;31.3;-61.5;31.3;-61.5
3931;AL122021;6;28.1;53;21;340;17;32.8;-62.1;33;-62.1
3932;AL122021;5;27.7;50;18;350;17;34.4;-62.3;34.4;-62.3
3933;AL122021;8;27.7;51;19;0;20;36.5;-62.2;36.5;-62.2
3934;AL122021;11;27.8;53;22;15;25;38.9;-61.1;39;-61
3935;AL122021;14;23.2;52;0;20;30;41.9;-59.5;41.9;-59.5
3936;AL122021;16;18.1;55;0;35;33;45.1;-56.6;45;-56.4
3937;AL122021;22;13.7;58;0;25;40;48.8;-53.3;48.8;-53.3
3938;AL122021;34;11.7;65;0;30;42;52.5;-49.7;52.5;-49.5
3939;AL132021;14;28.5;62;22;50;18;28.4;-86.8;28.4;-86.8
3940;AL132021;18;29.1;62;21;50;18;29.5;-85.4;29.5;-85.4
3941;AL132021;25;29.4;58;6;50;17;30.5;-83.9;30.5;-83.9
3942;AL132021;28;28.9;56;25;65;18;31.2;-81.8;31.2;-81.8
3943;AL132021;32;29;53;44;75;20;31.7;-79.4;31.7;-79.4
3944;AL132021;28;29;51;48;75;23;32.1;-76.8;32.2;-76.1
3945;AL142021;14;29.5;82;28;320;6;21;-95.2;19.9;-94.4
3946;AL142021;20;29.9;78;44;330;13;22.4;-95.6;22.3;-95.4
3947;AL142021;18;30.3;74;52;335;15;23.7;-96.1;24;-96
3948;AL142021;22;30.2;67;36;345;14;24.8;-96.5;25.1;-96.5
3949;AL142021;16;29.9;66;32;0;5;25.9;-96.7;25.4;-96.9
3950;AL142021;20;29.9;64;34;10;10;27;-96.6;26.9;-96.5
3951;AL142021;24;29.5;60;35;15;11;28;-96.2;28.1;-96.2
3952;AL142021;25;29;56;43;20;9;28.8;-95.7;28.8;-95.7
3953;AL142021;29;28.3;57;24;20;7;29.3;-95.4;29.4;-95.5
3954;AL142021;32;28.3;56;21;75;6;29.6;-94.9;29.5;-94.9
3955;AL142021;37;28.5;56;10;60;5;29.9;-94.4;29.9;-94.4
3956;AL142021;44;28.7;53;4;60;5;30.2;-93.8;30.1;-94
3957;AL142021;43;28.6;58;3;65;6;30.3;-93.1;30.3;-93
3958;AL142021;37;28.8;58;4;80;6;30.2;-92.4;30.2;-92.5
3959;AL142021;39;29;56;6;90;6;29.9;-91.8;30.1;-91.9
3960;AL152021;26;28;62;72;50;10;36.8;-71.4;36.3;-71.9
3961;AL152021;28;28;59;60;50;12;37.6;-70.1;37.6;-70
3962;AL152021;31;26.3;60;0;55;17;38.3;-68.3;38.6;-67.8
3963;AL152021;31;27.1;59;13;70;16;38.7;-66.2;38.7;-66.1
3964;AL152021;49;22.3;37;0;115;13;43.2;-46.6;43.2;-46.5
3965;AL152021;44;25.1;35;0;130;14;41.8;-45.4;41.6;-45.3
3966;AL152021;41;25.5;36;0;140;17;40.4;-43.8;40.2;-43.3
3967;AL152021;41;25.1;37;0;135;17;39.9;-41.9;39.7;-41.7
3968;AL152021;29;24;41;0;80;14;40.2;-40.1;40.3;-39.6
3969;AL152021;25;23.8;43;0;65;10;41.3;-39.9;41.3;-39.8
3970;AL152021;15;23.5;45;0;355;9;42.4;-40.2;42.2;-39.9
3971;AL152021;13;22.8;42;0;350;10;43.5;-40.8;43.3;-40.4
3972;AL152021;12;22.2;41;0;335;10;44.1;-41.2;44.1;-41.2
3973;AL152021;10;22.3;41;0;325;8;44.2;-41.8;44.2;-41.7
3974;AL152021;12;22.3;39;0;275;4;44.1;-42.4;44.2;-42.4
3975;AL152021;8;22.5;35;0;150;2;43.8;-42;43.9;-42.1
3976;AL152021;17;22;37;0;90;4;44.1;-41.4;44.2;-41.3
3977;AL152021;28;22;40;0;90;4;44.1;-41;44.2;-41.3
3978;AL162021;7;28.3;53;47;300;12;16.4;-52.7;16.1;-52.5
3979;AL162021;11;28.2;52;31;300;13;16.8;-54.4;17;-53.8
3980;AL162021;15;28.4;50;41;295;15;17.3;-55.8;17.4;-55.8
3981;AL162021;19;28.8;52;64;295;16;17.9;-57;18.2;-57.2
3982;AL162021;26;28.9;52;54;295;13;18.4;-58;18.5;-58.1
3983;AL162021;30;29.1;50;47;295;10;18.8;-59;18.9;-58.9
3984;AL162021;24;29;52;42;295;11;19.2;-60.1;19.3;-60.3
3985;AL162021;23;29.1;53;41;295;11;19.5;-61.2;19.8;-61.3
3986;AL162021;26;29.1;51;40;285;9;19.6;-62.3;19.8;-62.1
3987;AL162021;24;29.1;48;46;270;8;19.8;-64;19.8;-64
3988;AL162021;23;29.1;49;54;280;9;20.2;-64.6;20.3;-64.8
3989;AL162021;27;28.9;52;74;310;10;20.6;-65.2;21.2;-65.8
3990;AL162021;29;29;53;76;310;8;21;-65.8;21.2;-65.9
3991;AL162021;30;29.1;53;93;300;7;21.4;-66.4;21.3;-66.8
3992;AL162021;33;29;53;90;330;5;21.7;-66.9;21.6;-66.7
3993;AL172021;12;28.5;61;20;325;10;11.3;-27.8;11.3;-27.9
3994;AL172021;10;28.1;61;16;335;12;12.6;-28.4;12.6;-28.3
3995;AL172021;8;27.9;59;18;330;14;13.8;-29.4;13.8;-29.4
3996;AL172021;7;27.9;56;20;320;15;14.7;-30.6;14.8;-30.6
3997;AL172021;7;27.7;53;11;300;15;15.6;-31.8;15.4;-32.1
3998;AL172021;7;26.8;53;4;310;15;16.7;-32.9;16.7;-33
3999;AL172021;13;27.1;51;6;315;15;17.7;-34.1;17.9;-34
4000;AL172021;17;27;48;5;315;14;18.8;-35.3;18.6;-35.2
4001;AL172021;23;27;51;10;325;17;20;-36.1;20.5;-36.2
4002;AL172021;21;27.1;53;17;325;14;21.1;-36.7;21.2;-36.6
4003;AL172021;23;27.2;50;16;325;13;22.1;-37.3;22.2;-37.4
4004;AL172021;18;27.1;47;18;325;9;22.7;-37.7;22.7;-37.7
4005;AL172021;17;27.1;44;19;325;7;23.1;-38.1;23.1;-38.1
4006;AL172021;18;27.2;40;18;305;6;23.4;-38.8;23.4;-38.8
4007;AL172021;18;27.2;38;19;300;8;23.8;-39.7;23.8;-39.7
4008;AL172021;20;27.5;38;20;295;9;24.2;-40.6;24.2;-40.6
4009;AL172021;21;27.6;39;28;310;9;25;-41.4;24.9;-41.3
4010;AL182021;3;29;67;23;280;12;10.2;-34.4;10.2;-34.4
4011;AL182021;2;28.8;64;28;280;13;10.4;-36;10.4;-35.7
4012;AL182021;3;28.6;62;23;280;14;10.7;-37.6;10.8;-37.4
4013;AL182021;1;28.6;59;15;280;15;10.9;-39;11;-39.1
4014;AL182021;1;28.6;60;15;280;13;11.1;-40.3;11.1;-40.3
4015;AL182021;1;28.8;60;20;280;13;11.4;-41.6;11.4;-41.6
4016;AL182021;3;28.3;56;18;280;13;11.6;-43;11.6;-43.1
4017;AL182021;0;28.6;57;20;280;12;11.9;-44.3;11.9;-44.3
4018;AL182021;1;28.8;57;23;285;12;12.3;-45.4;12.3;-45.4
4019;AL182021;3;28.5;58;21;290;11;12.6;-46.3;12.7;-46.3
4020;AL182021;5;28.4;57;21;290;10;12.8;-47.2;12.8;-47.2
4021;AL182021;3;28.5;57;25;285;9;13.1;-48.1;13.1;-48.1
4022;AL182021;1;28.5;57;30;290;8;13.4;-48.8;13.4;-48.7
4023;AL182021;8;28.5;57;37;295;7;13.6;-49.4;13.7;-49.4
4024;AL182021;8;28.9;54;44;290;7;13.8;-50;13.8;-50
4025;AL182021;6;28.8;54;44;290;6;14.1;-50.3;14;-50.3
4026;AL182021;8;28.6;51;44;315;6;14.5;-50.6;14.5;-50.6
4027;AL182021;11;28.3;50;47;320;6;15;-51.1;15;-51.1
4028;AL182021;8;28.4;48;55;310;7;15.4;-51.7;15.4;-51.7
4029;AL182021;4;28.6;48;53;310;8;15.9;-52.3;16;-52.4
4030;AL182021;6;28.5;47;44;315;8;16.5;-52.9;16.5;-52.9
4031;AL182021;8;28.2;47;34;310;8;16.9;-53.5;17;-53.6
4032;AL182021;7;28.2;46;32;305;7;17.3;-54.1;17.3;-54
4033;AL182021;6;28.4;46;35;305;8;17.7;-54.7;17.7;-54.7
4034;AL182021;5;28.5;47;43;305;7;18.1;-55.3;18.1;-55.3
4035;AL182021;9;28.5;45;53;305;8;18.6;-55.9;18.6;-55.9
4036;AL182021;8;28.7;46;60;310;8;19.1;-56.6;19.1;-56.6
4037;AL182021;2;28.9;46;64;310;8;19.7;-57.3;19.8;-57.3
4038;AL182021;3;29;49;71;310;9;20.3;-58;20.3;-58
4039;AL182021;11;28.8;48;68;315;10;21;-58.8;21;-58.8
4040;AL182021;10;28.9;48;47;320;11;22;-59.6;22.1;-59.5
4041;AL182021;10;28.9;53;47;320;12;23;-60.4;23;-60.4
4042;AL182021;8;29.5;61;49;330;13;24.3;-61;24.3;-61
4043;AL182021;11;29;58;29;340;15;25.8;-61.6;25.8;-61.6
4044;AL182021;12;28.4;59;17;355;18;27.4;-61.9;27.6;-61.7
4045;AL182021;15;28;56;14;355;17;29.2;-61.9;29.2;-61.9
4046;AL182021;19;27.6;50;10;10;16;30.8;-61.5;30.7;-61.5
4047;AL182021;18;26.7;48;2;15;15;32.1;-61;32.1;-61
4048;AL182021;17;26.6;46;2;25;15;33.4;-60.1;33.3;-59.8
4049;AL182021;16;26.1;44;0;30;16;34.7;-59.1;34.8;-58.7
4050;AL182021;12;26.3;44;1;35;16;35.8;-57.9;35.9;-57.7
4051;AL182021;8;26.3;48;1;45;15;36.7;-56.6;36.8;-56.6
4052;AL182021;5;26.3;49;2;50;12;37.3;-55.4;37.3;-55.4
4053;AL182021;5;25.6;49;0;55;13;38;-53.9;38;-53.8
4054;AL182021;5;25.6;48;0;60;13;38.7;-52.2;38.7;-52.2
4055;AL182021;10;24.7;49;0;55;21;39.9;-49.9;39.9;-49.9
4056;AL182021;17;22.8;51;0;55;26;41.4;-47.1;41.4;-47.1
4057;AL182021;13;22.6;51;0;45;33;43.8;-43.6;43.8;-43.6
4058;AL182021;25;19.2;56;0;45;31;46.5;-40.5;46.3;-40.7
4059;AL182021;38;14.2;58;0;20;36;49.4;-39.7;50;-39.3
4060;AL192021;23;27.2;48;9;330;15;33.6;-64.1;34.1;-64.1
4061;AL192021;28;27.3;51;13;300;13;34.1;-65;34.2;-65
4062;AL192021;29;27.2;53;12;285;6;34.3;-65.5;34.4;-65.5
4063;AL192021;24;27.1;54;10;0;0;34.3;-65.2;34.3;-65.2
4064;AL192021;24;27.1;53;10;90;4;34.3;-64.5;34.3;-64.6
4065;AL202021;2;28.7;67;22;290;11;8.1;-25.1;8.1;-25.1
4066;AL202021;2;28.7;66;21;275;11;8.3;-26;8.2;-26.2
4067;AL202021;7;28.7;67;21;285;9;8.7;-27.1;8.5;-26.8
4068;AL202021;1;28.4;63;17;290;12;9.2;-28.4;9.2;-28.4
4069;AL202021;6;28.1;62;12;290;12;9.8;-29.5;9.7;-29.5
4070;AL202021;7;28.1;61;10;300;10;10.5;-30.6;10.3;-30.2
4071;AL202021;10;27.9;59;8;310;14;11;-31.8;11.4;-31.7
4072;AL202021;8;27.7;62;7;295;13;11.4;-33;11.3;-33
4073;AL202021;15;27.5;60;7;295;11;11.8;-33.9;11.8;-33.8
4074;AL202021;17;27.6;58;13;290;11;12.1;-34.9;12.1;-35
4075;AL202021;20;27.8;55;21;290;10;12.5;-35.8;12.5;-35.8
4076;AL202021;18;28;54;28;290;10;12.7;-36.7;12.7;-36.7
4077;AL202021;18;27.8;54;27;295;9;13.5;-37.7;13.3;-37.5
4078;AL202021;19;27.6;53;30;300;10;14.4;-38.4;14.3;-38.4
4079;AL202021;23;27.3;52;21;320;14;15.1;-39.2;15.6;-39.4
4080;AL202021;19;27.6;51;25;310;9;15.7;-40;15.6;-39.9
4081;AL202021;17;27.5;49;23;315;11;16.5;-41;16.6;-40.8
4082;AL202021;22;27.5;45;15;305;13;17.2;-42.1;17.4;-42.4
4083;AL212021;41;23;46;0;125;18;36.5;-46;36.5;-46.1
4084;AL212021;27;23.1;47;0;105;16;36.6;-44.2;36.6;-44.2
4085;AL212021;26;22.9;47;0;105;13;36.5;-43.4;36.5;-43.3
4086;AL212021;22;22.9;46;0;105;13;36.4;-43.5;36.5;-43.3
4087;AL212021;26;23;44;0;215;7;35.8;-44;35.9;-43.8
4088;AL212021;39;23.4;44;0;205;9;34.8;-44.2;34.8;-44.2
4089;AL212021;35;23.6;46;0;135;11;34.1;-43.4;34;-43.3
4090;AL212021;30;23.7;52;0;80;7;34.1;-42.6;34.1;-42.5
4091;AL212021;25;24;55;0;75;6;34.4;-41.9;34.3;-42
4092;AL212021;20;24.2;59;0;65;8;34.9;-41.3;34.8;-41.2
4093;AL212021;17;24;62;0;35;9;35.5;-40.7;35.5;-40.6
4094;AL212021;15;23.3;60;0;5;7;36.2;-40.5;36.2;-40.5
4095;AL212021;12;23.1;59;0;10;7;36.9;-40.4;36.9;-40.4
4096;AL212021;12;23;59;0;15;7;37.6;-40.2;37.6;-40.1
4097;AL212021;11;22.6;57;0;15;7;38.4;-39.9;38.3;-39.9
4098;AL212021;9;21;56;0;15;10;39.3;-39.7;39.4;-39.6
4099;AL212021;10;20.7;54;0;10;9;40.2;-39.7;40.2;-39.6
4100;AL212021;10;20.8;52;0;5;8;41;-39.7;41.1;-39.6
4101;AL212021;12;20.1;50;0;0;8;41.7;-39.7;41.7;-39.6
4102;AL212021;15;19.6;49;0;0;6;42.1;-39.6;42.3;-39.6
4103;AL212021;18;19.6;51;0;75;4;42.3;-39;42.3;-39
4104;AL212021;23;19.8;50;0;110;5;42;-38.3;42.1;-38.4
4105;AL212021;22;20.5;44;0;145;7;41.1;-37.8;41.1;-37.8
4106;AL212021;18;21.4;40;0;155;10;39.6;-37.5;39.6;-37.4
4107;AL212021;13;22;38;0;185;12;38.4;-38;38.4;-37.9
4108;AL212021;3;22.3;37;0;200;9;37.6;-38.3;37.6;-38.3
4109;AL212021;3;22.5;36;0;190;7;37.2;-38.4;37;-38.2
4110;AL212021;9;22.5;42;0;120;3;37.1;-38;37;-38
4111;AL212021;15;22.3;48;0;50;6;37.4;-37.4;37.4;-37.4
4112;AL212021;21;22.3;55;0;50;11;38.1;-36.4;38.1;-36.3
4113;AL212021;20;21.7;48;0;50;17;39.2;-34.9;39.1;-34.6
4114;AL012022;25;25.5;66;0;0;5;21.3;-87.5;21.3;-87.5
4115;AL012022;26;25.4;65;0;335;3;21.6;-87.3;21.5;-87.6
4116;AL012022;26;26.1;62;1;40;4;21.9;-87.1;21.9;-86.9
4117;AL012022;23;26;61;1;10;4;22.2;-86.9;22.2;-87
4118;AL012022;15;27;62;19;40;5;22.8;-86.3;22.7;-86.3
4119;AL012022;21;28;61;24;45;10;23.9;-85.1;24;-84.5
4120;AL012022;31;27.8;59;10;45;17;25;-83.7;25.1;-83.8
4121;AL012022;26;28.5;59;26;45;17;26.2;-82;26.1;-82
4122;AL012022;28;26.3;61;0;50;18;27.2;-80.4;27.3;-80.5
4123;AL012022;33;27;65;5;55;17;28;-78.8;28;-78.9
4124;AL012022;35;26.8;65;5;65;15;28.8;-77.2;28.6;-77.5
4125;AL012022;34;26.4;66;2;60;20;29.9;-75;29.9;-75
4126;AL012022;26;26;68;0;60;24;31;-72.5;30.9;-72.5
4127;AL012022;28;26;63;0;60;24;32.1;-70.2;32.1;-70.1
4128;AL012022;34;25.6;59;0;60;21;33;-67.8;33;-68
4129;AL012022;34;24.6;60;0;65;23;33.8;-65.2;33.7;-65.2
4130;AL012022;34;23.6;53;0;65;25;34.7;-62.2;34.7;-62.2
4131;AL022022;8;29;69;38;275;15;8.7;-52.2;8.5;-52
4132;AL022022;11;28.2;68;25;275;17;9.1;-54.2;9.1;-54.2
4133;AL022022;9;28;69;26;280;20;9.6;-56.5;9.6;-56.5
4134;AL022022;5;27.8;70;32;280;20;10.2;-58.9;10;-58.3
4135;AL022022;6;27.8;70;10;285;24;10.7;-61.6;10.6;-61.2
4136;AL022022;12;26.8;64;2;280;26;11.1;-64;11.1;-64.3
4137;AL022022;10;26.9;60;3;280;26;11.4;-66.2;11.3;-66.3
4138;AL022022;11;27;62;4;280;20;11.7;-68;11.5;-68.1
4139;AL022022;6;27;63;4;280;18;11.9;-69.7;11.9;-69.7
4140;AL022022;4;27.6;64;10;280;16;12;-71.4;12;-71.4
4141;AL022022;1;27.5;68;8;270;17;12;-73.1;12;-73.1
4142;AL022022;4;28.2;67;16;270;17;12;-74.9;12;-74.9
4143;AL022022;6;28;67;18;270;18;11.9;-76.7;11.9;-76.8
4144;AL022022;7;27.8;71;13;265;17;11.6;-78.5;11.6;-78.5
4145;AL022022;4;27.9;71;13;260;17;11.3;-80.2;11.2;-80.3
4146;AL022022;1;27.9;69;11;270;15;11.2;-81.8;11.3;-81.8
4147;AL022022;1;27.9;71;9;265;14;10.9;-83.1;10.9;-83.2
4148;AL022022;2;28;72;10;270;14;11.1;-84.5;11.2;-84.5
4149;AL022022;2;27.7;72;6;270;13;11.2;-85.9;11.2;-85.8
4150;AL032022;25;28.1;61;14;25;7;33;-79.9;33;-79.8
4151;AL032022;20;27.8;63;10;40;6;33.4;-79.4;33.5;-79.3
4152;AL032022;17;27.6;65;8;45;6;33.8;-78.9;33.8;-78.9
4153;AL052022;12;27.4;49;11;70;3;38.1;-45.2;38.1;-45.2
4154;AL052022;10;27.4;48;10;80;3;38.1;-44.8;38.1;-44.8
4155;AL052022;12;27.3;46;9;90;2;38;-44.4;38.1;-44.6
4156;AL052022;11;27.3;45;8;100;3;37.9;-44.1;38;-44.1
4157;AL052022;14;27.2;45;7;100;4;37.8;-43.8;37.9;-43.6
4158;AL052022;12;27.1;45;7;90;3;37.8;-43.6;38;-43.2
4159;AL052022;8;27.1;44;6;0;0;37.9;-43.5;37.9;-43.5
4160;AL052022;10;27.1;45;6;0;0;38;-43.6;37.9;-43.4
4161;AL052022;6;27.1;45;7;270;1;38;-43.8;38;-43.5
4162;AL052022;6;27.1;45;7;270;5;38;-44.6;38;-44.7
4163;AL052022;5;27.1;46;8;270;4;37.9;-45;38;-45
4164;AL052022;4;27.2;48;10;285;2;37.9;-45.3;38.1;-45.2
4165;AL052022;4;26.8;51;7;280;2;38.1;-45.4;38.1;-45.3
4166;AL052022;5;26.9;49;7;0;1;38.4;-45.2;38.3;-45.2
4167;AL052022;8;26.9;51;6;20;2;38.7;-45;38.7;-44.9
4168;AL052022;6;26.8;53;4;25;4;39.2;-44.6;39.3;-44.6
4169;AL052022;13;25.7;53;0;30;7;39.9;-44.1;39.9;-44.1
4170;AL052022;15;25.3;54;0;30;9;40.6;-43.6;40.8;-43.5
4171;AL052022;17;25.5;52;0;30;9;41.3;-43.1;41.4;-42.9
4172;AL052022;15;25.7;54;0;35;8;41.8;-42.5;41.9;-42.3
4173;AL052022;18;25.8;51;0;50;6;42.1;-41.8;42;-41.7
4174;AL052022;13;25.6;47;0;60;6;42.3;-41;42.3;-40.9
4175;AL052022;16;25.1;43;0;70;6;42.5;-39.9;42.5;-39.9
4176;AL052022;13;24.6;45;0;65;8;42.9;-38.6;43;-38.8
4177;AL052022;9;24.3;45;0;70;10;43.5;-37.2;43.3;-37.1
4178;AL052022;17;23.7;45;0;50;14;44.4;-35.6;44.4;-35.6
4179;AL052022;17;21.9;45;0;55;14;45.3;-33.9;45.1;-33.6
4180;AL052022;17;20.9;51;0;50;15;46.2;-32.4;46.2;-32.3
4181;AL052022;23;20.7;49;0;45;14;47.3;-31.4;47.2;-31.4
4182;AL062022;12;28.9;50;49;295;12;18.3;-59.8;18.3;-59.8
4183;AL062022;15;29;50;44;285;11;18.6;-60.9;18.6;-60.9
4184;AL062022;13;29;49;39;290;11;18.9;-61.9;18.9;-61.9
4185;AL062022;14;29;52;45;285;9;19.2;-62.9;19.1;-62.8
4186;AL062022;15;29.1;53;56;285;10;19.4;-63.6;19.4;-63.9
4187;AL062022;18;29.3;52;62;285;8;19.5;-64.1;19.5;-64.5
4188;AL062022;15;28.8;52;58;300;3;19.8;-64.6;19.5;-64.4
4189;AL062022;12;29;54;60;300;4;20;-65;20;-64.9
4190;AL062022;15;29.2;55;64;305;3;20.3;-65.3;20.1;-65.3
4191;AL062022;21;29.1;54;59;330;4;20.8;-65.4;20.6;-65.4
4192;AL062022;20;28.8;52;51;350;5;21.5;-65.2;21.5;-65.2
4193;AL062022;18;28.9;54;51;0;5;22;-65.2;21.9;-65.2
4194;AL062022;24;28.9;55;47;5;6;22.5;-65.2;22.5;-65.2
4195;AL062022;28;28.9;53;40;355;6;23.1;-65.3;23.1;-65.3
4196;AL062022;29;28.8;56;37;350;6;23.5;-65.7;23.5;-65.7
4197;AL062022;28;28.8;56;35;0;5;23.9;-65.7;23.9;-65.7
4198;AL062022;26;29;54;39;350;5;24.5;-65.8;24.6;-65.8
4199;AL062022;28;29.1;55;45;350;5;25;-65.9;25;-65.9
4200;AL062022;28;29.2;54;52;0;5;25.4;-65.8;25.4;-65.8
4201;AL062022;19;29.1;57;54;5;5;26.1;-65.6;26.1;-65.6
4202;AL062022;17;29;54;41;10;7;26.8;-65.5;26.8;-65.5
4203;AL062022;16;29.3;54;35;5;8;27.7;-65.5;27.7;-65.5
4204;AL062022;4;29.2;58;30;5;8;28.7;-65.3;28.6;-65.3
4205;AL062022;2;28.9;60;21;30;10;29.7;-64.8;29.7;-64.7
4206;AL062022;5;29;59;20;25;11;30.6;-64.3;30.6;-64.3
4207;AL062022;6;29.1;62;22;30;13;31.9;-63.2;31.9;-63.2
4208;AL062022;8;28.8;66;25;30;18;33.4;-61.9;33.4;-61.9
4209;AL062022;10;28.8;62;21;45;22;34.9;-59.8;34.9;-59.8
4210;AL062022;13;28.2;61;19;45;25;37.1;-56.8;37.1;-56.8
4211;AL062022;28;27.2;64;19;35;34;40;-54.3;40;-54.3
4212;AL062022;45;23.6;62;0;25;30;42.4;-53.3;42.4;-53.3
4213;AL062022;37;22;59;0;20;14;43.3;-52.8;43.3;-52.8
4214;AL072022;11;28.3;55;39;285;11;16.6;-50.1;16.7;-50.1
4215;AL072022;13;28.2;53;26;285;12;16.6;-51.3;16.9;-51.4
4216;AL072022;14;28.4;52;23;270;11;16.5;-52.4;16.6;-52.4
4217;AL072022;15;28.6;50;28;270;12;16.4;-53.6;16.6;-53.7
4218;AL072022;12;28.8;51;39;265;12;16.3;-54.8;16.3;-54.8
4219;AL072022;13;28.9;51;55;265;13;16.1;-56.2;16.1;-56.2
4220;AL072022;15;29.2;49;67;260;13;15.8;-57.5;15.8;-57.5
4221;AL072022;14;29.1;51;63;265;13;15.8;-58.8;15.8;-58.8
4222;AL072022;15;29.3;53;58;280;14;16.3;-60.4;16.3;-60.4
4223;AL072022;13;29.5;52;52;280;13;16.4;-61.6;16.5;-61.6
4224;AL072022;12;29.6;56;53;270;12;16.3;-62.6;16.3;-62.8
4225;AL072022;7;29.7;57;55;260;7;16.4;-63.3;16.2;-63.1
4226;AL072022;9;29.6;56;71;285;8;16.5;-64;16.7;-64.1
4227;AL072022;8;29.5;57;81;280;8;16.5;-64.7;16.4;-64.7
4228;AL072022;15;29.5;55;94;285;7;16.9;-65.5;16.9;-65.5
4229;AL072022;15;29.5;56;88;285;6;17.2;-66.2;17.1;-66.1
4230;AL072022;17;29.6;55;71;305;8;17.8;-66.9;17.8;-66.9
4231;AL072022;14;29.5;54;71;300;9;18.1;-67.8;18.1;-67.8
4232;AL072022;13;29.5;58;75;300;7;18.2;-68.4;18.2;-68.4
4233;AL072022;16;29.4;59;72;310;7;18.8;-68.9;18.7;-68.9
4234;AL072022;12;29.4;60;70;315;9;19.5;-69.5;19.6;-69.5
4235;AL072022;11;29.6;58;66;325;9;20.2;-70.1;20.3;-70.1
4236;AL072022;17;29.6;59;59;325;9;20.8;-70.7;20.8;-70.7
4237;AL072022;22;29.5;57;62;330;9;21.5;-71.2;21.6;-71.2
4238;AL072022;19;29.4;58;70;330;8;22.3;-71.7;22.3;-71.7
4239;AL072022;10;29.4;60;85;345;7;22.9;-71.8;22.9;-71.8
4240;AL072022;15;29.5;60;87;355;6;23.5;-71.8;23.5;-71.8
4241;AL072022;15;29.5;61;68;10;7;24.2;-71.7;24.2;-71.7
4242;AL072022;13;29.6;62;52;10;8;25.1;-71.6;25.1;-71.6
4243;AL072022;17;29.5;63;36;10;9;26;-71.4;26;-71.4
4244;AL072022;17;29.5;60;29;15;9;26.9;-71.1;26.8;-71
4245;AL072022;14;29.5;58;30;20;11;28;-70.6;28;-70.6
4246;AL072022;12;29.4;56;28;20;16;29.5;-70;29.6;-69.9
4247;AL072022;7;28.8;54;19;30;16;30.9;-69;30.9;-69
4248;AL072022;10;28.2;57;16;30;19;32.5;-67.5;32.5;-67.8
4249;AL072022;15;27.2;59;10;45;25;34.3;-65;34.3;-65
4250;AL072022;23;27.1;59;16;40;35;37.8;-61.7;37.5;-61.6
4251;AL072022;48;22.2;60;0;20;45;42.3;-60.7;42.3;-60.7
4252;AL072022;51;17.5;52;0;0;35;45;-61.2;45.1;-61.1
4253;AL072022;45;15.2;48;0;0;22;46.8;-61.2;47.2;-61.6
4254;AL082022;19;27.1;53;3;20;15;34;-45;34.1;-44.8
4255;AL082022;23;26.2;50;0;20;16;35.5;-44.1;35.6;-44.1
4256;AL082022;25;25.7;50;0;25;17;36.9;-43.1;37;-43.1
4257;AL082022;27;25.5;47;0;35;14;37.9;-42;37.9;-42
4258;AL082022;27;24.9;44;0;45;12;38.6;-40.7;38.7;-40.8
4259;AL082022;29;24.5;40;0;60;15;39.4;-38.6;39.3;-38.8
4260;AL082022;28;24.1;38;0;60;16;40.1;-36.5;40.1;-36.3
4261;AL082022;28;24.2;37;0;65;18;40.7;-34.8;40.8;-34.4
4262;AL082022;28;23.4;34;0;70;15;41;-33.1;41.1;-32.7
4263;AL082022;29;23.7;33;0;75;13;41.1;-31.5;41;-31.2
4264;AL082022;23;23.4;31;0;85;12;40.9;-30.1;40.8;-29.9
4265;AL082022;22;23.6;32;0;120;6;40.5;-29.2;40.5;-29.2
4266;AL082022;25;23.9;31;0;145;8;39.8;-28.8;39.8;-28.6
4267;AL082022;25;23.9;34;0;160;6;39.1;-29.2;39.1;-29.1
4268;AL082022;23;24;37;0;220;7;38.2;-30.4;38.2;-30.3
4269;AL082022;24;24.4;39;0;260;7;38;-31.4;38.1;-31.2
4270;AL082022;21;24.5;43;0;265;8;38.4;-32.7;38.5;-32.8
4271;AL082022;14;24.4;43;0;295;11;38.9;-34.1;38.9;-34
4272;AL082022;29;24;45;0;270;12;39.4;-35.7;39.3;-35.8
4273;AL082022;35;24;47;0;285;11;39.2;-37;39.2;-37
4274;AL092022;29;29.5;71;50;300;11;13.7;-68.1;13.7;-68.1
4275;AL092022;25;29.8;69;74;300;12;14.2;-69.3;14.1;-69.4
4276;AL092022;22;29.8;68;92;290;13;14.6;-70.6;14.6;-70.7
4277;AL092022;12;29.7;66;80;290;10;14.7;-71.7;14.8;-71.5
4278;AL092022;9;29.7;67;78;275;11;14.7;-72.9;14.7;-72.8
4279;AL092022;12;30.3;67;94;260;13;14.5;-74.4;14.4;-74.5
4280;AL092022;8;30.6;69;70;265;15;14.4;-75.8;14.2;-76.2
4281;AL092022;5;30.8;71;62;275;11;14.6;-77.2;14.6;-77.2
4282;AL092022;8;30.7;71;60;280;11;14.6;-78.3;14.6;-78.3
4283;AL092022;12;30.1;71;61;285;12;15;-79.4;15;-79.4
4284;AL092022;7;30.2;73;55;300;10;15.8;-80.1;15.7;-80
4285;AL092022;3;30;73;50;315;11;16.8;-80.9;16.9;-80.9
4286;AL092022;2;30.2;72;57;320;12;17.7;-81.7;17.7;-81.7
4287;AL092022;3;29.9;74;61;325;12;18.7;-82.4;18.7;-82.4
4288;AL092022;1;30.3;73;85;330;11;19.7;-83;19.7;-83
4289;AL092022;2;30.4;71;102;330;11;20.8;-83.3;20.8;-83.3
4290;AL092022;8;30.6;69;100;345;11;21.8;-83.6;21.8;-83.6
4291;AL092022;10;30.2;67;82;0;9;22.6;-83.6;22.6;-83.6
4292;AL092022;12;29.7;64;64;10;9;23.5;-83.3;23.5;-83.3
4293;AL092022;18;30.1;59;57;15;9;24.4;-83;24.4;-83
4294;AL092022;22;30.4;55;53;15;9;25.2;-82.9;25.2;-82.9
4295;AL092022;19;30.2;49;78;15;9;26;-82.7;26;-82.7
4296;AL092022;26;30.2;44;92;15;8;26.6;-82.4;26.6;-82.4
4297;AL092022;33;29.6;41;19;25;8;27.2;-81.7;27.3;-81.7
4298;AL092022;36;29;41;36;45;7;27.7;-81.1;27.7;-81.1
4299;AL092022;24;28.5;40;53;40;8;28.4;-80.6;28.5;-80.7
4300;AL092022;26;29;40;68;40;7;28.9;-80.1;28.9;-80.1
4301;AL092022;33;29.1;39;68;30;9;29.6;-79.4;29.7;-79.4
4302;AL092022;38;29.1;40;76;25;8;30.3;-79.1;30.2;-79.1
4303;AL092022;37;28.4;41;39;5;9;31.5;-79;31.5;-79
4304;AL092022;43;25.5;41;0;355;14;33.3;-79.2;33.3;-79.2
4305;AL092022;43;25.8;40;0;350;15;34.4;-79.3;34.7;-79.4
4306;AL092022;41;25.9;42;0;345;10;35.3;-79.7;35.3;-79.7
4307;AL102022;9;27.1;66;4;325;12;18.1;-20.3;18.2;-20.3
4308;AL102022;14;26.9;60;3;330;9;18.7;-20.7;18.9;-20.7
4309;AL102022;16;26.3;56;0;340;8;19.4;-20.9;19.7;-20.8
4310;AL102022;16;25.9;57;0;0;7;20.3;-20.9;20.3;-20.8
4311;AL102022;18;25.5;54;0;5;9;21.4;-20.7;21.4;-20.6
4312;AL102022;26;25.2;50;0;10;9;22.4;-20.5;22.5;-20.4
4313;AL102022;33;25;49;0;10;10;23.1;-20.3;23.3;-20.3
4314;AL112022;6;27.4;43;10;10;6;15.7;-34.3;15.7;-34.2
4315;AL112022;10;27.3;42;12;350;7;16.2;-34.7;16.5;-34.4
4316;AL112022;10;27.3;46;16;335;7;16.7;-35.2;16.7;-35.2
4317;AL112022;11;27.2;46;14;315;9;17.5;-36;17.5;-36
4318;AL112022;19;27.1;44;11;320;12;18.3;-36.9;18.7;-37
4319;AL122022;13;28;60;11;315;10;14.2;-30.2;14.6;-30.3
4320;AL122022;17;28;62;13;320;7;14.6;-30.5;15;-30.5
4321;AL122022;22;27.9;64;14;325;7;15;-30.9;15.5;-30.9
4322;AL122022;21;27.8;67;12;305;6;15.3;-31.5;15.4;-31.6
4323;AL122022;25;27.7;65;11;305;6;16;-31.9;16;-32
4324;AL122022;31;27.6;64;16;330;8;17;-32.1;17.3;-32.1
4325;AL122022;34;27.4;62;14;330;8;17.7;-32.8;17.7;-32.9
4326;AL122022;33;27.2;61;16;315;9;18.1;-33.9;18.1;-33.9
4327;AL122022;40;27;55;8;295;11;18.7;-35;18.7;-35.1
4328;AL132022;13;29.5;73;29;270;13;11.4;-66.5;11.4;-66.3
4329;AL132022;11;29.7;74;49;270;15;11.6;-67.8;11.5;-68
4330;AL132022;10;29.6;75;49;280;13;11.9;-69.2;11.8;-69.1
4331;AL132022;14;29.5;74;36;280;13;12.1;-70.6;12;-70.5
4332;AL132022;18;29.4;74;31;280;16;12.5;-72.1;12.4;-72.3
4333;AL132022;14;29.5;73;44;285;16;12.8;-73.8;12.9;-73.9
4334;AL132022;12;29.5;75;40;275;15;12.8;-75.5;12.8;-75.3
4335;AL132022;10;29.4;78;31;265;16;12.7;-77.2;12.7;-77.2
4336;AL132022;8;29.4;81;29;270;18;12.7;-78.9;12.7;-79
4337;AL132022;7;29.5;83;34;270;16;12.6;-80.5;12.6;-80.6
4338;AL132022;4;29.4;83;32;270;15;12.5;-82;12.5;-82
4339;AL132022;7;29.4;83;30;265;14;12.4;-83.3;12.4;-83.3
4340;AL132022;13;29.7;85;30;270;13;12.3;-84.7;12.4;-84.7
4341;AL132022;15;29.9;84;28;270;15;12.3;-86.2;12.3;-86.3
4342;AL142022;10;28.3;78;16;330;2;19.6;-94.5;19.4;-94.2
4343;AL142022;8;28.6;74;32;330;5;20.2;-94.8;20.2;-94.8
4344;AL142022;11;28.8;68;37;345;7;20.9;-94.9;20.9;-94.8
4345;AL142022;12;28.7;62;40;350;6;21.5;-94.8;21.5;-94.8
4346;AL142022;16;28.5;56;35;10;6;22;-94.6;22.1;-94.4
4347;AL142022;18;28.6;52;35;30;4;22.4;-94.3;22.4;-94.3
4348;AL142022;21;28.6;52;35;0;0;22.4;-94.3;22.4;-94.3
4349;AL142022;20;28.5;53;30;155;2;21.9;-94;22;-94.1
4350;AL142022;13;28.5;53;25;155;6;21.3;-93.6;21.2;-93.7
4351;AL142022;18;28.4;53;20;145;7;20.9;-93;20.8;-93.1
4352;AL142022;23;28.4;53;16;130;6;20.3;-92.6;20.4;-92.6
4353;AL142022;21;28.6;54;17;155;6;19.8;-92.6;19.7;-92.6
4354;AL142022;20;28.5;53;15;195;4;19.4;-92.6;19.6;-92.8
4355;AL142022;17;28.7;52;18;190;3;19;-92.7;19.2;-92.7
4356;AL142022;16;28.7;54;18;200;4;18.7;-92.9;18.7;-92.9
4357;AL152022;12;29.1;58;55;290;10;15.7;-73.3;15.7;-73.3
4358;AL152022;12;29.1;56;65;275;11;15.7;-74.4;15.7;-74.4
4359;AL152022;16;29.3;57;82;270;10;15.6;-75.5;15.8;-75.5
4360;AL152022;15;29.3;54;94;265;11;15.5;-76.7;15.5;-76.7
4361;AL152022;14;29.3;55;81;265;11;15.5;-77.8;15.4;-77.8
4362;AL152022;9;29.4;57;57;270;10;15.6;-78.8;15.5;-78.8
4363;AL152022;9;29.4;57;47;285;11;15.9;-79.9;15.9;-79.9
4364;AL152022;8;29.5;58;39;280;11;16.2;-81.2;16.1;-81.1
4365;AL152022;8;29.4;58;44;280;13;16.5;-82.5;16.5;-82.5
4366;AL152022;10;29.3;58;51;280;14;16.7;-84.1;16.7;-84.1
4367;AL152022;14;29.2;58;62;280;14;17;-85.5;17;-85.5
4368;AL152022;14;28.8;63;32;275;12;17.1;-86.7;17.1;-86.7
4369;AL152022;15;28.8;64;31;280;12;17.3;-87.7;17.3;-87.7
4370;AL152022;15;28.7;67;26;280;9;17.5;-88.6;17.5;-88.6
4371;AL152022;18;28.7;68;8;280;9;17.7;-89.6;17.7;-89.6
4372;AL152022;21;29.1;67;4;280;9;17.9;-90.6;17.9;-90.5
4373;AL152022;22;28.9;68;17;280;10;18;-91.7;18;-91.7
4374;AL152022;23;28.6;67;19;275;10;18.1;-92.7;18;-92.7
4375;AL152022;23;28.2;66;14;285;9;18.3;-93.6;18.3;-93.6
4376;AL152022;22;27.8;60;12;300;10;18.7;-94.5;18.9;-94.5
4377;AL152022;22;27.7;58;10;305;8;19.2;-95.2;19.2;-95.2
4378;AL152022;25;27.5;54;8;335;4;19.4;-95.4;19.4;-95.4
4379;AL152022;28;27.4;51;6;330;3;19.7;-95.4;19.7;-95.5
4380;AL162022;23;25.7;40;0;85;12;35.3;-56.7;35.3;-56.5
4381;AL162022;23;25.6;40;0;85;12;35.3;-55.4;35.3;-55.2
4382;AL162022;24;25.5;41;0;100;9;35.1;-54.2;35.1;-54.2
4383;AL162022;18;25.2;45;0;95;10;35;-53;35.1;-53
4384;AL162022;20;25.3;52;0;95;11;35.1;-50.9;35;-51.1
4385;AL162022;24;24.6;56;0;60;21;36.1;-48.9;36.1;-48.9
4386;AL162022;31;24.5;61;0;50;28;38;-46.4;38;-46.3
4387;AL162022;29;22.4;58;0;45;32;40.3;-43.6;40.4;-43.5
4388;AL162022;28;20.6;60;0;45;36;43.7;-38.8;43.6;-38.8
4389;AL162022;49;13.6;63;0;25;50;49;-35.3;49;-35
4390;AL172022;17;28;64;29;335;14;25.2;-68.2;25.2;-68.2
4391;AL172022;9;27.9;59;27;330;14;25.9;-69.3;25.9;-69.1
4392;AL172022;7;27.9;55;22;310;11;26.4;-70.3;26.4;-70.2
4393;AL172022;10;27.7;56;18;310;7;26.8;-70.7;26.8;-70.8
4394;AL172022;18;27.6;55;16;315;7;27.5;-71.2;27.4;-71.3
4395;AL172022;19;27.5;55;32;295;7;27.7;-72.1;27.7;-72
4396;AL172022;19;26.5;53;12;265;9;27.6;-73.3;27.6;-73.2
4397;AL172022;25;26.9;48;21;250;9;27.2;-74.3;27.3;-74.3
4398;AL172022;31;27.7;49;37;245;11;26.8;-75.3;26.7;-75.4
4399;AL172022;24;28;49;42;255;9;26.5;-76.2;26.6;-76.1
4400;AL172022;25;27.6;48;40;270;10;26.5;-77.3;26.5;-77.3
4401;AL172022;31;27.2;53;61;285;10;26.7;-78.4;26.7;-78.4
4402;AL172022;29;27.5;56;42;290;12;27.3;-79.8;27.3;-79.9
4403;AL172022;20;25.3;56;0;295;15;28;-81.6;28;-81.6
4404;AL172022;18;24.6;61;0;305;15;29;-82.8;28.9;-82.8
4405;AL172022;24;23.5;59;0;315;13;30.1;-84;30.1;-83.8
4406;AL172022;19;23;56;0;330;14;31.2;-84.6;31.3;-84.5
4407;AL172022;20;22.5;60;0;340;15;33.2;-84.6;33.2;-84.5
4408;AL172022;35;20.6;64;0;5;20;35.4;-83.8;36;-83.4
4409;AL022023;35;26.8;53;6;340;5;28;-86.5;28.1;-86.5
4410;AL022023;44;27.4;46;13;180;3;27.3;-86.4;27.3;-86.5
4411;AL022023;44;27.6;44;16;175;4;27;-86.3;27;-86.4
4412;AL022023;41;27.7;42;16;145;5;26.7;-86;26.7;-86
4413;AL022023;40;28;40;25;155;6;25.9;-85.7;25.8;-85.7
4414;AL022023;41;28.2;38;21;165;9;25;-85.6;24.9;-85.6
4415;AL022023;37;28;38;23;160;6;24.4;-85.3;24.4;-85.3
4416;AL022023;44;28.2;37;36;150;6;23.9;-85;23.9;-85
4417;AL032023;4;27.6;73;16;280;18;10.9;-39.1;10.7;-39.3
4418;AL032023;3;27.1;68;7;280;19;11.1;-40.9;11.2;-41.4
4419;AL032023;6;27.4;65;15;275;17;11.3;-42.7;11.3;-42.7
4420;AL032023;7;27.6;64;31;280;15;11.5;-44.5;11.5;-44
4421;AL032023;6;27.7;60;14;275;18;11.7;-46.3;11.7;-46.3
4422;AL032023;7;27.4;56;14;280;17;12;-48;12.1;-47.9
4423;AL032023;7;27.8;53;45;285;16;12.4;-49.4;12.4;-49.5
4424;AL032023;9;28.2;54;56;280;14;12.7;-50.7;12.7;-50.7
4425;AL032023;4;28.2;52;44;280;12;13;-52;12.9;-51.9
4426;AL032023;4;28.4;54;42;280;13;13.3;-53.3;13.2;-53.3
4427;AL032023;9;28.6;51;48;280;13;13.4;-54.6;13.4;-54.6
4428;AL032023;13;28.4;53;34;280;13;13.5;-55.9;13.6;-55.9
4429;AL032023;13;28.3;50;24;280;12;13.5;-57.3;13.8;-57
4430;AL032023;16;28.4;51;31;265;14;13.4;-58.8;13.4;-58.8
4431;AL032023;23;28.7;53;48;265;16;13.3;-60.3;13.2;-60.3
4432;AL032023;27;28.9;55;52;270;16;13.3;-62;13.4;-62
4433;AL032023;25;28.7;55;32;270;17;13.2;-63.8;13.3;-63.8
4434;AL032023;22;28.8;53;34;265;18;13.1;-65.6;13.1;-65.7
4435;AL032023;24;28.4;56;29;265;17;13;-67.4;13;-67.3
4436;AL032023;34;28.3;57;28;270;16;13;-69.2;13;-69
4437;AL032023;36;27.7;57;29;270;18;13;-70.9;13.1;-71
4438;AL042023;7;27.5;62;14;280;9;10.7;-41.1;10.7;-40.5
4439;AL042023;4;27.4;57;14;285;11;11;-42.3;11.1;-42.3
4440;AL042023;4;27.6;54;20;285;12;11.3;-43.5;11.3;-43.4
4441;AL042023;2;27.7;55;24;285;12;11.5;-44.8;11.5;-44.6
4442;AL042023;1;27.8;54;14;285;13;11.8;-46.1;11.8;-46.3
4443;AL042023;5;27.3;52;13;285;14;12.2;-47.5;12.2;-47.5
4444;AL042023;4;27.2;52;26;295;14;12.8;-48.8;12.9;-48.7
4445;AL042023;6;27.5;53;33;295;13;13.6;-50;13.5;-49.8
4446;AL042023;9;27.7;58;28;300;12;14.6;-51.2;14.1;-50.6
4447;AL042023;12;28.2;55;27;310;16;15.7;-52.5;15.6;-52.4
4448;AL042023;12;28.4;56;25;315;20;16.8;-53.9;17.2;-54
4449;AL042023;15;28.3;58;27;315;17;18.2;-55.2;18.1;-55.1
4450;AL042023;29;28.3;60;30;315;18;19.4;-56.4;19.7;-56.6
4451;AL042023;29;28.4;59;34;315;16;20.5;-57.6;20.4;-57.5
4452;AL042023;30;28.4;61;33;315;15;21.6;-58.8;21.5;-58.6
4453;AL042023;33;28.6;62;41;315;14;22.5;-59.9;22.3;-59.6
4454;AL052023;26;25.8;46;0;0;5;32.9;-46.8;32.7;-46.7
4455;AL052023;22;25.5;41;0;340;6;33.4;-47;33.4;-47.1
4456;AL052023;19;25.5;43;0;315;7;33.8;-47.2;33.7;-47.9
4457;AL052023;21;24.9;41;0;350;5;34.3;-47.2;34.3;-47.1
4458;AL052023;16;24.7;40;0;350;8;35.3;-47.7;35.3;-47.7
4459;AL052023;12;24.6;38;0;340;9;36.2;-48.4;36.3;-48.6
4460;AL052023;10;24.7;36;0;340;10;37.1;-48.7;36.9;-48.6
4461;AL052023;9;24.4;35;0;345;9;37.8;-48.8;37.9;-48.8
4462;AL052023;9;24.4;36;0;10;6;38.4;-48.7;38.4;-48.7
4463;AL052023;5;23.9;39;0;20;7;38.9;-48.5;38.9;-48.6
4464;AL052023;8;23.1;39;0;35;6;39.4;-47.5;39.3;-47.5
4465;AL052023;6;23.7;40;0;70;7;39.5;-46.4;39.5;-46.4
4466;AL052023;6;24.2;42;0;95;8;39.3;-45;39.4;-45.3
4467;AL052023;7;23.1;44;0;95;10;38.9;-43.6;38.9;-43.6
4468;AL052023;8;23.5;43;0;105;12;38.4;-42.2;38.4;-42.2
4469;AL052023;6;23.9;43;0;115;13;37.8;-40.9;37.8;-40.8
4470;AL052023;8;24.1;43;0;135;12;36.8;-39.9;36.8;-39.9
4471;AL052023;9;24.5;46;0;135;11;36;-39.4;36;-39.4
4472;AL052023;15;24.8;44;0;155;10;35.3;-39.2;35.2;-39.2
4473;AL052023;16;25.1;45;0;170;8;34.6;-39.1;34.4;-39
4474;AL052023;13;25.2;48;0;175;6;34.2;-39.1;34.1;-39.1
4475;AL052023;12;25.1;52;0;225;2;33.9;-39.3;33.9;-39.3
4476;AL052023;12;25.3;50;0;260;4;33.8;-39.9;33.8;-39.9
4477;AL052023;13;25.3;47;0;265;5;33.8;-40.6;33.8;-40.6
4478;AL052023;13;25.1;49;0;280;5;34;-41.3;34;-41.2
4479;AL052023;12;24.5;49;0;290;7;34.3;-42.2;34.3;-42.2
4480;AL052023;22;24.5;46;0;290;9;34.5;-43.3;34.5;-43.3
4481;AL052023;20;24.4;45;0;290;8;34.6;-44.2;34.6;-44.2
4482;AL052023;13;24.1;45;0;290;8;35;-45.1;35.1;-45.1
4483;AL052023;14;24.2;43;0;300;8;35.4;-46;35.4;-46
4484;AL052023;14;24.2;41;0;310;10;36.2;-47;36.2;-47
4485;AL052023;15;24.3;41;0;310;12;36.9;-48.2;36.9;-48.2
4486;AL052023;12;24.8;41;0;310;13;37.7;-49.3;37.8;-49.4
4487;AL052023;10;25.9;41;0;320;11;38.5;-49.9;38.5;-49.9
4488;AL052023;13;25.9;40;0;350;10;39.5;-50.1;39.5;-50.1
4489;AL052023;12;26;40;0;5;11;40.7;-49.9;40.7;-49.9
4490;AL052023;11;22.8;41;0;5;12;42;-49.4;42;-49.5
4491;AL052023;13;21.2;41;0;20;14;43.3;-48.5;43.3;-48.5
4492;AL052023;18;21.4;41;0;30;15;44.7;-47.3;44.7;-47.3
4493;AL052023;21;20.8;41;0;40;17;45.9;-45.7;45.9;-45.7
4494;AL052023;23;19.8;45;0;40;15;46.7;-44.1;46.7;-44.1
4495;AL052023;25;19.9;48;0;60;15;47.3;-41.9;47.3;-41.9
4496;AL062023;29;28.3;42;54;290;12;16.6;-49.9;16.6;-49.9
4497;AL062023;29;28;43;39;300;11;16.9;-51.1;17.1;-50.9
4498;AL062023;33;28.3;47;37;270;13;16.8;-52.3;16.9;-52.5
4499;AL062023;34;28.5;45;35;260;8;16.7;-53.3;16.7;-53.2
4500;AL062023;38;28.6;44;32;270;11;16.6;-54.2;16.5;-54.3
4501;AL062023;39;28.6;47;36;265;9;16.6;-55.1;16.6;-55.3
4502;AL062023;33;28.8;47;44;270;9;16.6;-55.9;16.7;-56
4503;AL062023;26;29;49;52;280;7;16.7;-56.6;16.8;-56.6
4504;AL062023;24;29.2;51;58;285;6;16.9;-57.2;17;-57.2
4505;AL062023;23;29.3;57;59;280;6;17;-57.9;17;-58
4506;AL062023;18;29.3;59;61;270;7;17.1;-58.7;17;-58.5
4507;AL062023;19;29.5;61;72;280;8;17.4;-59.5;17.4;-59.6
4508;AL062023;14;29;58;61;60;4;18.5;-59.2;18.5;-59.2
4509;AL062023;13;29.2;59;61;140;5;17.3;-58.5;17.1;-58.2
4510;AL062023;14;29.4;54;62;180;4;16.9;-58.6;16.9;-58.6
4511;AL062023;21;29.8;61;60;240;3;16;-59.5;16;-59.7
4512;AL062023;16;29.8;66;61;290;2;16.1;-59.7;16.1;-59.7
4513;AL062023;26;29.3;65;29;20;7;26.2;-59;26.3;-58.8
4514;AL062023;24;29.2;63;27;20;8;27;-58.7;27;-58.8
4515;AL062023;23;29.4;60;32;5;7;28;-58.3;28.3;-58.6
4516;AL062023;28;29.4;59;32;45;4;28.4;-58.1;28.2;-58.2
4517;AL062023;25;29.4;56;33;85;4;28.5;-57.6;28.4;-57.6
4518;AL062023;29;29.4;56;33;55;6;28.6;-57;28.8;-57.1
4519;AL062023;26;29.3;60;32;55;6;28.8;-56.4;29.3;-56.4
4520;AL062023;28;29.2;63;29;75;6;28.8;-55.7;29;-55.6
4521;AL062023;26;29.4;63;27;90;7;28.4;-55.2;28.7;-54.7
4522;AL062023;29;29.6;62;33;115;4;27.9;-54.8;28;-54.6
4523;AL062023;25;29.6;64;32;0;0;27.7;-54.6;28.1;-55
4524;AL062023;30;29.8;60;37;160;3;27.6;-54.4;27.6;-54.4
4525;AL062023;34;29.5;56;41;90;2;27.7;-54.1;27.6;-54.2
4526;AL062023;32;29.2;59;37;55;6;28.1;-53.8;28.2;-53.9
4527;AL062023;32;29;61;30;30;5;28.6;-53.5;28.6;-53.6
4528;AL062023;32;28.8;61;20;25;8;29.3;-53;29.4;-53.1
4529;AL062023;27;28.6;61;15;30;11;30.4;-52.4;30.5;-52.5
4530;AL062023;25;28.9;60;17;25;15;31.9;-51.6;32;-51.5
4531;AL062023;2;28.1;58;10;15;19;33.9;-50.9;33.9;-50.9
4532;AL062023;15;27.7;54;7;10;22;36.5;-50.7;36.5;-50.7
4533;AL062023;33;26.8;54;12;330;26;39.4;-50.8;39.4;-51.9
4534;AL072023;16;27.4;49;22;310;11;19.4;-38.3;19.4;-38.4
4535;AL072023;23;27.3;48;22;315;8;20;-39;20;-39
4536;AL072023;29;27.3;45;26;305;8;20.3;-39.8;20.3;-39.8
4537;AL072023;35;27.4;43;27;300;8;20.6;-40.6;20.5;-40.6
4538;AL072023;43;27.8;39;21;310;12;23.4;-45.1;23.6;-45.1
4539;AL072023;44;27.6;40;14;315;13;24.4;-46.1;24.4;-46.1
4540;AL072023;42;27.9;44;17;315;14;25.3;-47.2;25.4;-47.2
4541;AL072023;40;28.2;50;17;310;14;26.1;-48.4;26.1;-48.7
4542;AL072023;27;28.5;52;20;310;12;26.9;-49.2;26.8;-49.2
4543;AL072023;18;28.6;52;22;325;7;27.8;-49.6;27.3;-49.3
4544;AL072023;13;28.9;55;20;345;9;28.6;-49.6;28.6;-49.6
4545;AL072023;9;28.8;58;17;0;9;29.3;-49.2;29.5;-49.3
4546;AL072023;1;28.2;56;11;20;9;29.8;-48.9;30.2;-48.4
4547;AL072023;8;28.2;55;11;5;6;30.5;-48.7;30.1;-48.6
4548;AL072023;8;28.2;57;14;10;9;31.4;-48.6;31.6;-48.6
4549;AL072023;5;28.2;61;14;0;9;32.4;-48.6;32.4;-48.6
4550;AL082023;16;29.5;62;56;285;15;14.5;-66.6;14.4;-66.6
4551;AL082023;18;29.5;64;66;285;13;14.8;-67.9;14.8;-67.8
4552;AL082023;18;29.5;65;78;285;10;14.8;-68.8;15;-68.7
4553;AL082023;18;29.3;65;97;280;10;14.6;-69.5;15.1;-69.6
4554;AL082023;12;29.1;69;79;255;7;14.1;-70;14.3;-69.9
4555;AL082023;11;29.1;71;79;250;0;14;-70.4;14.3;-70.1
4556;AL082023;17;29.1;69;87;250;3;14.1;-70.9;14.6;-70.3
4557;AL082023;19;29;69;91;315;6;14.8;-71.1;15.2;-71.1
4558;AL082023;12;29.1;72;82;305;6;15.6;-71.3;15.4;-71.4
4559;AL082023;13;29.2;70;74;325;6;16.5;-71.4;16;-71.4
4560;AL082023;16;29.4;70;63;0;8;17.3;-71.4;16.8;-71.4
4561;AL082023;12;30;67;54;5;11;18.3;-71.1;18.3;-71.1
4562;AL082023;13;29.7;65;58;15;12;19.4;-70.8;19.4;-70.7
4563;AL082023;14;29.3;62;63;15;12;20.6;-70.6;20.7;-70.5
4564;AL082023;21;29.4;57;75;10;11;21.6;-70.5;21.6;-70.4
4565;AL082023;20;29.6;58;87;15;9;22;-70;22.1;-70
4566;AL082023;16;29.6;59;86;60;7;22.2;-69.3;22.3;-69.3
4567;AL082023;20;29.4;62;77;70;7;22.4;-68.5;22.5;-68.6
4568;AL082023;27;29.4;62;73;75;5;22.2;-68.1;22.6;-68.2
4569;AL082023;23;29.4;62;70;110;4;21.9;-67.9;22;-68
4570;AL082023;17;29.4;64;68;120;5;21.8;-67.3;21.8;-67.4
4571;AL082023;24;29.5;60;66;55;7;22.2;-66.5;22.3;-66.6
4572;AL082023;20;29.6;58;62;60;6;22.6;-66;22.6;-66
4573;AL082023;13;29.6;61;69;0;6;23.2;-66.5;23.2;-66.5
4574;AL082023;12;29.6;61;69;330;7;23.5;-67.3;23.5;-67.3
4575;AL082023;11;29.6;61;60;310;7;23.9;-67.9;23.9;-67.9
4576;AL082023;3;29.5;58;49;310;7;24.4;-68.5;24.4;-68.3
4577;AL082023;8;29.6;59;41;315;7;24.9;-69.1;24.8;-69
4578;AL082023;6;29.7;59;44;320;9;25.5;-69.7;25.7;-69.7
4579;AL082023;3;30;56;53;320;7;26;-70.3;26;-70.3
4580;AL082023;11;30.2;56;55;330;7;26.7;-70.6;26.8;-70.6
4581;AL082023;10;30.1;59;47;340;8;27.5;-70.9;27.5;-70.9
4582;AL082023;4;29.9;59;47;340;8;28.2;-71.1;28.2;-71.1
4583;AL082023;8;29.8;58;48;0;9;28.9;-71.1;29;-71.1
4584;AL082023;10;29.4;58;36;5;8;29.7;-71;29.8;-71
4585;AL082023;6;29;59;26;15;7;30.3;-70.7;30.4;-70.7
4586;AL082023;8;29.1;56;23;30;8;31.1;-70.2;31.1;-70.2
4587;AL082023;11;29;58;22;35;8;31.8;-69.5;31.9;-69.4
4588;AL082023;12;28.4;58;16;40;10;32.6;-68.7;32.6;-68.7
4589;AL082023;12;28;58;13;50;11;33.2;-67.8;33.3;-67.7
4590;AL082023;17;27.9;61;12;55;11;33.9;-66.7;33.9;-66.6
4591;AL082023;24;28;62;14;60;12;34.4;-65.2;34.4;-65.2
4592;AL082023;28;27.6;62;11;65;11;34.7;-63.9;34.7;-63.9
4593;AL082023;31;27.7;62;11;70;12;35.1;-62.6;35;-62.5
4594;AL082023;31;27.9;60;13;70;12;35.6;-61.1;35.5;-61
4595;AL082023;24;27.6;60;16;65;13;36.4;-59.7;36.4;-59.5
4596;AL082023;18;27.4;57;11;55;15;37.4;-58.2;37.4;-57.9
4597;AL082023;25;27.2;57;10;50;15;38.2;-56.6;38.2;-56.6
4598;AL082023;29;27.2;52;13;55;15;38.8;-54.6;39;-54.9
4599;AL092023;9;31.3;63;55;275;16;25;-90.8;25;-91
4600;AL092023;9;31.3;64;69;280;16;25.4;-92.4;25.4;-92.4
4601;AL092023;6;31.2;61;68;285;16;25.8;-94.3;25.8;-94.3
4602;AL092023;7;30.6;60;44;300;18;26.8;-96.4;26.7;-96
4603;AL092023;21;31.1;62;6;285;19;27.3;-98.3;27.2;-98.4
4604;AL102023;4;28.4;64;29;240;2;21.1;-86.4;21.2;-86.3
4605;AL102023;6;28.8;65;29;220;4;20.5;-86.8;20.5;-86.8
4606;AL102023;11;29.2;67;34;140;4;19.9;-86.3;19.8;-86.3
4607;AL102023;7;29.4;67;43;10;2;19.9;-85.8;20;-85.7
4608;AL102023;6;29.7;68;49;90;4;19.8;-85.4;19.8;-85.4
4609;AL102023;15;29.8;63;53;90;3;19.9;-85.2;19.8;-85.2
4610;AL102023;16;29.6;64;90;0;7;20.6;-85.2;20.6;-85.2
4611;AL102023;12;29.5;67;86;0;7;21.2;-85.2;21.2;-85.2
4612;AL102023;15;29.9;66;96;5;8;21.8;-85.1;21.8;-85.1
4613;AL102023;18;30.5;63;121;5;7;22.6;-85;22.6;-85
4614;AL102023;11;30.7;67;145;10;12;23.8;-84.8;23.8;-84.8
4615;AL102023;7;31;71;49;0;14;25.3;-84.8;25.3;-84.8
4616;AL102023;8;30.8;72;59;10;16;26.9;-84.7;26.9;-84.7
4617;AL102023;17;31.2;68;50;10;14;28.3;-84.5;28.3;-84.5
4618;AL102023;18;31.3;67;50;10;16;30;-83.5;30;-83.6
4619;AL102023;26;30.5;63;6;30;18;31.5;-82.5;31.5;-82.5
4620;AL102023;30;30.5;57;30;45;18;32.7;-80.9;32.7;-80.9
4621;AL102023;29;29.4;52;27;60;19;33.5;-78.9;33.6;-78.8
4622;AL102023;25;29.2;53;21;85;17;33.7;-77;33.7;-77
4623;AL102023;21;29.5;53;69;90;18;33.6;-74.6;33.6;-74.4
4624;AL102023;17;28.7;53;25;95;20;33.4;-72.3;33.4;-72.3
4625;AL102023;13;28.1;50;14;110;16;32.7;-70.5;32.8;-70.5
4626;AL102023;5;26.2;51;0;110;17;32.3;-68.8;32.1;-68.5
4627;AL102023;6;27.4;46;9;105;15;32.1;-67.1;32.1;-67
4628;AL102023;6;28.6;46;21;100;14;31.9;-65.7;31.9;-65.6
4629;AL102023;11;28.9;44;23;100;10;31.8;-64.7;31.7;-64.8
4630;AL102023;14;28.7;42;23;100;8;31.8;-63.9;31.6;-63.8
4631;AL102023;20;28.7;41;22;80;6;31.8;-63.1;31.9;-63.2
4632;AL112023;7;29.1;65;26;0;0;27.9;-51.5;28;-51.6
4633;AL112023;11;29.1;61;26;345;2;28;-51.8;28;-51.7
4634;AL112023;10;29.1;59;26;285;2;28;-52.1;28.1;-52.3
4635;AL112023;3;29.1;58;25;90;2;28.1;-52.1;28.1;-52.1
4636;AL112023;3;28.9;54;24;300;2;28.1;-52.1;28.2;-52.1
4637;AL112023;5;28.9;50;24;0;2;28.2;-52.1;28.3;-52.3
4638;AL112023;5;29;46;25;290;1;28.3;-52.1;28.2;-52.4
4639;AL112023;4;28.9;46;22;350;3;28.6;-52.1;28.6;-52.2
4640;AL112023;9;28.8;46;20;0;5;29.3;-52.1;29.3;-52.1
4641;AL112023;20;28.7;43;17;0;9;30.4;-52.3;30.3;-52.2
4642;AL112023;24;28.8;45;15;355;11;31.6;-52.5;32;-52.5
4643;AL112023;25;28.8;49;15;0;12;32.9;-52.4;32.8;-52.2
4644;AL112023;29;27.7;52;8;15;20;34.9;-51.4;34.9;-51.4
4645;AL112023;18;28;53;14;20;25;37.4;-49.8;37.4;-49.9
4646;AL122023;7;27.8;69;21;340;7;19.3;-28.1;19.1;-28.2
4647;AL122023;10;27.4;64;16;345;10;20.2;-28.3;20.3;-28.5
4648;AL122023;13;27.4;60;16;345;9;21.1;-28.5;21;-28.6
4649;AL122023;12;27;59;9;340;10;22.3;-28.8;22.2;-29.1
4650;AL122023;14;26.7;54;5;345;11;23.5;-29.4;23.5;-29.4
4651;AL122023;12;26.5;50;2;340;11;24.5;-30.1;24.5;-30
4652;AL122023;17;26.7;47;2;340;14;25.3;-30.9;26.2;-30.7
4653;AL122023;19;26.9;45;3;320;10;26;-31.5;25.8;-31.6
4654;AL122023;21;26.8;44;2;320;9;26.5;-32;26.5;-32
4655;AL122023;21;26.8;42;2;315;8;26.9;-32.7;26.9;-32.7
4656;AL122023;21;26.8;39;2;290;5;27.1;-33.3;27;-33.2
4657;AL122023;15;26.9;38;3;300;5;27.4;-33.6;27.4;-33.6
4658;AL122023;11;27;36;3;315;5;27.7;-34;27.9;-33.9
4659;AL122023;12;27;30;3;315;4;27.9;-34.4;27.9;-34.3
4660;AL132023;11;29.3;62;27;285;16;12.2;-39.6;12.2;-39.6
4661;AL132023;10;29.5;59;37;285;16;12.9;-41.1;12.9;-41.1
4662;AL132023;11;29.1;61;34;290;15;13.2;-42.5;13.3;-42.4
4663;AL132023;13;28.9;61;36;285;14;13.5;-43.9;13.5;-44
4664;AL132023;14;29.2;62;58;285;13;14;-45;13.9;-45.1
4665;AL132023;12;29.2;61;65;295;12;14.6;-46.1;14.6;-46
4666;AL132023;9;29.2;62;47;300;12;15.1;-47.1;15.2;-47.1
4667;AL132023;4;29.3;60;46;300;12;15.6;-48.2;15.8;-48.1
4668;AL132023;5;29.5;58;57;295;12;16.1;-49.4;16.1;-49.4
4669;AL132023;2;29.6;58;60;295;13;16.6;-50.7;16.6;-50.7
4670;AL132023;2;29.6;58;60;290;12;17;-51.8;17;-51.8
4671;AL132023;13;29.7;58;52;295;12;17.5;-53;17.5;-53
4672;AL132023;12;29.6;56;50;290;12;17.9;-54.1;17.9;-54.1
4673;AL132023;12;29.7;55;59;300;11;18.5;-55.1;18.6;-55
4674;AL132023;17;29.7;58;64;300;11;19;-56;19;-56
4675;AL132023;19;29.8;57;64;295;10;19.5;-57;19.4;-57
4676;AL132023;13;29.6;56;59;300;10;20;-57.9;20;-57.8
4677;AL132023;12;29.9;55;64;300;10;20.4;-58.8;20.5;-58.8
4678;AL132023;8;30;55;70;300;9;20.8;-59.5;20.8;-59.5
4679;AL132023;11;29.9;53;75;300;8;21.2;-60.2;21.2;-60.2
4680;AL132023;9;29.9;54;84;300;7;21.5;-60.8;21.5;-60.8
4681;AL132023;11;29.9;53;81;300;7;21.9;-61.4;21.9;-61.4
4682;AL132023;8;30;53;81;305;6;22.3;-61.9;22.3;-61.9
4683;AL132023;9;29.9;53;75;310;6;22.8;-62.5;22.8;-62.3
4684;AL132023;12;29.7;52;72;310;8;23.2;-63.2;23.3;-63.2
4685;AL132023;9;29.7;52;66;295;7;23.5;-63.9;23.5;-63.9
4686;AL132023;5;29.7;55;60;295;6;23.7;-64.5;23.8;-64.5
4687;AL132023;11;29.7;53;57;290;6;23.9;-65.1;23.9;-65.1
4688;AL132023;10;29.5;54;55;290;6;24.1;-65.7;24.1;-65.7
4689;AL132023;13;29.3;56;54;295;6;24.5;-66.2;24.5;-66.2
4690;AL132023;8;29.2;56;49;320;6;24.9;-66.6;25;-66.5
4691;AL132023;13;29.2;58;46;320;5;25.3;-66.9;25.3;-66.9
4692;AL132023;8;28.8;62;38;340;6;26;-67.2;26;-67.1
4693;AL132023;11;28.8;61;35;340;9;26.8;-67.6;26.9;-67.5
4694;AL132023;9;28.8;64;32;340;7;27.6;-67.8;27.6;-67.7
4695;AL132023;16;28.3;61;24;345;8;28.5;-68;28.5;-68
4696;AL132023;16;27.8;62;20;350;12;29.8;-68.2;29.8;-68.2
4697;AL132023;18;27.1;61;6;350;13;31.1;-68.3;31.1;-68.4
4698;AL132023;16;26.8;61;4;0;12;32.1;-67.8;32.1;-68
4699;AL132023;23;27;54;6;10;13;33.6;-67.6;33.6;-67.7
4700;AL132023;29;26.9;51;5;15;16;35.1;-67.1;35.1;-67
4701;AL132023;43;27.5;44;20;10;17;37.1;-66.7;37;-66.8
4702;AL132023;40;26.8;43;6;15;17;38.7;-65.9;38.4;-66
4703;AL132023;37;20.5;44;0;5;25;40.9;-66;40.9;-65.8
4704;AL132023;42;15.7;46;0;355;14;43.8;-66.4;43.8;-66.4
4705;AL132023;37;14.8;43;0;0;11;44.7;-66.2;44.7;-66.3
4706;AL132023;34;18.3;45;0;20;13;45.9;-64.8;45.9;-64.8
4707;AL132023;32;17.1;48;0;45;19;47.3;-63;47.3;-63
4708;AL142023;4;28.7;59;16;305;15;15.5;-26;15.4;-25.7
4709;AL142023;10;28.7;53;20;305;17;16;-27.3;16.5;-27.6
4710;AL142023;7;28.7;49;16;295;14;16.5;-28.6;16.6;-28.6
4711;AL142023;12;28.4;52;14;290;14;17.1;-30.1;17.1;-30.1
4712;AL142023;17;28.7;53;28;290;16;17.8;-31.8;17.7;-31.8
4713;AL142023;16;28.4;53;32;290;17;18.5;-33.6;18.5;-33.6
4714;AL142023;20;28.2;55;24;295;17;19.1;-35.1;19.1;-35.1
4715;AL142023;25;28.2;57;29;295;16;19.7;-36.4;19.7;-36.4
4716;AL142023;29;28.3;57;31;295;13;20.2;-37.5;20.2;-37.6
4717;AL142023;20;28.3;58;32;300;11;20.7;-38.3;20.7;-38.4
4718;AL142023;21;28.2;59;34;315;8;21.2;-38.9;21.3;-39
4719;AL142023;22;28.2;61;33;310;8;21.8;-39.4;21.8;-39.5
4720;AL142023;22;28.1;60;28;325;8;22.5;-39.8;22.6;-39.9
4721;AL142023;19;28.3;59;34;335;8;23.3;-40;23.5;-40.1
4722;AL142023;20;28.2;57;22;0;8;24;-40;24.3;-39.9
4723;AL142023;19;28.1;55;17;0;8;24.7;-40;24.9;-40
4724;AL142023;20;27.8;56;12;0;7;25.5;-40;25.7;-40
4725;AL142023;19;27.9;55;13;5;7;26.4;-39.9;26.5;-39.8
4726;AL142023;18;27.9;55;14;10;10;27.5;-39.6;27.5;-39.7
4727;AL142023;21;27.9;57;12;5;11;28.6;-39.4;28.7;-39.5
4728;AL142023;15;27.8;57;15;5;10;29.8;-39.3;29.6;-39.4
4729;AL142023;11;28;53;17;0;12;31;-39.4;31.1;-39.5
4730;AL142023;5;28;53;12;355;12;32.1;-39.6;32.3;-39.6
4731;AL142023;7;28.1;52;10;350;10;33;-39.9;33.1;-39.9
4732;AL142023;9;27.7;50;7;345;9;33.7;-40.3;33.8;-40.3
4733;AL142023;9;27.5;47;6;340;7;34.4;-40.6;34.4;-40.6
4734;AL142023;4;27.2;49;5;350;6;35.1;-40.7;34.9;-40.6
4735;AL142023;11;26.9;54;3;15;5;35.8;-40.5;35.6;-40.5
4736;AL142023;16;26.6;53;1;15;7;36.3;-40.1;36.3;-40.1
4737;AL142023;19;26.6;53;1;30;6;36.6;-39.6;36.7;-39.5
4738;AL142023;15;26.5;51;1;50;5;36.7;-39.1;36.9;-39
4739;AL142023;13;26.5;49;1;115;3;36.7;-38.6;36.8;-38.7
4740;AL142023;14;26.3;45;0;135;5;36.5;-38.1;36.4;-38.2
4741;AL142023;22;26.3;41;0;135;4;36.1;-37.8;36.1;-37.8
4742;AL142023;26;26.4;38;1;180;4;35.7;-37.8;35.7;-37.8
4743;AL142023;18;26.6;37;1;170;4;35.2;-38;35.3;-38
4744;AL142023;23;26.7;35;2;215;7;34.7;-38.5;34.7;-38.5
4745;AL142023;26;26.5;33;1;260;6;34.3;-39.2;34.3;-39.2
4746;AL142023;19;25.8;30;0;245;7;34;-40.1;34;-40.1
4747;AL142023;15;25.5;29;0;250;7;34;-41.1;33.9;-41
4748;AL142023;17;25.8;28;0;285;8;34.3;-42;34.3;-42
4749;AL152023;15;29.2;70;38;295;13;14.3;-43.2;14;-43.5
4750;AL152023;18;29;74;42;310;11;15.2;-44;14.9;-43.7
4751;AL152023;11;28.8;74;42;320;10;16.1;-44.8;15.8;-44.3
4752;AL152023;9;28.9;69;40;329;12;17.4;-45.4;17.2;-45
4753;AL152023;6;28.9;65;49;340;16;18.7;-46;19.1;-45.8
4754;AL152023;3;29;62;55;330;16;20.1;-46.7;20.3;-46.7
4755;AL152023;4;29.1;60;50;325;15;21.4;-47.6;21.5;-47.6
4756;AL152023;3;29.2;57;32;325;14;22.5;-48.3;22.5;-48.3
4757;AL152023;1;29.1;56;30;330;12;23.5;-48.8;23.5;-48.8
4758;AL152023;5;28.9;57;29;330;12;24.5;-49.4;24.7;-49.2
4759;AL152023;7;29;59;30;335;11;25.3;-50;25.4;-49.9
4760;AL152023;2;29.1;59;34;325;10;26;-50.6;26.1;-50.4
4761;AL152023;6;29;58;27;325;10;26.8;-51.1;26.9;-51.1
4762;AL152023;5;28.5;56;21;320;10;27.5;-51.7;27.6;-51.8
4763;AL152023;9;28.1;56;16;320;9;28.2;-52.4;28.2;-52.4
4764;AL152023;10;27.8;54;11;320;10;29;-53.2;29.1;-53.3
4765;AL152023;4;28.1;52;14;325;10;29.9;-54;29.9;-53.9
4766;AL152023;8;28.3;51;14;330;12;31.1;-54.7;31.1;-54.7
4767;AL152023;10;27.9;51;9;355;13;32.4;-55;32.5;-54.8
4768;AL152023;12;28;50;12;350;13;33.7;-55.2;33.7;-55.2
4769;AL152023;15;27.5;51;11;0;15;35.2;-54.7;35.4;-54.6
4770;AL152023;16;27.3;47;11;30;16;36.7;-53.6;36.7;-53.8
4771;AL152023;15;27.2;42;12;45;20;38.3;-51.6;38.2;-51.7
4772;AL152023;21;25.2;39;0;45;24;40;-49.2;40;-49.2
4773;AL152023;27;25.3;36;0;50;26;41.3;-46.3;41.3;-46.3
4774;AL152023;31;24.8;35;0;55;29;42.8;-42.8;42.8;-42.8
4775;AL152023;36;21.9;38;0;60;30;44.3;-38.7;44.2;-38.6
4776;AL152023;42;20.5;42;0;60;33;45.4;-34.3;45.4;-34.3
4777;AL162023;28;29.1;64;54;0;7;29;-75.6;29;-75.9
4778;AL162023;35;28.7;65;34;25;6;29.5;-75.3;29.5;-75.3
4779;AL162023;37;28.4;64;26;30;6;30.3;-75.1;29.9;-75
4780;AL162023;33;28.5;61;33;350;10;31.6;-75.5;31.5;-75.6
4781;AL162023;33;29;58;36;345;11;32.7;-76.1;32.7;-76
4782;AL162023;39;28.9;56;29;330;10;33.3;-76.6;33.3;-76.6
4783;AL162023;34;27.6;53;11;330;9;33.8;-77.1;33.8;-77.1
4784;AL162023;29;26.2;53;1;0;12;35.1;-77.1;35.1;-77
4785;AL162023;30;27.3;50;2;0;11;36.3;-77.5;36.3;-77.3
4786;AL162023;40;26.8;49;1;350;7;36.8;-77.6;36.8;-77.6
4787;AL172023;5;28.9;57;47;270;13;15.6;-38;15.6;-38.1
4788;AL172023;4;28.5;56;35;270;12;15.7;-39.1;15.6;-39.1
4789;AL172023;3;28.6;59;34;265;12;15.8;-39.8;15.3;-40.3
4790;AL172023;4;28.8;59;40;270;8;16;-40.5;15.5;-40.8
4791;AL172023;8;29;57;45;285;7;16.3;-41.3;16;-41.2
4792;AL172023;12;29.1;57;51;290;8;16.6;-42;16.6;-42
4793;AL172023;13;28.9;58;50;290;8;16.9;-42.9;16.9;-42.7
4794;AL172023;14;28.7;60;47;290;8;17.1;-43.8;17.2;-43.5
4795;AL172023;14;28.7;61;38;275;11;17.1;-44.8;17;-44.9
4796;AL172023;17;28.8;62;32;270;13;17.1;-46.2;17.1;-46.4
4797;AL172023;17;28.9;62;42;280;12;17.4;-47.3;17.4;-47.3
4798;AL172023;20;29.1;63;71;285;11;17.5;-48.5;17.6;-48.5
4799;AL172023;15;29.1;60;54;275;12;17.4;-49.7;17.3;-49.8
4800;AL172023;16;29.2;61;42;270;11;17.1;-50.8;17;-50.8
4801;AL172023;20;29.2;67;40;270;10;17.2;-51.6;17.2;-51.5
4802;AL172023;20;29.4;62;44;280;10;17.4;-52.3;17.5;-52.4
4803;AL172023;16;29.3;62;50;275;7;17.5;-53;17.2;-53
4804;AL172023;12;29.4;64;57;275;6;17.8;-53.7;17.5;-53.7
4805;AL172023;10;29.3;64;64;305;7;18.1;-54.3;18;-54.2
4806;AL172023;10;29.1;60;67;320;7;18.5;-54.5;18.7;-54.4
4807;AL172023;7;29.2;58;66;290;2;18.7;-54.7;18.5;-54.5
4808;AL172023;7;29.1;56;62;290;2;18.6;-54.8;18.9;-55
4809;AL172023;4;29.2;57;65;230;2;18.5;-54.9;18.4;-54.8
4810;AL172023;8;29.2;54;63;235;2;18.4;-55;18.5;-55.1
4811;AL172023;9;29.5;52;62;245;2;18.2;-55.3;18.4;-55.3
4812;AL172023;7;29.7;53;61;240;4;18;-55.6;18.1;-55.8
4813;AL172023;10;29.8;57;60;215;3;17.6;-55.7;17.7;-55.8
4814;AL172023;10;29.8;57;58;190;5;17.2;-55.8;17.2;-55.8
4815;AL172023;14;29.7;57;54;210;4;16.8;-56;17;-56.1
4816;AL172023;15;29.8;54;54;215;5;16.4;-56.3;16.4;-56.4
4817;AL172023;20;29.9;59;54;225;4;16.1;-56.7;16.2;-56.8
4818;AL172023;27;29.9;59;57;275;6;16;-57.5;16.3;-57.5
4819;AL172023;27;29.7;59;63;255;7;16;-58.4;15.9;-58.4
4820;AL172023;30;29.6;61;67;290;6;16.2;-58.8;16.3;-58.8
4821;AL172023;29;29.6;63;67;315;4;16.5;-59;16.5;-58.9
4822;AL172023;26;29.8;64;80;305;5;16.8;-59.7;16.9;-59.6
4823;AL172023;23;30.2;61;93;290;6;16.9;-60.5;17;-60.5
4824;AL172023;21;30.2;61;92;305;6;17.3;-61.2;17.3;-61.1
4825;AL172023;21;29.9;61;77;300;7;17.6;-61.9;17.6;-62
4826;AL172023;26;29.7;63;70;305;7;18.1;-62.7;18.1;-62.5
4827;AL172023;25;29.9;61;75;300;10;18.6;-63.6;18.6;-63.6
4828;AL172023;22;29.8;64;75;305;11;19.1;-64.5;19.3;-64.6
4829;AL172023;23;29.8;69;67;310;10;19.5;-65.2;19.9;-65.2
4830;AL172023;22;29.8;70;65;320;8;20.2;-65.4;20.2;-65.4
4831;AL172023;20;29.4;71;57;335;6;21.2;-65.6;20.8;-65.6
4832;AL172023;21;29.1;78;52;350;10;22.2;-65.8;22.1;-65.8
4833;AL172023;26;29;80;53;350;11;23.1;-66;23.2;-66
4834;AL172023;28;28.7;81;40;5;10;24;-66.2;24.2;-65.9
4835;AL172023;22;28.7;78;45;350;9;25.1;-66.3;24.9;-66.3
4836;AL172023;22;28.4;79;28;0;12;26.4;-66.1;26.3;-66.3
4837;AL172023;28;28;77;14;5;14;27.6;-66;27.4;-66.1
4838;AL172023;35;27.8;76;9;10;13;28.7;-65.5;28.8;-65.5
4839;AL182023;26;28.7;79;35;340;11;16.9;-45.1;17;-44.8
4840;AL182023;23;28.7;75;34;310;12;17.7;-45.8;17.8;-46
4841;AL182023;22;28.7;75;35;325;11;18.2;-46.2;18.3;-46.4
4842;AL182023;26;28.6;72;37;340;5;18.6;-46.4;18.7;-46.4
4843;AL182023;37;28.6;72;36;340;5;19.1;-46.7;19.1;-46.7
4844;AL182023;43;28.7;70;42;320;8;19.8;-47.5;19.8;-47.5
4845;AL182023;44;28.8;69;45;305;10;20.2;-48.4;20.2;-48.4
4846;AL182023;49;29;68;49;300;9;20.5;-49.1;20.6;-49.1
4847;AL182023;45;28.7;66;43;295;8;21;-50;20.9;-49.9
4848;AL182023;48;28.9;61;34;310;12;22.1;-51;22.1;-51
4849;AL182023;44;28.9;60;45;310;13;23;-52.2;23.1;-52.3
4850;AL182023;36;28.9;62;45;310;14;23.8;-53.3;23.8;-53.3
4851;AL182023;29;29;59;37;310;13;24.8;-54.4;24.7;-54.3
4852;AL182023;22;28.8;59;29;320;14;25.8;-55.3;25.8;-55.3
4853;AL182023;19;28.9;61;26;325;11;26.7;-55.6;26.5;-55.5
4854;AL192023;10;29;73;36;275;10;9.8;-31.4;9.6;-31.4
4855;AL192023;10;28.9;73;31;280;11;10.1;-32.6;10.1;-32.6
4856;AL192023;13;28.7;70;21;285;12;10.7;-33.7;10.5;-34
4857;AL192023;19;28.5;67;18;295;12;11.3;-34.7;11.4;-34.9
4858;AL192023;22;28.5;68;21;300;11;11.8;-35.6;11.8;-35.8
4859;AL192023;28;28.4;64;21;310;10;12.3;-36.4;12.3;-36.4
4860;AL192023;26;28.7;63;27;305;8;12.8;-37.1;12.7;-36.8
4861;AL192023;23;28.5;61;25;310;9;13.3;-37.8;13.5;-37.8
4862;AL192023;20;28.5;62;25;300;12;13.7;-39;13.8;-39.1
4863;AL192023;16;28.6;58;27;285;11;14;-40.1;14.1;-40.1
4864;AL192023;15;28.8;56;33;285;10;14.3;-41.2;14.3;-41.1
4865;AL192023;8;28.9;54;42;285;10;14.6;-42.2;14.6;-42.2
4866;AL192023;6;28.8;55;45;290;7;14.9;-42.7;14.8;-42.6
4867;AL192023;9;28.6;55;44;300;7;15.3;-43.3;15.2;-43.2
4868;AL192023;11;28.4;50;36;305;8;15.8;-43.9;15.8;-43.9
4869;AL192023;12;28.5;49;34;310;8;16.3;-44.5;16.3;-44.5
4870;AL192023;11;28.6;49;34;310;7;16.8;-45.1;16.7;-45.1
4871;AL192023;6;28.6;49;37;310;7;17.3;-45.8;17.2;-45.7
4872;AL192023;6;28.6;48;39;300;8;17.6;-46.6;17.6;-46.6
4873;AL192023;10;28.6;48;47;290;9;17.9;-47.6;17.9;-47.7
4874;AL202023;10;29.8;65;79;280;22;12.9;-51;13;-51
4875;AL202023;11;29.7;65;77;275;19;13;-52.5;13;-52.5
4876;AL202023;15;29.7;59;85;280;15;13.2;-54;13.4;-54
4877;AL202023;10;29.9;61;81;280;14;13.4;-55.3;13.4;-55.3
4878;AL202023;7;29.8;60;72;280;12;13.5;-56.4;13.5;-56.4
4879;AL202023;10;29.8;60;71;279;7;13.6;-57.2;13.6;-56.7
4880;AL202023;13;29.9;61;69;285;7;13.7;-57.9;13.8;-57.9
4881;AL202023;13;30;62;64;290;6;13.9;-58.4;14;-58.4
4882;AL202023;11;30;63;61;285;6;14.1;-58.9;14.1;-58.9
4883;AL202023;12;29.9;64;56;290;7;14.5;-59.6;14.5;-59.7
4884;AL202023;15;30;66;57;300;8;14.9;-60.3;14.9;-60.3
4885;AL202023;14;29.9;65;60;325;7;15.6;-60.6;15.6;-60.6
4886;AL202023;11;29.9;64;74;335;9;16.6;-61;16.6;-61.1
4887;AL202023;11;29.8;64;79;335;9;17.5;-61.7;17.5;-61.6
4888;AL202023;18;29.7;65;76;330;9;18;-62.2;18;-62.1
4889;AL202023;17;29.7;63;77;320;8;18.7;-62.8;18.7;-62.8
4890;AL202023;16;29.6;65;77;325;9;19.4;-63.4;19.5;-63.3
4891;AL202023;16;29.4;69;72;325;8;20.2;-63.9;20.2;-63.8
4892;AL202023;16;29.3;66;64;340;9;21;-64;21;-64
4893;AL202023;20;29.2;65;66;350;7;21.6;-64;21.6;-64
4894;AL202023;17;29.1;63;65;15;6;22.1;-63.8;22.1;-63.8
4895;AL202023;19;28.9;59;61;30;6;22.6;-63.5;22.6;-63.4
4896;AL202023;20;28.5;56;44;25;8;23.1;-63.1;23.4;-63.1
4897;AL202023;21;28.3;52;31;30;7;23.6;-62.6;23.9;-62.6
4898;AL202023;22;28.3;52;26;40;7;24;-62;24.2;-62
4899;AL202023;22;28.3;52;26;50;8;24.5;-61.2;24.5;-61.2
4900;AL202023;27;28.5;49;27;55;8;25.1;-60.4;25.1;-60.4
4901;AL202023;27;28.5;49;24;50;11;26.1;-59.4;26.1;-59.4
4902;AL202023;29;28.3;50;21;40;13;27.5;-58.3;27.5;-58.3
4903;AL202023;39;27.8;51;25;20;17;29.1;-57.8;29.1;-57.7
4904;AL202023;41;27;48;6;5;14;30;-58.3;30.3;-58.1
4905;AL202023;36;26;45;0;345;10;30.5;-58.8;30.5;-58.7
4906;AL202023;36;25.7;41;0;320;9;31;-59.5;31;-59.7
4907;AL202023;32;25.5;41;0;310;8;31.5;-60.1;31.5;-60
4908;AL202023;26;25.4;41;0;310;7;31.8;-60.6;31.8;-60.6
4909;AL202023;18;25.2;42;0;305;4;32;-61;32;-61
4910;AL202023;24;25.2;44;0;320;4;32.3;-61.4;32.3;-61.3
4911;AL202023;26;25.1;50;0;335;4;32.6;-61.5;32.6;-61.5
4912;AL202023;29;25;54;0;20;3;32.9;-61;32.9;-61
4913;AL202023;29;24.7;55;0;80;8;33.1;-59.5;33.1;-59.5
4914;AL202023;27;25.2;50;0;90;12;33.3;-58;33.3;-58
4915;AL202023;33;25.4;50;0;100;14;32.8;-56.1;32.8;-56.1
4916;AL202023;34;26;45;0;100;15;32.6;-54.3;32.6;-54.3
4917;AL212023;4;29.4;76;28;305;5;12.2;-83.4;12.2;-83.3
4918;AL212023;5;29.9;77;40;335;7;13;-83.8;13;-83.8